:020000040802F0
:100000008885001089050208756002083D3F0208D6
:100010005D600208F93E0208CD60020800000000A1
:100020000000000000000000000000004104020881
:10003000113F020800000000F90402085D050208F3
:10004000A3050208A3050208A3050208A3050208E8
:10005000A3050208A3050208A3050208A3050208D8
:10006000A3050208A3050208A3050208A3050208C8
:10007000A3050208A3050208A3050208A3050208B8
:10008000A3050208A305020851A30508E5A5050874
:10009000D9A50508A3050208DFA50508A3050208E0
:1000A00051B90508A30502089DB90508A305020872
:1000B000A3050208A3050208A3050208A305020878
:1000C000A3050208A3050208A3050208E1B4050878
:1000D000E7B40508A3050208A3050208A305020862
:1000E00029AF0508A1600208A3050208A3050208BC
:1000F000A305020815BA0508A3050208A30502080E
:10010000A3050208A3050208A3050208EDB405082B
:10011000A3050208A3050208C5B90508EDB905083D
:10012000A3050208A3050208A3050208A305020807
:10013000A3050208C1AD0508A3050208F7A5050837
:10014000EBA50508A3050208F1A50508A30502080B
:10015000A3050208A3050208A3050208A3050208D7
:10016000A3050208A3050208A3050208A3050208C7
:10017000A3050208A3050208A3050208A3050208B7
:10018000A3050208A305020800F002F800F014F924
:1001900014A696E8000CB244B344DA4501D100F04D
:1001A0000BF9BAE80F000FA696E83000A5EB04059E
:1001B00004EB0607AAEB0704A7F101074FEA1515A0
:1001C0004FEA3414A4F10104AC4201D300F0F4F876
:1001D00013F0010F18BFFB1A43F0010300F001F800
:1001E000DBE71847C03F0500F03F0500704710B53A
:1001F000002003F07BF803F00DF810BD17F020BECF
:100200000202035FE877D401000002080000060044
:1002100000000020C0FF01000000000000000000FE
:1002200007614D4334303076330000000000000099
:1002300001000100010000004558540000000000CA
:100240004A616E20313620323032352031373A3132
:10025000363A3436000000000000000000000000C4
:10026000000000000000000000000000000000008E
:10027000000000000000000000000000000000007E
:100280000A444FF0000C10F8013B13F0070408BFBC
:1002900010F8014B1D1108BF10F8015B641E05D05A
:1002A00010F8016B641E01F8016BF9D113F0080F0F
:1002B0001EBF10F8014BAD1C0C1B09D16D1E58BFA1
:1002C00001F801CBFAD505E014F8016B01F8016BD8
:1002D0006D1EF9D59142D6D370470000002300244B
:1002E00000250026103A28BF78C1FBD8520728BF46
:1002F00030C148BF0B6070476E2902F0FC83702943
:1003000001F05B83662909F058A7652909F055A714
:10031000672909F052A7612909F051A703681B0A50
:1003200028BF41F08001692901F08E82642901F023
:100330008B82752901F088826F2902F0B1847829B7
:1003400001F02783E92901F0BB82E42901F0B8829A
:10035000F52901F0B582EF2902F0AE84F82901F009
:1003600026830368DB0928BF41F08001632902F07E
:10037000EA82732902F0EF82E32903F09581F329E1
:1003800003F09A81002070471FB549F0C0FE9DE838
:10039000030001F00BFF02F057FB040000200021D6
:1003A00049F01AFB401C60600020002149F0FEFA71
:1003B000E06002F0B7FE1FBD02F0C8FF1146FFF774
:1003C000E3FF33F0DDFC03F09FFA03B4FFF70FFF08
:1003D00003BC02F02BFB000080F309887047EFF3A9
:1003E00009807047684680F3098804480078C00790
:1003F00014BF0220032080F314887047F803001014
:10040000DFF818C0EFF305831B0618BF6047EFF352
:100410001483DB0708BF604700DF70477D3C060898
:10042000DFF818C0EFF305831B0618BF6047EFF332
:100430001483DB0708BF604700DF7047F53C060800
:10044000EFF30980816911F8021CE1BB90E80F10FD
:1004500010B5E047BDE81040EFF3098C8CE80700C9
:10046000214B93E80600914208BF704741B91EF046
:10047000100F16D11D49086820F00100086010E037
:100480001EF0100F06BF2CED108A0120002081F80D
:1004900038002CE9F00FC1F83CC00CB445F012F95B
:1004A0000CBC1A60D2F83CC0BCE8F00F92F83800DF
:1004B00000280EBF6FF0020E6FF0120EBCEC108A17
:1004C0008CF30988704710B5094A1268914209D81F
:1004D000084C54F8214090E80F10A047EFF3098C26
:1004E0008CE80F0010BD00006C03001034EF00E03A
:1004F00070A2050870A2050810B544F0DDFFBDE844
:100500001040154B93E80600914208BF7047EFF387
:10051000098C1EF0100F06BF2CED108A0120002060
:1005200081F838002CE9F00FC1F83CC00CB445F05C
:10053000C9F80CBC1A60D2F83CC0BCE8F00F92F8C5
:10054000380000280EBF6FF0020E6FF0120EBCECE8
:10055000108A8CF3098870476C03001010B545F0C1
:10056000D5F8CCE710B542F045F945F0CFF8C6E72D
:1005700000487047003000000048704700FC010050
:10058000401EFDD1704700000948804709480047D8
:10059000FEE7FEE7FEE7FEE7FEE7FEE7FEE7FEE733
:1005A000FEE7FEE704480549054A064B7047000090
:1005B000FDB70508890102080000002088850010A9
:1005C00000FC012088550010F7B514466E4600293E
:1005D00014BF0125002588480078E8B100F07AFAB8
:1005E000294630463BF0FAFEC5B2012C0DD18348B6
:1005F0000099834CC0F82610014620684022001D57
:1006000001F02EFC206800F040FE00F06DFA012D94
:1006100002BF002003B0F0BD4FF0FF3003B0F0BDCB
:1006200038B56C460090002914BF0125002572489A
:10063000007860B100F04EFA294620463BF0CEFE2D
:10064000C4B200F051FA012C04BF002038BD4FF0B5
:10065000FF3038BD2DE9F34767480D46E94600787D
:100660004FF0FF37F0B1674E3088D8B100F032FA62
:1006700030880024002888BFDFF88C810FD900BFA4
:10068000C4EBC40008EB4000042249460A3001F0E4
:100690009CFB60B1601CC4B230888442F0D300F08F
:1006A00023FA11E002B04FF0FF30BDE8F087C4EB51
:1006B000C40008EB4000041D00F016FA00271DB12D
:1006C00020682860A088A88002B03846BDE8F0877E
:1006D0002DE9F1434848E8464FF0FF360078E8B18D
:1006E000484D2888D0B100F0F5F92888002400286A
:1006F00088BF454F0FD900BFC4EBC40007EB4000D3
:10070000042241460A3001F060FB58B1601CC4B2BB
:1007100028888442F0D300F0E7F919E04FF0FF3069
:10072000BDE8F883C4EBC40007EB4000041D00F0F3
:10073000DBF906223549204601F047FB58B1062275
:100740003349204601F041FB002818BF002602D0A3
:100750003046BDE8F8834FF0FF36F9E700207047D8
:100760000020704710B5254CFF2120463BF074FC5B
:1007700028484FF4C1634FF0080C0169C4F8061013
:10078000828A6281A3814FF48073E381A4F810C050
:100790004FF0060C84F812C04FF0040C84F813C01C
:1007A000A382C4F8161062838069E06104F120001E
:1007B0003BF045FC0020C4F82600C4F82A00C4F829
:1007C0002E00C4F83200C4F836000D4AC4F83A00CE
:1007D000E08704F1400111602A220A80488010BDA0
:1007E00090F82010202984BF4FF0FF30704710B5DB
:1007F00000F0F5FC002010BD08020010F8200010E9
:10080000000200103E03001060240010C2A1060880
:10081000C8A1060880210010B84A126F02B1104723
:10082000FEE770B50C46B8B10546FFF797FF0646E0
:10083000284600F091FC0644284600F029FA0644B8
:10084000284600F06CFA0644284600F067FC304465
:10085000002C18BF206070BDE120A84AA8A1126F2B
:1008600012B19047002070BDFEE710B5A34C606F39
:10087000002808BF10BD80470028AB49086018BF9A
:1008800010BDE020226FA9A112B1BDE810401047B1
:10089000FEE770B5A44D416F81B1816F974C00297F
:1008A0001FBFC16F0029D0F8800000280DD0606FF5
:1008B000002818D08047286080B114E000218167AB
:1008C000C167C0F8801029600DE0226FE320A7A166
:1008D0001AB190474FF0FF3070BDFEE7226FE02065
:1008E00092A112B19047002070BDFEE710B5D8214B
:1008F000824801F0D5FB8C490020086010BD2DE92D
:10090000F0417E4C8846050007D02A6F2267287880
:1009100050B1E420A0A132B12EE0226FE120ABA1C2
:10092000002A29D1FEE7FEE7B1480078012804D06B
:100930002846FFF755FF20B11AE0E020ADA1DAB953
:10094000FEE7D8216D4801F0ABFB774F0026284623
:100950003E6000F01FFC58B9284600F09FF938B9F6
:10096000284600F0E2F918B9284600F0DDFB40B156
:10097000AA49226FE3205AB190474FF0FF30BDE8FB
:10098000F08141462846FFF7EBFE002875D100E0D4
:10099000FEE72846FFF7E2FE20F0030080444146D0
:1009A000284600F0DBFB002867D1284600F0D4FB86
:1009B00020F0030080444146284600F06BF90028EF
:1009C0005BD1284600F064F920F0030080444146E2
:1009D000284600F0A6F900284FD1284600F09FF9DC
:1009E00020F0030000EB0801284600F099FB0028E6
:1009F00043D1284600F092FBD82229463F4801F017
:100A0000B6FA3E4D2846FFF7ADFE002835D1686F97
:100A100060B1A96F00291FBFE96F0029D5F88010C8
:100A2000002909D08047386068B111E0AE67EE67F1
:100A3000C5F880603E600BE0226FE3204BA10AB155
:100A400090471AE0FEE7226FE02038A12AB19047D4
:100A5000284600F085FB80B900E0FEE7284600F05C
:100A60001BF950B9284600F05EF930B9284600F06D
:100A700059FB002808BFBDE8F0814FF0FF30BDE80A
:100A8000F08170B504000D4616D0FFF767FE0646EC
:100A9000204600F061FB0644204600F0F9F80644C9
:100AA000204600F03CF90644204600F037FB304475
:100AB000002D18BF286070BDE120104A10A1126FF0
:100AC00012B19047002070BDFEE718E70020704784
:100AD0000020704714480068002808BF7047074A84
:100AE000D2F88010926F10470F480068002808BFA6
:100AF00070470249C96F084700687047802100109D
:100B00006970616C5F626173655F6D656D6F72794D
:100B10005F67657473697A652829206E65656473FB
:100B20002061206366670000040200106970616C38
:100B30005F626173655F6869645F74687265616450
:100B40007361666574795F696E697428293A2063F8
:100B5000616E6E6F7420616C6C6F6361746520747C
:100B60006865206D75746578000000006970616CBF
:100B70005F626173655F696E697469616C697365F1
:100B80002829206E65656473206F73616C2066751B
:100B90006E6374696F6E73006970616C5F6261731C
:100BA000655F696E697469616C69736528293A20AB
:100BB000756E737570706F72746564207463702FD6
:100BC000697020737461636B000000006970616C70
:100BD0005F626173655F696E697469616C69736591
:100BE00028293A206D697373696E67206366670010
:100BF000080200106970616C5F626173655F696E05
:100C0000697469616C69736528293A20616C726541
:100C100061647920737461727465640084AB060842
:100C200031B524486C46007838B1234890F82C0040
:100C300018B19DF80000EF2802D04FF0FF3038BD0A
:100C4000FFF748FF204640F0E5F8002814BF0024D5
:100C50004FF0FF34FFF748FF204638BD31B5154847
:100C60006C46007888B1144890F82C0068B1FFF702
:100C700031FF204640F0F6F800280CBF4FF0FF345B
:100C80000024FFF731FF204638BD4FF0FF3038BD5C
:100C900000207047002070470020704790F82D100A
:100CA000062984BF4FF0FF30704710B500F019FBE4
:100CB000002010BD0802001080210010224810B54D
:100CC000406848B12148017801290CD00121017008
:100CD00040F07CFB002010BD1DA1E120FFF79CFD32
:100CE0004FF0FF3010BD24A1E020FFF795FD4FF03D
:100CF000FF3010BD10B5FFF7EDFE40F083FDBDE8FD
:100D00001040FFF7F1BE10B5FFF7E4FE48F02AFDF2
:100D1000BDE81040FFF7E8BE0B4840687047002070
:100D2000704700207047002070470189B1F5C05F0F
:100D300084BF4FF0FF30704710B50021034A117097
:100D400000F027FB002010BD8021001008020010D9
:100D50006970616C5F7379735F7374617274282951
:100D60003A206D697373696E6720636F6E66696799
:100D700075726174696F6E006970616C5F7379730D
:100D80005F737461727428293A2063616E6E6F74A8
:100D900020737461727420616761696E00000000E5
:100DA00008B1062801D900207047F0B515460A465B
:100DB000E64900EB400085B001EBC000A0F118044B
:100DC00050F8080C0A9F1E4698B11046FFF794FE93
:100DD0000346E06820B1984204BF2089A84208D1A8
:100DE0000396ADF808700095D4E904C002AA214624
:100DF000E04705B00020F0BD4107090EC0F3C00276
:100E000041EA0211C0F3001210B541EAC201C0F379
:100E1000401041EA8004CE480078002808BF10BD89
:100E2000FFF758FECB4A0121204648F0BFFCC0B175
:100E3000C64900EB400201EBC20404F8180C002084
:100E400024F8160C44F8140C24F8100C44F80C0C7C
:100E500044F8080C44F8040CFFF746FEA4F118000F
:100E600010BDFFF741FE002010BD70B504001CBF8F
:100E70002078002821D0FFF72DFE6088002518B1CA
:100E8000207848F075FC6580207848F0F1FC064633
:100E90002078AE4900EB400001EBC00000F8185C80
:100EA0002570658065602581E56025616561FFF7D6
:100EB0001BFE002E1CBF002070BD4FF0FF3070BD28
:100EC00070B515460E4604001DBF20780028002D81
:100ED0004FF0FF3008BF70BDFFF7FCFD608820B108
:100EE000207848F045FC002060809849002000BF31
:100EF00000EB400201EBC2025288AA4210D0401C13
:100F0000C0B20628F4D32078294648F073FC10F0CC
:100F1000FF0F05D065806660FFF7E6FD002070BD1D
:100F2000FFF7E2FD4FF0FF3070BD2DE9F04790462E
:100F30000F46040019BF207800284FF0FF30BDE8AD
:100F4000F087FFF7C7FD608850BB20780026454634
:100F5000002818BF002D2DD0FFF7BCFD60884FF092
:100F6000000920B1207848F003FCA4F802907749EA
:100F7000002000BF00EB400201EBC2025288AA42EF
:100F800016D0401CC0B20628F4D32078294648F079
:100F900031FC10F0FF0F0BD065806660FFF7A4FDF9
:100FA000A4F80880E760FFF79FFD0020BDE8F08708
:100FB000FFF79AFDFFF798FD4FF0FF30BDE8F0878F
:100FC00010B5040019BF207800284FF0FF3010BD85
:100FD000FFF780FD00202081E060FFF785FD002005
:100FE00010BD2DE9FF4182B098460C46050004AFC4
:100FF0001CBF2878002828D06888002818BF002C3B
:1010000023D0606800281CBF208800281DD0FFF76F
:1010100061FD208848F0C2FB06001BD02288616871
:1010200000F01EFF2088009028783346424639465B
:1010300048F036FC00280CBF4FF0FF340024FFF7C7
:1010400053FD06B02046BDE8F08106B04FF0FF30FA
:10105000BDE8F081FFF748FD06B04FF0FF30BDE876
:10106000F0812DE9F04383B00C4605001CBF688871
:1010700000283CD0E86800281CBF2889002836D00A
:10108000FFF728FDE86801902878B5F808900DF181
:1010900004084FF0FF3600281CBF6888002820D0C5
:1010A000002C1FBF606800282088002819D0FFF797
:1010B00011FD208848F072FB070010D0228861687B
:1010C00000F0CEFE2088009028783B464A464146F4
:1010D00048F0E6FB00280CBF4FF0FF360026FFF774
:1010E00003FDFFF701FD03B03046BDE8F08303B018
:1010F0004FF0FF30BDE8F083002812BF00294FF009
:10110000FF30704770B516460D460446FFF7E2FC07
:10111000C4E90456FFF7E8FC002070BD00207047CA
:10112000002070470020704710B5044690F830004A
:10113000062884BF4FF0FF3010BD9021034800F017
:10114000AFFF204600F08AF9002010BD58220010A1
:1011500008020010A10D020800207047002070470F
:1011600010B5D0F88C1000291CBFD0F890100029C1
:1011700008D0D0F8941000291FBFD0F8980000289C
:10118000002010BD06A14FF0E100FFF745FB4FF036
:10119000FF3010BD10B500F095F8002010BD000024
:1011A0006970616C5F6574685F6869645F696E69C6
:1011B0007428293A206D697373696E6720657468B5
:1011C0002066756E6374696F6E730000A94890F8AD
:1011D0002200012818BF704700203BF021BA10B54B
:1011E00004464FF4E071A44800F05AFFA34894F875
:1011F0002010C180A249626AB2FBF1F2028194F828
:1012000021200270A26AB2FBF1F14170002010BDF2
:101210009848D0F89C00002808BF70470047002974
:101220001CBF002070473BF059BA10B5954A84B0F6
:101230009069D2E90812CDE902128E4A0090907AA4
:101240008DF8000090480190904890F803C0818884
:1012500083784FEA0C6441EA1C214FEA134C44EABC
:10126000034341EA0C0490F801C0007843EA0C23E0
:1012700044EA1C611843CDE90201D2F88C1068469B
:1012800088477E49487104B010BD7A49D1F898105A
:10129000084710B5774CD4F890008047D4F8880000
:1012A000002808BF10BDBDE81040004710B5714CC4
:1012B000D4F88400002818BF8047D4F89400BDE813
:1012C000104000476D4902694A61808A0883002006
:1012D0007047684991F82C10012918BF704742F0F7
:1012E000DBBB654A0021664BC2F8C011C2F8C411CD
:1012F000C2F8C811C2F8CC11C2F8D011C2F8D4118A
:10130000C2F8D811C2F8DC11C2F8E01142685B499A
:10131000B3FBF2F290F82D00488192B24CF6CD402A
:101320005043800C887000207047062806D2584928
:1013300001EB4011F030C0B2FFF76EBA55A1E020CA
:10134000FFF76ABA10B540F071F84A4C94F82C00D7
:10135000012808BF40F07CF894F82F00012808BF4E
:1013600040F09EF894F82200012818BF10BD00201C
:10137000BDE810403BF054B910B544F04BFA3D487D
:1013800090F82C00012818BF10BDBDE8104044F0B3
:1013900099BA2DE9F041384D00260446C5F8E461BC
:1013A000C5F8E861C5F8EC61C5F8F061C5F8F4610D
:1013B000C5F8F861C5F8FC61C5F80062C5F80462BB
:1013C000C5F80862C5F80C62C5F81062C5F8146269
:1013D000C5F818624FF4C05105F50870C5F81C62D5
:1013E00000F05EFE05F5C057C022C7F82862C7F8B6
:1013F0002C62A169C5F8E411E169C5F8EC1105F5A5
:10140000F271A8230A734B738E734FF0FE0C81F8B0
:101410000FC00A744B748E7481F813C00A714B713B
:10142000184A8E7181F807C0D2E90012C7E9881204
:1014300012480121124AC170218901616168B2FB21
:10144000F1F18181C6810020BDE8F081094991F860
:101450002F10012918BF704742F05EBB10B504463B
:101460004821124800F01CFE044894F83010017125
:10147000002010BD802100106024001038030010EF
:1014800040420F0020A4060828A406084C030010C0
:1014900048A40608756E6B6E6F776E20737973744F
:1014A000656D206572726F7200000000903E001042
:1014B000004870470041001070B5A0FB0140B4F136
:1014C000805170F1000024BF002070BD204600F064
:1014D000E5FE05001CBF214600F0C0FD284670BD9A
:1014E00070B516460D46041F002808BF70BD002EBB
:1014F0001CBF05F10800AFF300802B465868002898
:1015000018BFA04238BF0346F8D31968CA18A242D0
:1015100018BF5C6003D122681C4611441960216821
:101520000A19824218BF606004D142686260006894
:1015300008442060002E1CBF05F10800AFF30080B6
:1015400070BD10B5044600F014FE01682046BDE8E9
:1015500010400122C4E70844401E491E88437047DA
:101560000821001DF7E72DE9F0410F468046041FD2
:1015700000F0FFFD066807B3B8F1000F384622D02F
:10158000FFF7EEFFB84205463CBF0020BDE8F08102
:1015900006F10800AFF300802268AA4238BF314646
:1015A00015D3511B082931D36019002240F8041BC0
:1015B00031462560FFF794FF28E04046FFF7C1FF62
:1015C0000020BDE8F081BDE8F04100F067BE48684A
:1015D000002818BFA04238BF0146F8D31319834230
:1015E0001BD103681A44954217D8531B082B0AD302
:1015F000436862195360236800681844401B1060F8
:1016000025604A6002E022604068486006F10800F8
:10161000AFF30080201DBDE8F0810022314638463E
:1016200000F0FBFD05000AD041462068021F284655
:1016300000F09DFC00223146201DFFF751FF06F10E
:101640000800AFF300802846BDE8F08153EA020CA1
:1016500000F069802DE9F04B4FF00006002B1FBF12
:10166000B3FA83F503FA05F424FA05F65E4012BFD7
:101670001643B2FA82F502FA05F4C5F120051EBF41
:1016800022FA05FC44EA0C04203556EA044C4FEAE1
:10169000144418BF641C4FF000084FF0000990423A
:1016A00071EB030C39D3002919BFB1FA81F701FAA4
:1016B00007F6B0FA80F700FA07F6C7F120071EBF59
:1016C00020FA07FC46EA0C062037B6FBF4FCA7EB31
:1016D0000507103F07F01F0BCBF120062CFA06F68A
:1016E0000CFA0BFB44BFB3460026202FA4BF5E4676
:1016F0004FF0000B5BEA060C08BF4FF0010B19EB33
:101700000B0948EB0608ABFB027C06FB02CC0BFB8B
:1017100003CCC01B71EB0C01C1E70B4602464146EE
:101720004846BDE8F08B13B5084318BF4FF0FF30B3
:101730000146AFF30080BDE81C4070470FB41CB5F4
:10174000084B06AA7B4469460090059801F0D1F841
:1017500004460020694601F0DFF820461CBC5DF815
:1017600014FB0000D11100000FB41CB50C0007AA37
:10177000009007D04142A14202D32044401E01E024
:101780004FF0FF30074B7B4469460190069801F00B
:10179000B0F80021002C01D0009A11701CBC5DF83B
:1017A00014FB00009911000070B5044685690068BB
:1017B000C10601D5302600E02026C00707D070BD45
:1017C000D4E9012130469047206A401C20626D1EFA
:1017D000F6D570BD70B5044685690078C00707D19D
:1017E00070BDD4E9012120209047206A401C20626E
:1017F0006D1EF6D570BD70B50C460546012A05D0A4
:101800002878800600D5EA69002302E0012305E07C
:101810005B1C934202D2E05C0028F9D1A869E6186B
:10182000C01AA861286A184428622846FFF7BCFF3E
:1018300004E0D5E9012114F8010B9047B442F8D334
:101840002846FFF7C7FF70BD2DE9F041064600248A
:1018500010687529314616A510D001F03AF9002814
:1018600002DA404213A507E031688A0701D512A5C4
:1018700002E0490704D511A5012401E001F032F985
:1018800000210A2206F1240709E0B0FBF2FCB0FBBC
:10189000F2F302FB1C00303078541846491C002833
:1018A000F3D123462A463046BDE8F04100F0B4BDEE
:1018B000000000002D0000002B00000020000000B0
:1018C0002DE9F0418046D21D22F007020025D2E921
:1018D0000002F52915A614D0011E72F1000106DAE6
:1018E0000023D0EB030063EB020211A608E0D8F856
:1018F00000108B0701D50FA602E0490701D50EA6FF
:1019000001251146002408F1240704E000F03AFD07
:1019100030323A55641C50EA0102F7D12B46324668
:1019200021464046BDE8F04100F076BD00000000D1
:101930002D0000002B00000020000000F0B40D4638
:101940000188090502D5214C7C4402E01F4C7C44EF
:101950000E34002100F1240608E002F00F071209FE
:10196000E75D42EA03721B097754491C52EA0307F8
:10197000F3D102780023120704D5702D06D009B1E7
:10198000022311342246F0BC00F046BD012310347E
:10199000F8E770B504460D462146106801F0A2F83C
:1019A000024629462046BDE870400023C6E7D21D06
:1019B00022F00703D3E90023C0E70368126843F06D
:1019C000200303600823C3610023B7E72E910400BE
:1019D0002DE9F05F894604464FF0000ADFF874B144
:1019E000FB44C0F820A02046E1688847002874D056
:1019F000252806D0D4E901219047206A401C2062A6
:101A0000F1E700265F462046E16888472028054622
:101A100007DB312D05D2781910F8200C08B10643E8
:101A2000F1E7B00701D526F00406C4F81CA0002792
:101A3000C4F818A02A2D09D028463AF051FB38B333
:101A400004EB8708303DC8F8185019E059F8041B1A
:101A5000204604EB87029161E1688847012F054623
:101A600018D1E069002820DA26F020061DE0D8F819
:101A7000180000EB800005EB40003038C8F8180073
:101A80002046E168884705463AF02AFB0028EED157
:101A9000012F0AD02E2D08D12046E16888477F1CEF
:101AA0000546022F46F02006C4DBA069002803DAB1
:101AB000404246F00106A061F00701D026F0100672
:101AC0006C2D0BD0682D09D04C2D39D06A2D35D016
:101AD000742D35D07A2D33D016E038E0E1682F46EA
:101AE00020468847B842054609D16C2F26D04FF4CE
:101AF0008060E168064320468847054604E06C2F75
:101B00001AD04FF4807006430DB3A5F14100192897
:101B100002D8203546F400664A462946204626600B
:101B20004E46FEF7E9FB80B101280BD0F61D26F0EA
:101B3000070000F1080956E74020E4E78020D8E7D5
:101B40000020D6E706F104094DE7284652E7206A4F
:101B5000BDE8F09FBE9004000FB400B58DB010A991
:101B6000099000910B904FF0FF300A9000200C90EC
:101B7000064878440690064878446A4607900F99CC
:101B800009A800F001FF0DB05DF814FB330E000052
:101B90004B0E00002DE9FF5F1D464FF0FF3B9146C5
:101BA0004FF000085F46D5E90146A96901987F1CFE
:101BB0008847296A824688470028F6D1BAF1FF3F54
:101BC0000CD0002E24F4C06419DD600614D5BAF1DF
:101BD0002B0F09D0BAF12D0F0ED103E0584604B0F7
:101BE000BDE8F09F44F48064A96901987F1C884790
:101BF000761E8246002E02DDBAF1300F03D0B9F115
:101C0000000F26D032E0A969761E01987F1C44F4AB
:101C100000748847002E824605DDBAF1780F06D0A1
:101C2000BAF1580F03D0B9F1000F10D01EE0B9F18E
:101C3000000F02D0B9F1100F18D1A969761E0198D2
:101C40007F1C24F4007488478246102002E008209C
:101C500000E00A20814609E0A96908FB0908761E10
:101C600001987F1C44F4007488478246002E05DDED
:101C70004946504600F073FE0028EDDAE969019804
:101C80008847A00502D46FF00100A8E7E00725D13E
:101C9000600613D5600502D5C8F1000000E040469B
:101CA00029680A1D2A600968220501D5087015E017
:101CB000220701D5088011E008600FE02868011DA7
:101CC00029600068210502D580F8008006E0210720
:101CD00002D5A0F8008001E0C0F8008038467EE719
:101CE0002DE9FF5F4FF0000899461446464691697A
:101CF000D2E901A7DDF838B001988847054659EACE
:101D00000B0005D009E0A1690198761C88470546BB
:101D1000216A284688470028F5D1681C03D05FEA6D
:101D2000CA7005D015E04FF0FF3004B0BDE8F09F59
:101D30002068011D2160D0F800800AE05FEACA70C7
:101D400001D108F8015BA169761C01987F1E8847C4
:101D50000546002F1ADD681C18D0B9F1000F0DD010
:101D6000E81705EBD060421120F01F0059F822104F
:101D70002A1A012090400142E0D107E0BBF1000F98
:101D8000DCD12846216A88470028D7D0E16901982C
:101D90008847BBF1000F07D1002E05DD5FEACA704E
:101DA00002D1002188F80010A068B84203DDBBF121
:101DB000000F03D017B16FF00100B6E73046B4E76B
:101DC0000B460146184600F01ABE40EA010310B562
:101DD0009B070FD1042A0DD310C808C9121F9C42BB
:101DE000F8D020BA19BA884201D9012010BD4FF0AD
:101DF000FF3010BD1AB1D30703D0521C07E00020FA
:101E000010BD10F8013B11F8014B1B1B07D110F856
:101E1000013B11F8014B1B1B01D1921EF1D1184659
:101E200010BD10B5431C02E010F8011B71B1810711
:101E3000FAD14FF0013202C88C1A8C4314EAC21155
:101E4000F9D0C01A0A0603D0C01E10BDC01A10BDBA
:101E50000A0401D0801E10BD0902FCD0401E10BD36
:101E6000032A40F2308010F0030C00F0158011F8C6
:101E7000013BBCF1020F624498BF11F801CB00F89E
:101E8000013B38BF11F8013BA2F1040298BF00F8F2
:101E900001CB38BF00F8013B11F0030300F067806D
:101EA000083AC0F0088051F8043B083A51F804CBD6
:101EB000A0E80810F5E7121D5CBF51F8043B40F89C
:101EC000043BAFF30080D20724BF11F8013B11F8A7
:101ED00001CB48BF11F8012B24BF00F8013B00F8EB
:101EE00001CB48BF00F8012B7047431A28BF9A4224
:101EF0007FF6B6AF10441144032A40F2268010F05A
:101F0000030F1EBF11F8013D521E00F8013D10F0F5
:101F1000030F7FF4F6AF11F0030300F06D80083A71
:101F2000C0F00B8051F8043D083A51F804CD40F858
:101F3000043D40F804CDFFF7F3BF121D5CBF51F81C
:101F4000043D40F8043DAFF30080D20724BF11F8F0
:101F5000013D11F801CD48BF11F8012C24BF00F854
:101F6000013D00F801CD48BF00F8012C704710B5C5
:101F7000203AC0F00B80B1E81850A0E81850B1E842
:101F80001850A0E81850203ABFF4F5AF5FEA027C81
:101F900024BFB1E81850A0E8185044BF18C918C0B1
:101FA000BDE810405FEA827C24BF51F8043B40F852
:101FB000043B08BF7047D20728BF31F8023B48BF37
:101FC00011F8012B28BF20F8023B48BF00F8012B75
:101FD0007047431A28BF9A427FF6C9AF1044114494
:101FE00010F0030F1EBF11F8013D521E00F8013D15
:101FF00010F0030F7FF4F6AF103AC0F00A8010B56E
:1020000031E9185020E91850103ABFF4F9AFBDE893
:102010001040530724BF31E9081020E9081044BFDD
:1020200051F8043D40F8043D12F0030F08BF70471B
:10203000D20728BF31F8023D48BF11F8012C28BF54
:1020400020F8023D48BF00F8012C704702F0FF0362
:1020500043EA032242EA024200F002B84FF00002D3
:102060000429C0F0128010F0030C00F01B80CCF1AA
:10207000040CBCF1020F18BF00F8012BA8BF20F818
:10208000022BA1EB0C0100F00DB85FEAC17C24BF6C
:1020900000F8012B00F8012B48BF00F8012B704716
:1020A0004FF0000200B5134694469646203922BFF1
:1020B000A0E80C50A0E80C50B1F12001BFF4F7AF3C
:1020C000090728BFA0E80C5048BF0CC05DF804EB1E
:1020D000890028BF40F8042B08BF704748BF20F88C
:1020E000022B11F0804F18BF00F8012B7047000041
:1020F00030B44FF0013C50F8042B51F8043BCCFABB
:1021000052F4D51A20D1FCB950F8042B51F8043BF5
:10211000CCFA52F4D51A17D1B4B950F8042B51F8AF
:10212000043BCCFA52F4D51A0ED16CB950F8042BFA
:1021300051F8043BCCFA52F4D51A05D1002CDAD070
:1021400030BC4FF00000704729BAB1FA81F111F0AC
:102150001801D1F120008440F2D1CA40CB4012F0E6
:10216000FF0213F0FF0330BCD01A7047704770476E
:10217000704710B5FFF79CF9083010BD70477047E5
:102180007047704738B504460A4600206946AFF3E9
:102190000080002808BF38BD02460099204600F0A4
:1021A0006DFC012038BD012001F0C8B8F8B5AFF3CF
:1021B0000080054600200C460C2000BF0646A819EA
:1021C000A0420DD9324669460020AFF300800700D7
:1021D00008BF01F0B3F80098A04218BF0546C41923
:1021E000FFF7C7FF05600746F01D20F007004619FE
:1021F000284600F033FCB44208BFF8BDA21B3146AC
:102200003868BDE8F84000F039BC0844401E491E5B
:10221000884370470821001DF7E72DE9F041174674
:102220000E460446FFF7F6FFA042054633D9002FBD
:102230001CBF06F10800AFF3008030467468F4B1AB
:102240002168A94217D305F1080291423CBF616899
:10225000416007D3626861194A602268521B0A60B4
:1022600041602560002F1CBF06F10800AFF300801D
:10227000201DBDE8F08120466468002CE0D129468D
:102280003046FFF77FFF0028D7D1002F1CBF06F193
:102290000800AFF300800020BDE8F08110B50446CF
:1022A000FFF767FF01682046BDE810400122B4E750
:1022B0000844401E491E884370470821001DF7E767
:1022C0002DE9F04791460C468046FFF752FF06681D
:1022D000604234EA000001D1042C02D20520BDE89E
:1022E000F087601E40F007074846FFF7E6FF4845C5
:1022F00005469CBF0620BDE8F08706F10800AFF355
:10230000008074683046002C2FD02368211D49427C
:1023100007EA0102934224D9991A8D4221D84AB181
:10232000214614440B689B1A23604B6863600A6063
:1023300041600846226805F108018A4205D3611907
:10234000521B0A602560416008466168416006F1E1
:102350000800AFF30080241D0020C8F80040BDE84D
:10236000F08720466468002CCFD129463046FFF71D
:1023700009FF0028C5D106F10800AFF30080062050
:10238000BDE8F08730B5B0F10A0271F100034FEA01
:10239000900E4EEA817EB0EB0E0061EB91014FEAA8
:1023A000101E4EEA017E10EB0E0041EB11114FEAB8
:1023B000102E4EEA016E10EB0E0041EB11214FEA98
:1023C000104E4EEA014E10EB0E0041EB1141401849
:1023D00041F100014FEAD00040EA41704FEAD101DB
:1023E0004FEA810444EA907410EB800544EB010449
:1023F0006D1944EB0404521BA3414FF0000348BF86
:102400000A3200D530BD401C41F1000130BD0B4601
:102410000146184601F02EBD2DE9F0470D469946BC
:102420009246044600F124080168880604D5E06954
:1024300021F01001216000E00120A84201DD471BCE
:1024400000E00027A1697A1902EB0900081AA061CF
:102450002078C00602D42046FFF7A6F9002608E03F
:10246000D4E901211AF806009047206A401C761C26
:1024700020624E45F4DB2078C0060AD52046FFF7DF
:1024800093F906E0D4E9012130209047206A401CEE
:102490002062381EA7F10107F4DC07E0D4E901212E
:1024A00018F805009047206A401C2062281EA5F1FC
:1024B0000105F3DC2046FFF78DF92078000602D5F0
:1024C0000220BDE8F0870120FBE72DE9FF4F0C4615
:1024D0001E464FF0FF378BB0D2E90001DDF8608077
:1024E0000A908A46C1F30A5505B93D4600210846BF
:1024F0004FF00000BAF1000F00F4400005DA00EBE5
:1025000080004FF4400101EA50004FEA9059B9F1C0
:10251000010F00DDB9460A9850EA4A000ED044F691
:102520001050A5F2FF3545432F14B8F1000F1ED00F
:102530007542291E1EDDC9F100021CE0B8F1010F31
:102540004FF0000001D0302103E0F24305E02154B8
:10255000401CB042FBDB30460022002121540B9985
:10256000C1F80880C1E900200FB0BDE8F08FBD1BA5
:102570006D1CDEE74A4600DA694206A800F060FDFD
:1025800006AB93E8070003AB83E8070050460A99BF
:1025900037F0A6FA8DE80700A0F500501F3800902C
:1025A0000398002D0ADD42F21F014A460844002329
:1025B00003A90390684637F00FFD09E0A0F500502D
:1025C0004A461F38002303A90390684637F019FDD7
:1025D0008DE807000004000C03D04FF0FF304108E5
:1025E00000E01046B8F1000F03D00022009215461B
:1025F0001EE0751E05D4FFF7C5FE303262556D1E14
:10260000F9D5B3460122084302D000227F1C04E022
:102610002078302801D100227F1E002A099784D01B
:102620001DE0112D07DAFFF7ADFE303262556D1C4B
:1026300050EA0102F5D1084302D00098C8B10EE07B
:102640000021681E05E0235C625C63542254401E36
:10265000491C8142F7DBAB46A81B401E09900020B5
:1026600004F80B000B98099AC0F80880C0E9002B09
:102670007AE711264FF0000857E72DE9F04F88461A
:102680000446D21D22F0070191B0D1E90001CDE945
:102690000A0139F0E9FC02460B98C00F01D02D2049
:1026A00007E02068810701D52B2002E0202101EA04
:1026B000C000032A099001D0072A05DB03464146E2
:1026C000204600F02DFA0BE12078800601D5E06964
:1026D00000E00620B8F1650F814606D0B8F1660F1C
:1026E00018D0B8F1670F70D131E00020B9F1110FA7
:1026F000009001DB112301E009F101030AAA01A9FD
:102700000CA8FFF7E2FEDDE90C70002609F10105D7
:10271000834647E001204B4600904FF000470AAA4D
:1027200001A90CA8FFF7D1FEDDE90DB00C995D46BB
:10273000002610B909F101000D18B9EB050003D40A
:10274000C0F1FF3609F10105A5EB09002BE0B9F155
:10275000010F01DA4FF001090020B9F1110F0090CB
:10276000484601DD112300E003460AAA01A90CA88E
:10277000FFF7ABFEDDE90C704D460026834620785E
:1027800000070AD4AB4500DA5D4601A8012D04DD3F
:10279000411911F8011C302907D04F4502DA17F111
:1027A000040F04DA012082460FE06D1EEEE7002FD1
:1027B00002DCED1B3E4403E0781CA84200DD7D1CDA
:1027C000B81B00F1010A4FF000472078000703D43E
:1027D000AA4501DB4FF0FF3A0021B7F1004F0DF1A0
:1027E00043088DF8431024D002202B23002F01DA58
:1027F0007F422D230A21021EA0F1010000DC5FB1FF
:1028000097FBF1FC97FBF1F201FB1C7C17460CF1E6
:10281000300C08F801CDEEE7A8F101000370218823
:10282000090501D5452100E06521A0F1010800F866
:10283000011C09980FA9A1EB0807FF1D00B1012099
:10284000411901EBEA70A1693844081A401EA061E1
:102850002078C00602D42046FEF7A6FF099828B1CA
:10286000D4E901219047206A401C20622078C006EC
:1028700022D52046FEF798FF1EE0002E04DBB3456C
:1028800002DD01A8805D00E03020D4E901219047FD
:10289000206A401C2062761CAAF101005FEA000A4F
:1028A0000AD100F0D1F8C0680168405CD4E9012188
:1028B0009047206A401C2062281EA5F10105DCDC3F
:1028C00007E0D4E9012118F8010B9047206A401C69
:1028D0002062381EA7F10107F3DC2046FEF77AFFDD
:1028E000032011B041E6000001694A1C026108782A
:1028F000704700B58FB0CDE9013100210591054940
:102900007944CDE9031011466846FFF761F80FB02E
:1029100000BD0000E5FFFFFF0A6802F8010B0A6036
:102920007047D1E900239A4202D2531C0B60107009
:10293000704710B5436913B1AFF3008001E0FEF7B3
:102940005AFF012010BD127800F124010A70002204
:102950004A700122EDE711684FF0FF32E9E73A28AB
:1029600000D2303820F02002412A01D3A2F13700F2
:10297000884201D34FF0FF307047000002681144D5
:102980001378016018467047D16005497944516158
:1029900004497944116200211161114600F096B991
:1029A000EDFFFFFF2B010000426842B1016811F802
:1029B000013B23B1521EC0E90012184670470121A5
:1029C000C160881E704742685AB1C368016843B944
:1029D00083688B4205D0491E521CC0E900120020BA
:1029E00070474FF0FF30704710B5002000F09FFC9B
:1029F000FDF7FDFBBDE81040012000F017B82DE900
:102A0000F041074615460E461020FFF747FC04002C
:102A10000AD06760C4E9026500F01BF80168216014
:102A200004600020BDE8F0810120FBE70149182087
:102A3000ABBEFEE72600020010B500F005F8001D51
:102A400010BD00BF956F040010B5FEF731FD2030BA
:102A500010BD10B5FEF72CFD383010BD002140F838
:102A6000041B40F8041B15F0F7B90C207047801ABE
:102A70000844401E491E88431044704770B51446F0
:102A800005468C464368002B18BF634538BF18467F
:102A9000F8D302681044604508D0664660460422B8
:102AA0000821FFF7E4FF811B8446641A2946CCF80D
:102AB0000040BDE8704000220CF10400FEF710BD9C
:102AC00010B50446FFF7B8FF0068005D00F0010094
:102AD00010BD09684A0501D540B27047C905FCD54B
:102AE00000B2704709684A0501D5C0B27047C905F0
:102AF000FCD580B2704711680268006A530501D5A1
:102B000008700AE0D30501D5088006E0130603D556
:102B1000C217C1E9000200E0086001207047000010
:102B20002DE9F0411F46044603260168072A01F4F7
:102B3000006004DB08B116A505E016A503E008B1A6
:102B400015A500E015A521F010002060A069C01EA9
:102B5000A0610FB1401EA0612046FEF725FE4FB1D7
:102B6000D4E9012138469047206A401C2062C01CED
:102B7000206206E0206AFAE7D4E9012115F8010B8A
:102B80009047761EF8D22046FEF724FEBDE8F0817D
:102B90004E414E006E616E00494E4600696E660001
:102BA0002DE9FF5F15468A460446DFF8AC80F844FD
:102BB0000027D8E900103E46CDE9001010E03AF8B1
:102BC00016106A4602A800F07BFE411C07D021784F
:102BD000890603D5E269391891420DD80744761C5D
:102BE0002078800602D5E069B84205DDAE42E6DB1A
:102BF0003AF816000028E2D1A069C01BA061204667
:102C0000FEF7D2FDD8E90010CDE90010002017E052
:102C10003AF818106A4602A800F052FEB0F1FF3FE1
:102C200081460BD000250DF1080B05E0D4E9012108
:102C30001BF8050090476D1C4D45F7D308F10100C6
:102C4000B0428046E4DB206A384420622046FEF72A
:102C5000C1FDBDE8FF9F0000027F040030B40021E9
:102C600000F1240408E002F00705D208303542EAFA
:102C70004372DB086554491C52EA0305F3D104682A
:102C8000002310A2250708D504F020040C4304D02B
:102C9000C46901230CA2641EC46130BCFFF7BCBB35
:102CA00010B5044621461068FFF71CFF0246204677
:102CB000BDE810400023D1E7D21D22F00701D1E981
:102CC0000023CBE700000000300000002DE9F34FA7
:102CD0004FF0000A0C4656468DB001200C9001F1D1
:102CE0000C000B9062690B9801219047051E2DD0B6
:102CF000252D2CD0216A8847C0B162690B9801212B
:102D00009047216A88470028F7D16269411E0B98D5
:102D1000904700E0761CA1690D988847216A884792
:102D20000028F7D1E1690D988847DBE7A1690D9884
:102D30008847A842074601D1761CD3E7E1690D9880
:102D400088477F1C02D1BAF1000F6FD06BE1626936
:102D50000B9800273D46394690472A2804D16269DE
:102D60000B98012190470125DFF8D08262690B980A
:102D700001219047A0F130010A290AD24745E5DC3C
:102D800007EB870100EB4107303FDFD445F010052A
:102D9000ECE7E90601D46FF000476C280AD04C2814
:102DA00014D0682815D06A280DD074281CD07A2831
:102DB0001AD01DE062690B98012190476C2802D05F
:102DC00045F0040514E045F002050DE045F020054E
:102DD0000AE062690B9801219047682802D045F00B
:102DE000080505E045F4006562690B9801219047EC
:102DF000C4E9015765283DD019DC58287AD00CDC8D
:102E0000452837D004DC252826D041289ED131E042
:102E100046282FD0472899D12CE05B2877D061280D
:102E200028D063287CD0642823D15AE0F6E06F28AC
:102E300048D008DC66281DD067281BD0692821D01F
:102E40006E2816D127E0702845D0732868D07528E1
:102E500047D078280DD14DE0A1690D9888472528E5
:102E600005463FF469AFE1690D9888476D1C3FF452
:102E70006AAFD8E00D9923466A466FF00100AFF3C0
:102E80000080C5E045F0400023464FF0000260603E
:102E9000A80736D43EE0E8077FF447AF2068011D5D
:102EA00021600068290501D506701BE7290701D5B7
:102EB000068017E7A90703D5F117C0E9006111E7FC
:102EC00006600FE745F0400023464FF008026060BF
:102ED000A80716D41EE040F60E0125EA0100606046
:102EE00016E045F0400023464FF00A026060A80754
:102EF00007D40FE045F040006060A80708D52346DE
:102F000010220D996FF00100AFF3008080E007E020
:102F1000102223460D996FF00100FEF73BFE77E08B
:102F20004FF0000963284F46C8464B46CB4602D0B7
:102F30005B2806D038E0E80601D40120A060012714
:102F400032E06269D4F80CB00B98012190475E28FA
:102F500007D14FF0010949466269D4F80CB00B98CB
:102F60009047216939B900210A4603AB43F8212073
:102F7000491C0829FADBD8B3216949B308F10108D3
:102F800062690B98012190475D28F4D1B9F1000FD7
:102F900009D0002003A951F82020D24341F8202075
:102FA000401C0828F7DB03AB2069002820794FEA92
:102FB00040701ED05B462246CDF80080CDE90197D7
:102FC0000D9900286FF0010020DAAFF300801FE0B8
:102FD000C11703AA00EBD1614B1121F01F0102EBD5
:102FE0008302411A13680120884003431360C7E736
:102FF00019E00D99224600286FF00100009702DACF
:10300000AFF3008004E0FEF76BFE01E0AFF3008059
:1030100000280ADA401C06D10C9820B14FF0FF308E
:103020000FB0BDE8F08F5046FAE7E90701D10AF189
:10303000010A064400200C9054E60000CCCCCC0CD5
:103040002DE9F047814616468AB0354878440DC8C8
:103050008DE80D0032487844801C03AC0DC884E82C
:103060000D0041F69B300844372190FBF1F290FBB4
:10307000F1F5A5F1800501FB12041B3C02D5644269
:10308000012000E00020DFF898A080460027FA44E5
:10309000AAF1BE0A0EE0E0070AD03246684607EB06
:1030A000470101230AEB810136F0ABFF8DE80700F1
:1030B00064107F1C002CEED1194F7F44AE3F19E005
:1030C000E80715D007EB04100DF1180A90E80E0080
:1030D0008AE80E00C068F04201D198190890324683
:1030E000012306A903A836F08CFF03AB83E8070091
:1030F0006D10641C002DE3D14FF001033246694688
:10310000B8F1000F03A802D036F066FF01E036F0F8
:1031100078FFC9E90001C9F808200AB0BDE8F087C6
:10312000E87A040010B565485421FEF7B9FF6448F9
:103130005421FEF7B5FF63485421FEF7B1FF624802
:103140005E49624A624B01605D4810605D4A1A60E8
:10315000431C0B65511C01650120106557484C301C
:1031600014F07AFE56484C3014F076FE55484C3038
:1031700014F072FE574814F06FFE58484F4A56A19B
:10318000784400F051FB20B9544878440A3800F0E4
:10319000E1FB54484A4A52A1784400F045FB20B96B
:1031A000504878440A3800F0D5FB4F48454A4CA1B6
:1031B000784400F039FB20B94B4878440A3800F0D5
:1031C000C9FB40233D48DC000021224600F09EFA66
:1031D00020B142487844543800F0BCFB38482246BD
:1031E0004023002100F092FA20B13E487844543840
:1031F00000F0B0FB334822461023002100F086FA8D
:10320000002806D038487844BDE81040563800F011
:10321000A1BB10BD2B482DE9F041006D2D4E20F0D3
:1032200001043046AFF30080244D4C352846AFF3FF
:103230000080224800F044FA2846AFF30080284678
:10324000AFF300801E4D4C352846AFF300801C487C
:1032500000F036FA2846AFF300802846AFF300802E
:10326000184D4C352846AFF30080164800F028FA78
:103270002846AFF300802846AFF3008014E0206DAD
:1032800020F0010504F14C000746AFF30080204612
:1032900000F016FA3846AFF300803846AFF30080EE
:1032A0002046FEF74EF92C46002CE8D13046AFF30D
:1032B00000800848AFF30080BDE8F0816041001055
:1032C000B441001008420010EC040010F00400109B
:1032D000F4040010F804001072000000CC7904001F
:1032E00077000000B8790400A47904002DE9F041CA
:1032F0000646FFF7AEFB8046454613E016B1E06890
:10330000B0420ED120682860D4E90101D8F80070DD
:1033100088472046FEF715F9D8F80000B842EBD1EF
:1033200000E025462C68002CE8D1BDE8F08110B5FE
:1033300000F0F8FABDE8104000F0EFBA10B500F068
:1033400011FBBDE8104000F0E8BA70477546FEF783
:10335000AFF8AE4605006946534620F007008546A3
:1033600018B020B5FDF71EF9BDE820404FF000066B
:103370004FF000074FF000084FF0000BAC46ACE8F0
:10338000C009ACE8C009ACE8C009ACE8C00921F04C
:1033900007018D46704700002DE9F04F04460D46A9
:1033A000D21D22F0070089B0D0E90097484639467F
:1033B00038F05AFE0246F80F01D02D2307E02068AE
:1033C000810701D52B2302E0202101EAC0038DF8FB
:1033D00020300BB1012000E00020032A824601D0FA
:1033E000072A04DB29462046FFF79AFB3FE12078B5
:1033F000800601D40D2500E0E569C7F30A560D2DBE
:1034000049DA00214FEA175B08464FF00000002F11
:1034100000F4400007DA00EB80004FF4400100EBBD
:10342000D07001EA60008115012901DD4FF0FF3104
:1034300000224FEA850CBCF1180F06D31346ACF1FD
:1034400018004FF08052C24003E04FF4801323FA7B
:103450000CF30CF10C0CBCF1200F04D3ACF1200CDC
:1034600009FA0CF001E007FA0CF000294FF00048CF
:1034700001DD18B90FE00ED140450CD319EB02095C
:103480005F4121B9404502D19F4329EA0209BBEBC4
:10349000175F00D0761C2088000502D57B48784451
:1034A00002E07A487844193808AA302302F80A3032
:1034B000037C0AF10101002E0AF1020A53546A4604
:1034C00002DC4FF0300101E04FF031014FF0010814
:1034D0008DF8001002D0A6F2FF3603E059EA47014A
:1034E00000D06B4E002D02DC2178090704D54FF087
:1034F00002082E218DF80110C44600210BE0C7F30D
:1035000003433F01C35C491C6D1E02F808300529C6
:1035100008F1010801DA002DF1DC00210CE000EBDC
:103520001973491C1B786D1E082902F808304FEAF0
:10353000091908F1010801DA002DF0DC21688B0679
:1035400002D516E0A8F10108E04505DD02EB08030D
:1035500013F8013C302BF5D0B8F1000F09DD02EB78
:10356000080313F8013C2E2B03D1090701D4A8F15D
:103570000108002D05DD3E2102F808106D1E08F13E
:103580000108407C002E02F8080008F1010804DA66
:103590002D20764202F8080002E02B2002F80800F5
:1035A0000A214FF47A70864208F101080BDB96FB82
:1035B000F0F3303302F8083096FBF0F308F101081D
:1035C00000FB136601E0642E0CDB642096FBF0F335
:1035D000303302F8083096FBF0F308F1010800FBE5
:1035E000136601E00A2E06DB96FBF1F0303002F89C
:1035F000080008F1010896FBF1F001FB1060303083
:1036000002F80800A16908F1010808EB050202EBC5
:103610000A00081AA0612078C00602D42046FEF7EE
:10362000C3F8216A08AE01EB0A00206204E0D4E985
:10363000012116F8010B9047BAF1010AF7D2207860
:10364000C00602D52046FEF7AFF86E4609E016F830
:10365000010B3E280FD0D4E901219047206A401C7D
:103660002062B8F10108F2D22046FEF7B3F809B0A3
:103670000320BDE8F08F206A2844206203E0D4E9EB
:103680000121302090476D1EEBD3F8E7CD76040082
:1036900002FCFFFF10B5436913B1AFF3008001E0F6
:1036A000FFF77EFA012010BD128800F12401828408
:1036B0000022C2840122EDE711684FF0FF32E9E7F2
:1036C0002DE9F04704464FF0FF380026C568D4E9DD
:1036D0000497A80718D0204600F04CFB384600F0AD
:1036E00073F9002800DA4646280502D54846FDF75A
:1036F00028FF4C212046FEF7D3FC206D20F001006E
:1037000020653046BDE8F0874046FBE72DE9F047ED
:1037100004461E4690460D46C7684C308146AFF3BE
:103720000080B80714D0780212D44046B8F5807FE4
:1037300009D0B0F5007F06D0B8F5806F08D101261A
:1037400004F1240506E0701E6FF07F41884201D32A
:10375000012409E02561E6616560E06820F470609D
:1037600040EA0800E06000244846AFF300802046AD
:10377000BDE8F0872DE9F04716468846070010D0CF
:1037800006F14C008146AFF300803046FFF798FF0A
:1037900018F8010B61280DD0722805D0772841D187
:1037A00005E00020BDE8F0870125002405E00225A2
:1037B000042402E0082448F2020518F8010B2B2823
:1037C00006D0622809D018F8010C74280AD00BE042
:1037D00045F0030544F00204EFE745F0040544F02A
:1037E0000104EAE744F010043846214600F0E2F80C
:1037F000411C17D00021316171604FF40071F560F8
:10380000F1617061200704D530460222002100F0EA
:10381000F5F9306D40F0010030654846AFF30080A7
:103820003046BFE70026F8E72DE9F04115460E4681
:103830000746214C2046AFF300802A4631463846E1
:10384000FFF798FF05462046AFF300802846BDE805
:10385000F0812DE9F0410E468046174D2846AFF322
:103860000080164C206DC10704D0410804D020F020
:103870000104F7E7224612E05420FEF70FFD07008F
:1038800017D0206D47F001010843542120653846C8
:10389000FEF706FC07F14C0014F0DEFA3A4631461A
:1038A0004046FFF767FF04462846AFF300802046F6
:1038B000CDE70024F8E70000F80400106041001094
:1038C0002DE9F04116460C460546FFF7B5F80368AA
:1038D00093F80101012807D0FF2C12D8185D80B1A0
:1038E00001202C70BDE8F081D3F807013246214653
:1038F00003F20713C7182846BC46BDE8F041002371
:1039000060474FF0FF30EDE710B50446AFF300809D
:103910002046BDE81040FCF758BD002801D0FFF755
:1039200085B8704710B5002102A000F067FA0120A9
:1039300010BD0000534947414252543A2041626E43
:103940006F726D616C207465726D696E6174696F00
:103950006E00000010B500F06BFABDE81040FFF7F4
:10396000DCBF000010B5012805D0002103A000F045
:1039700045FA012010BD09A1F8E70000534947525C
:10398000544D454D3A204F7574206F66206865612F
:1039900070206D656D6F7279000000003A204865F7
:1039A0006170206D656D6F727920636F72727570D2
:1039B000746564000EB5CDE90001FEF732FA02909D
:1039C00069460120ABBE0EBD08B5694600900220D5
:1039D000ABBE08BD1FB58DE8070069460520ABBE2C
:1039E00004B010BD1FB58DE80F0069460620ABBEC0
:1039F000F6E708B5694600900920ABBE08BD1CB5C6
:103A0000CDE9000169460A20ABBE1CBD704708B570
:103A1000694600900C20ABBE08BD2DE9F05F05465D
:103A200017460C46C86820F4201040F48000C86097
:103A3000800602D5084600F0C0F9E06841F2820134
:103A40004FF0FF3A0140022903D0204600F052F91E
:103A5000B9E000F42041B1F5004F0FD1C00306D505
:103A60006168E06A884200D80846606006E0206924
:103A7000E06260606069FFF7CAFFA061A068002291
:103A8000EEB200280DDAE1688B050AD4C043A060CD
:103A900041F490302260E0606068411C6160067013
:103AA000AAE0E0689146226040F40050E06020699E
:103AB00078BB6069FFF79DFF04F124054FF0010812
:103AC000A8B1A08910F4407F08D0E069FEF7E6FBBA
:103AD000206118B1E06840F4006017E0C4F81C8071
:103AE0002561E06820F4407040F480600EE0E069F9
:103AF000FEF7D4FB00282061F0D0E06840F40060BD
:103B000010F4407FE06002D140F48070E0602069F2
:103B10006060E06825696FF0010BC1051ED5616822
:103B2000E06A884200D80846411B04D02246284655
:103B300000F0EAF8E8BB1FB1E562C4E9015959E0B9
:103B4000681CE0626060E069401EA060E06840F4CC
:103B50008030E06030462E70BDE8F09F17B100F471
:103B600080320AE06068411C61600670E0680A2EDD
:103B700040F48030E06006D00022E16A6068814253
:103B800003D90B4602E00122F7E70346B4F80CC064
:103B90005B1B5FEA4C5C04D4D4F81CC09C4500DD80
:103BA00002B3814200D80146002BA1EB0008E56278
:103BB00000E008E0C4E9015907DD2246194628461D
:103BC00000F0A2F808B15046C6E7B8F1000F09D0DE
:103BD000A169E5626560A1EB0800A061E06840F0C2
:103BE0001000E06047B16168A069E562491B0844C4
:103BF0006560A0615846AFE73046ADE72DE9F0417A
:103C0000044616460D464769007B80072ED038468D
:103C1000FFF7EFFE50BB3EB3012E02D0022E25D19E
:103C200004E0204600F046F905441DE03846FFF761
:103C3000EEFEE168002841F01001E16005DA20465F
:103C400000F058F80120BDE8F081C9030BD5626887
:103C5000E16A914200D81146A26911442269891A89
:103C6000814200DD08460544002D01DA0220EAE722
:103C7000E16A6068E268814206D29103E06203D59E
:103C800022F4003141F01002A6690027AE4213DC95
:103C9000E16A814201D90B4600E0034603EB060CC2
:103CA0002369ACEB030CAC4506DD814201D98C469F
:103CB00000E084469C4505D1A760276042F02000C3
:103CC000A5620DE0AD1BE669AE1B8142A66000D97E
:103CD0000846C01A281A20605819606022F0200097
:103CE00003490840E060002084F84870ABE700001A
:103CF000BFCFD7FFC16821F4001141F08001C1603E
:103D000000218160016070472DE9F74F15460C4690
:103D10004FF0FF3B3848D768D2F814A0074209D0CB
:103D20005046A969FFF76BFE002819DB3248C043F3
:103D30000740EF604FF000496FF000484C4501D359
:103D4000464600E0264600993B4650463246FFF77D
:103D500041FEA96920F00042B21A1144A96128B1BC
:103D60002846FFF7C7FF5846BDE8FE8FA41BE5D1E4
:103D70000020F9E770B504460569C06A61688842A9
:103D800000D80846E16821F42011E160C90312D58A
:103D9000A84208D02246411B2846FFF7B5FF10B1C4
:103DA0004FF0FF3070BD0020E562C4E90150E068CB
:103DB00020F48030E060002070BD10B50446C0687B
:103DC00020F02000E060A16AA06988420DD0204662
:103DD000FFF7D0FFE06820F4405040F01000E060B2
:103DE000A06AA0612069E062606044F24001E0687E
:103DF0008843E06010BD00001000020070B5054669
:103E00000C460A2000E06D1C00F02CF835B1287833
:103E10000028F8D102E0641C00F024F814B12078E6
:103E20000028F8D1BDE870400A2000F01BB800005F
:103E300010B5014602A0FFF7E1FF012010BD000010
:103E400053494752545245443A2052656469726559
:103E500063743A2063616E2774206F70656E3A2038
:103E60000000000008B569468DF800000320ABBED5
:103E700008BD00002DE9F04114460D46074601F14A
:103E80004C063046AFF30080094B7B44224629465E
:103E90003846FEF72EFD0446287B000601D54FF07C
:103EA000FF343046AFF300802046BDE8F0810000CB
:103EB000E788030010B50146C268900703D090065A
:103EC00007D5886A0AE0FCF799F901210160881E8C
:103ED00010BD8B69486818440B69C01A91F84830C6
:103EE0001BB191F84910401A10BD1103FCD50028F0
:103EF000FADD401E10BD000004207146084202D0C9
:103F0000EFF3098001E0EFF30880816902F04EB819
:103F100010B518F07DFC18F075FC044646F20A4016
:103F2000C2F212300021C4E90001A16018F070FC57
:103F30002146BDE8104018F0B7BC000004207146CF
:103F4000084202D0EFF3098001E0EFF308808169B5
:103F500002F042B88C4645F28051C1F200010B6874
:103F600001461A7C58689B6A4A439A5C9C2312FB60
:103F70000300624603F080BD2DE9F04FA3B0044674
:103F800045F280502178C1F200000668481E0E28D4
:103F900086F850102ED80E94DFE800F0202C32085E
:103FA0002C2C2C2C2C2C082C2C3C120004F10C005A
:103FB00017F034F81090A07B00210F91242132E0FB
:103FC00004F10C0017F02AF8109017F029F82422B9
:103FD0000D92012201210F9227E000BF04F10C0095
:103FE00017F01CF800211090A07B0F9124210D9157
:103FF00001211AE0FF2086F8500023B0BDE8F08FC1
:10400000201D17F00BF81090A07900210F911C21B2
:1040100009E000BF04F11C0017F000F81090A07F29
:1040200000210F9134210D91022196F850207070DB
:10403000FF2A3070B07086F8491001F0A381002883
:10404000129600F0F7804FF40175D5244FF09808D0
:104050004FF089094FF0000A4FF0000B00272CE0C9
:1040600011F80A3002F0010203F0F8031A44129E1C
:1040700001F80A20F16A007811F80A2000F01E0009
:1040800002F00F0242EAC00001F80A0017F08EFAAF
:10409000119917F0ABFA316B0137485170780BF179
:1040A0004C0B05F51C75E4340AF5A27A08F59878EE
:1040B000874209F1980980F0BD801098F9B21191FA
:1040C00016F0AAFF817801F0E001202906D1012134
:1040D000415C01390C290BD918E000BF017901F0CE
:1040E000E001202912D10321415C01390C290DD8AE
:1040F000DFE801F0080C164C0C0C501A2E32086642
:10410000620000BFF16C01235CE000BFF16C012391
:1041100001EB0B0282F83D3001F80B3059E000BF93
:10412000F16C03234EE000BFF16C4FF0010C0A1953
:1041300002F8D5CC0BEB4B020A44002382F83D3049
:1041400082F84CC082F8893082F898C00B5540E064
:10415000F16C092336E000BFF16C4FF0010E01EB6A
:10416000080201EB8B034FF0000C02F898EC83F887
:104170003DC083F84CE083F889C001F808E083F87B
:10418000D5C083F8E4E082F889C022E0F16C042312
:1041900018E000BFF16C4FF0010C01EB090202F8CE
:1041A00089CC01EB4B02002382F83D3082F84CC0F1
:1041B00001F809300DE000BFF16C0D2302E000BFF3
:1041C000F16C0C2301EB0B0201F80B30002182F89B
:1041D0003D1096F84920F16A961EB6FA86F6012A35
:1041E00001EB0A034FEA561618BF7200012A5A70F3
:1041F00014D0129E022A41F0C58011F80A2002F064
:10420000F802023201F80A20F16A007811F80A2057
:1042100002F00F0242EA001036E700BF0F9B02785F
:10422000002B3FF41DAF129E01F80A202EE700BFBD
:1042300000000000DDE90D10461845F28050C1F283
:104240000000046830787178B0F1FF07B278F37835
:1042500018BF07463846B94288BF0846FF2908BF3D
:1042600038460146824288BF1146FF2A08BF0146F0
:1042700008468B4288BF1846FF2B08BF0846411CE2
:10428000D6F8C400656CA17016F0B4FC2968D6F8A5
:10429000C80081ED000A16F0ADFC2968D6F8CC0004
:1042A00081ED010A16F0A6FC2968D6F8D00081ED50
:1042B000020A16F09FFC2968D6F8D40081ED030AA3
:1042C00016F098FC2968D6F8D80081ED040A16F09B
:1042D00091FC2968D6F8DC0081ED050A16F08AFC0D
:1042E0006968D6F8E00081ED000A16F083FC696881
:1042F000D6F8E40081ED010A16F07CFC6968D6F876
:10430000E80081ED020A16F075FC6968D6F8EC0049
:1043100081ED030A16F06EFC6968D6F8F00081EDB5
:10432000040A16F067FC6968D6F8F40081ED050A06
:1043300016F060FCA968D6F8F80081ED000A16F0C6
:1043400059FCA968D6F8FC0081ED010A16F052FC70
:10435000A968D6F8000181ED020A16F04BFCA968A5
:10436000D6F8040181ED030A16F044FCA968D6F8DA
:10437000080181ED040A16F03DFCA968D6F80C018D
:1043800081ED050A16F036FCE968D6F8100181EDDA
:10439000000A16F02FFCE968D6F8140181ED010A35
:1043A00016F028FCE968D6F8180181ED020A16F02B
:1043B00021FCE968D6F81C0181ED030A16F01AFC0D
:1043C000E968D6F8200181ED040A16F013FCE868CC
:1043D00006F1440180ED050AA06B0BF03BFF606B1A
:1043E00006F1840529460E960BF034FFE06B294652
:1043F0000BF030FFD4E90F054FF0000A01682F6879
:104400000A686E681392C7F800A04A68436814925D
:10441000C7F804A08A68AB461592C7F808A0C96817
:104420001FED7D1A1691C7F80CA019680DF14C0EFE
:104430001791C6F800A05968BFEE000A1891C6F897
:1044400004A099684FF000081991C6F808A0D9682F
:104450000F941A918168C6F80CA00A68AB681B9289
:10446000C3F800A04A680D971C92C3F804A08A689C
:104470000C961D92C3F808A0C9680B931E91C168E1
:10448000C3F80CA00A685BF80C0F1F92C0F800A0DC
:104490004A680A902092C0F804A08A682192C0F865
:1044A00008A0C96822914FF07E513960716099600F
:1044B000C160002109E000BF10310BF1040B0AF1CB
:1044C000140A3029984600F093810EEB0A0999ED01
:1044D000002A444622EE023AB5EE403AF1EE10FAD6
:1044E000D8BF4FF0FF34302908F101033AD099EDDD
:1044F000044AB5EE403AB0EE412AF1EE10FAC8BFD8
:10450000B0EE432A24EE043AB4EE423AF1EE10FA49
:10451000C8BF1C46202925D099ED084AB4EE423A7E
:10452000F1EE10FAC8BFB0EE432A24EE043AB4EE1E
:10453000423AF1EE10FAC8BF08F10204102911D076
:1045400099ED0C4AB4EE423AF1EE10FAC8BFB0EE63
:10455000432A24EE043AB4EE423AF1EE10FAC8BF10
:1045600008F10304621C00F0BC835BF80C7CA045DE
:104570002ED0200155F82420AC465EF801505EF89C
:10458000006011934EF801604EF8005010683E68CC
:104590000EEB01030EEB04143860166060685E6871
:1045A0005860666050687E6878605660A0689E6853
:1045B0009860A6609068BE68B8609660E068DE6843
:1045C000D860E660D068FB68F860D360119B6546F0
:1045D00099ED002A99ED043A80EE022A0EEB010CC7
:1045E0009CED004A9CED045A05EB88046268202982
:1045F00022EE033A23EE044A34EE054A8CED044AD7
:1046000097ED004A92ED005A23EE044A34EE054A33
:1046100082ED004A9CED014A9CED055A23EE044AC6
:1046200034EE054A8CED054A97ED014A92ED015AA8
:1046300023EE044A34EE054A82ED014A9CED024A1B
:104640009CED065A23EE044A34EE054A8CED064AE8
:1046500097ED024A92ED025A23EE044A34EE054ADF
:1046600082ED024A9CED034A9CED075A23EE044A70
:1046700034EE054A8CED074A97ED034A92ED035A52
:1046800023EE043A33EE053A82ED033A3FF414AFD9
:1046900099ED083A9CED004A22EE033A9CED085A47
:1046A00023EE044A34EE054AA2688CED084A97EDE1
:1046B000004A92ED005A23EE044A34EE054A82ED98
:1046C000004A9CED014A9CED095A23EE044A34EE5F
:1046D000054A8CED094A97ED014A92ED015A23EE05
:1046E000044A34EE054A82ED014A9CED024A9CEDF3
:1046F0000A5A23EE044A34EE054A8CED0A4A97ED35
:10470000024A92ED025A23EE044A34EE054A82ED43
:10471000024A9CED034A9CED0B5A23EE044A34EE08
:10472000054A8CED0B4A97ED034A92ED035A23EEAE
:10473000043A33EE053A102982ED033A3FF4BCAE59
:1047400099ED0C3A9CED0C4A22EE032A9CED003ABE
:10475000DBF8002022EE033A33EE043A8CED0C3AFB
:1047600097ED003A92ED004A22EE033A33EE043A16
:1047700082ED003A9CED013A9CED0D4A22EE033A9F
:1047800033EE043A8CED0D3A97ED013A92ED014A81
:1047900022EE033A33EE043A82ED013A9CED023AFE
:1047A0009CED0E4A22EE033A33EE043A8CED0E3ABB
:1047B00097ED023A92ED024A22EE033A33EE043AC2
:1047C00082ED023A9CED033A9CED0F4A22EE033A49
:1047D00033EE043A8CED0F3A97ED033A92ED034A2B
:1047E00022EE032A32EE042A82ED032A64E600BF99
:1047F0009DED221A9DED1E3A80EE011A9DED1F4A95
:104800009DED1B2A0A9B0B9A0C990D9821EE033AF9
:1048100023EE044A34EE022A8DED1B2A93ED002A82
:1048200092ED004A23EE022A32EE042A82ED002A9B
:104830009DED202A9DED1C4A23EE022A32EE042A29
:104840008DED1C2A93ED012A92ED014A23EE022AF6
:1048500032EE042A82ED012A9DED212A9DED1D4AAA
:1048600023EE022A32EE042A8DED1D2A93ED022A50
:1048700092ED024A23EE022A32EE042A82ED022A47
:104880009DED222A9DED1E4A23EE022A32EE042AD5
:104890008DED1E2A93ED032A92ED034A23EE022AA0
:1048A00032EE042A82ED032A9DED1A3A9DED1F4A4D
:1048B0009DED172A21EE033A23EE044A34EE022A34
:1048C0008DED172A93ED002A91ED004A23EE022A7E
:1048D00032EE042A81ED002A9DED202A9DED184A32
:1048E00023EE022A32EE042A8DED182A93ED012AD6
:1048F00091ED014A23EE022A32EE042A81ED012ACB
:104900009DED212A9DED194A23EE022A32EE042A5A
:104910008DED192A93ED022A91ED024A23EE022A27
:1049200032EE042A81ED022A9DED222A9DED1A4ADB
:1049300023EE022A32EE042A8DED1A2A93ED032A81
:1049400091ED034A23EE022A32EE042A81ED032A76
:104950009DED163A9DED1F4A9DED132A21EE031A97
:1049600021EE043A33EE022A8DED132A93ED002A4C
:1049700090ED003A21EE022A32EE032A80ED002A61
:104980009DED202A9DED143A21EE022A32EE032AF3
:104990008DED142A93ED012A90ED013A21EE022AC1
:1049A00032EE032A80ED012A9DED212A9DED153A74
:1049B00021EE022A32EE032A8DED152A93ED022A0A
:1049C00090ED023A21EE022A32EE032A80ED022A0D
:1049D0009DED222A9DED163A21EE022A32EE032A9F
:1049E0008DED162A93ED032A90ED033A21EE021A7B
:1049F00031EE031A80ED031A9DED1D1A9DED193A53
:104A000080EE011A9DED1B4A9DED172A21EE033A17
:104A100023EE044A34EE022A8DED172A92ED002A85
:104A200091ED004A23EE022A32EE042A81ED002A9B
:104A30009DED1C2A9DED184A23EE022A32EE042A2F
:104A40008DED182A92ED012A91ED014A23EE022AFA
:104A500032EE042A81ED012A9DED1D2A9DED194AB1
:104A600023EE022A32EE042A8DED192A92ED022A53
:104A700091ED024A23EE022A32EE042A81ED022A47
:104A80009DED1E4A9DED1A5A23EE044A34EE054A66
:104A90008DED1A4A92ED034A91ED035A23EE043A42
:104AA0009DED152A33EE053A81ED033A21EE021A07
:104AB0009DED1B2A9DED133A21EE022A32EE032AC8
:104AC0008DED132A92ED002A90ED003A21EE022A94
:104AD00032EE032A80ED002A9DED1C2A9DED143A4A
:104AE00021EE022A32EE032A8DED142A92ED012ADC
:104AF00090ED013A21EE022A32EE032A80ED012ADE
:104B00009DED1D2A9DED153A21EE022A32EE032A73
:104B10008DED152A92ED022A90ED023A21EE022A3D
:104B200032EE032A80ED022A9DED1E2A9DED163AF3
:104B300021EE022A32EE032A8DED162A92ED032A87
:104B400090ED033A21EE021A31EE031A80ED031ABA
:104B50009DED181A9DED173A80EE010A9DED141A8D
:104B60009DED132A20EE010A20EE031A31EE021AFF
:104B70008DED131A91ED001A90ED002A20EE011A26
:104B800031EE021A80ED001A9DED182A9DED143ABF
:104B900020EE022A32EE032A8DED142A91ED012A2D
:104BA00090ED013A20EE022A32EE032A80ED012A2E
:104BB0009DED192A9DED153A20EE022A32EE032AC8
:104BC0008DED152A91ED022A90ED023A9DED131A12
:104BD00020EE022A32EE032AB7EE003A83EE011AE3
:104BE00080ED022A9DED1A2A9DED164A20EE022A3A
:104BF00032EE042A8DED162A91ED032A90ED034A38
:104C000020EE020A30EE040A90ED002A90ED014AEF
:104C100090ED025A21EE022A21EE044A21EE055AB5
:104C200020EE010A80ED002A80ED014A80ED025A53
:104C300080ED030A9DED180A686883EE000A90ED86
:104C4000001A90ED012A90ED024A90ED035A20EEF1
:104C5000011A20EE022A20EE044A20EE050A80ED19
:104C6000001A80ED012A80ED024A80ED030A9DEDD5
:104C70001D0AA86883EE000A90ED001A90ED012A43
:104C800090ED024A90ED035A20EE011A20EE022A1E
:104C900020EE044A20EE050A80ED001A80ED012A7C
:104CA00080ED024A80ED030A9DED220AE86883EE5A
:104CB000000A90ED001A90ED012A90ED023A90ED75
:104CC000034A20EE011A20EE022A20EE033A20EEDB
:104CD000040A80ED001A80ED012A80ED023A80ED91
:104CE000030ADDF838B045F280589BF80000C1F2A5
:104CF0000008D8F80050FF2803D0696A0870296AB4
:104D000008709BF80100DDF840A0FF2803D0696A15
:104D10004870296A48709BF80200FF2803D0696A2E
:104D20008870296A88709BF80300DDF83C90FF28A2
:104D300003D0696AC870296AC870687880B3002691
:104D4000002003E0697801368E4229D20446F1B290
:104D5000504616F061F940782AF034FB012898BFDC
:104D600001201BF80610E2B250FA84F0631CAF6A0F
:104D7000DBB29842B954E5D9A21CAF6AD2B29042D4
:104D8000F954DFD9E31CAF6ADBB29842B954D9D9E0
:104D90000434AF6AE2B29042F954E7D8D2E700BFD8
:104DA00050460021002616F037F940782AF00AFB19
:104DB000012898BF01206978AA7828744843287090
:104DC000EAB10020E968421C0E54A9788A4214D244
:104DD000E968821C01444E70A9788A420DD2E968C4
:104DE000C21C01448E70A9788A4206D2E968014447
:104DF000CE70A97804308842E4D328780E460006A5
:104E00000FD00020A96AEA68095CEB69575C53F887
:104E100021307E1C5654D855297801308842F1D370
:104E2000AE784FF00000EEB1002100BFAA684B1C25
:104E30005054AA78934214D2AA688B1C0A4450702A
:104E4000AA7893420DD2AA68CB1C0A449070AA7823
:104E5000934206D2AA680A44D070AA7804319142DB
:104E6000E4D31046697899B1002000BF696AAA6846
:104E7000095CAB69575C53F821307E1C5654D855F9
:104E8000697801308842F1D3A87818B920E000BFD2
:104E90000021E8B100200021AA684B1C5054AA78D8
:104EA000934214D2AA688B1C0A445070AA78934289
:104EB0000DD2AA68CB1C0A449070AA78934206D2FD
:104EC000AA680A44D070AA7804319142E4D3697880
:104ED00071B10020296AAA68095C6B69575C53F8B4
:104EE00021307E1C5654D855697801308842F1D360
:104EF00099F8020000283DD00BF108040025002697
:104F000014F8020CD9F80410C0F301124819826396
:104F100014F8021C8909C16314F8031C01F0030191
:104F2000416314F8031CC1F38101016414F8031CEC
:104F3000C1F30111416414F8031C8909816414F858
:104F4000021C01F00301C16414F8021CC1F38101C9
:104F5000016514F8041CC1F3400180F86210214679
:104F600007F07AFA99F8020001369C35864204F17E
:104F70001004C5D3D8F8009099F80280B8F1000F5A
:104F800000F0B480D9F804E000234FF09C0C4FF4FB
:104F90001C7A4FF0010B03E00133434500F0A6807B
:104FA00003FB0CE090F86500012867D0032833D09C
:104FB0000228F1D1D9F80840E05C0028ECD0D9F8FB
:104FC0001400D9F8307050F823200021505C4D1C9B
:104FD00010FB0A7080F8E1B1E05C8542DCD2501829
:104FE00045788E1C15FB0A7585F8E1B1E55CAE428B
:104FF000D2D28578CE1C15FB0A7585F8E1B1E55C47
:10500000AE42C9D2C078043110FB0A7080F8E1B119
:10501000E05C8142DAD3BFE7D9F80840E05C0028C1
:10502000BAD0D9F81400D9F8307050F823200021F4
:10503000505C4D1C10FB0A7080F8E1B1E05C8542C9
:10504000AAD2501845788E1C15FB0A7585F8E1B177
:10505000E55CAE42A0D28578CE1C15FB0A7585F8BA
:10506000E1B1E55CAE4297D2C078043110FB0A7022
:1050700080F8E1B1E05C8142DAD38DE7D9F80840ED
:10508000E05C00283FF488AFD9F81400D9F83070FC
:1050900050F82320002100BF505C4E1C10FB0A700A
:1050A00080F8E1B1E05C8642BFF476AF50184678F4
:1050B0008D1C16FB0A7686F8E1B1E65CB542BFF4BA
:1050C0006BAF8578CE1C15FB0A7585F8E1B1E55C00
:1050D000AE42BFF461AFC078043110FB0A7080F8B3
:1050E000E1B1E05C8142D7D356E700BF129EB7EE34
:1050F000000A776CD7E90023384692ED001AB968A8
:10510000B4EE401A92ED011AF1EE10FAB5EE401A23
:1051100092ED021A08BF0020F1EE10FAB5EE401A27
:1051200092ED031A18BF3846F1EE10FAB5EE401AA8
:1051300092ED041A18BF3846F1EE10FAB5EE401A97
:1051400092ED051A18BF3846F1EE10FAB5EE401A86
:1051500092ED061A18BF3846F1EE10FAB5EE401A75
:1051600092ED071AFA6818BF3846F1EE10FAB5EE5C
:10517000401A93ED001A18BF3846F1EE10FAB5EE5A
:10518000401A93ED011A18BF3846F1EE10FAB4EE4A
:10519000401A93ED021A18BF3846F1EE10FAB5EE38
:1051A000401A93ED031A18BF3846F1EE10FAB5EE27
:1051B000401A93ED041A18BF3846F1EE10FAB5EE16
:1051C000401A93ED051A18BF3846F1EE10FAB5EE05
:1051D000401A93ED061A18BF3846F1EE10FAB5EEF4
:1051E000401A93ED071A18BF3846F1EE10FAB5EEE3
:1051F000401A91ED001A18BF3846F1EE10FAB5EEDC
:10520000401A91ED011A18BF3846F1EE10FAB5EECA
:10521000401A91ED021A18BF3846F1EE10FAB4EEBA
:10522000401A91ED031A18BF3846F1EE10FAB5EEA8
:10523000401A91ED041A18BF3846F1EE10FAB5EE97
:10524000401A91ED051A18BF3846F1EE10FAB5EE86
:10525000401A91ED061A18BF3846F1EE10FAB5EE75
:10526000401A91ED071A18BF3846F1EE10FAB5EE64
:10527000401A92ED001A18BF3846F1EE10FAB5EE5A
:10528000401A92ED011A18BF3846F1EE10FAB5EE49
:10529000401A92ED021A18BF3846F1EE10FAB5EE38
:1052A000401A92ED031A18BF3846F1EE10FAB4EE28
:1052B000401A92ED040A18BF3846F1EE10FAB5EE26
:1052C000400A92ED050A18BF3846F1EE10FAB5EE25
:1052D000400A92ED060A18BF3846F1EE10FAB5EE14
:1052E000400A92ED070A18BF3846F1EE10FAB5EE03
:1052F000400A18BF3846B178F1EE10FA18BF3846A8
:1053000000290E903ED07068DDF838B000256FF0AF
:105310009B0900BF09F19C0108441090D6E90DA03B
:1053200006F114070F90129898CF1191D6E9021246
:1053300054F825E0D6E90BC4D6F83C80066C1298E8
:1053400057F82570C06C53F82530CDE900E7CDE95A
:10535000040ADDE90F7029442A44CDE9086B129E46
:10536000CDE9024CCDF81880079701F029FF70684D
:10537000B278013500EB0901DDF84490954281F8DF
:105380009C50C7D323B0BDE8F08F00002DE9F04F4B
:1053900083B045F28056C1F2000637680446386B88
:1053A0004FF41C7804FB08000D46043000F01EFF8B
:1053B00030682946006B04FB0800643000F016FFDB
:1053C00030682946006B04FB0800643000F00EFFD3
:1053D00030684FF4A276C06A05F1500104FB060064
:1053E000943000F003FFF86A95F8BE1004FB060045
:1053F00004F086FCF86A05F1A40C04FB060095EDA8
:10540000270AD5ED280A9CE80E10D5F8B460CDE93E
:1054100000C605F04BFE386B5FFA84F904FB080008
:1054200049462A4601F060FA387CA8B34FF04C0A8E
:10543000002604FB0AFB4FF000081EE0387CF96CE4
:10544000D5F898200BFB001095ED300A3044494602
:1054500001F0DEFF45F28050C1F20000006895EDDA
:10546000310AC06C04FB0A0008F00EF9387C08F120
:105470000108804506F14C060ED297F85010042919
:10548000DDD1F96C604300FB0A10304408F05EF98E
:105490000028EBD1D2E700BF03B0BDE8F08F0000D9
:1054A00045F28052C1F2000212684FF41C73126B75
:1054B00000FB032004F008BC45F28053C1F2000356
:1054C0001B6800EE101AD3F830C04FF41C7300FBB9
:1054D00003C001EE102AB8EEC00AF8EEC10A01F0CE
:1054E00033BF0000F0B581B045F28056C1F200062E
:1054F00032680446106B4FF41C7704FB07000D461E
:10550000043000F073FE30682946006B04FB07008E
:10551000643001B0BDE8F04000F068BE0A4645F2D4
:105520008051C1F2000109684FF4A273C96A00FBFF
:105530000313C1B2184601F073BA000045F280525D
:10554000C1F2000212684FF4A273D26A00FB03207A
:1055500005F0A6BC10B582B045F28052C1F200023F
:1055600012684FF4A273D26A91EC020A00FB032086
:10557000D1E902C2D1E9043E8C696146CDE900E47B
:1055800005F094FD02B010BD45F28051C1F200015A
:1055900009684FF4A272C96A00FB021006F092BFBC
:1055A00045F28052C1F2000212684FF4A273D26A2F
:1055B00000FB032005F040BF00F094B870B545F241
:1055C0008054C1F200042268907858B1002500266A
:1055D0005068284400F022FF2268013690789C35FC
:1055E0008642F5D3D06A517892F84920BDE87040E0
:1055F00001F014BBF0B581B045F28056C1F200064F
:1056000032680446106B4FF41C7204FB02000D4616
:1056100021462A4601F0EEFD3068017CA1B1C06C44
:1056200061434C2201FB020005F14404002500BF48
:1056300000F14C0703F0B4FC316844F82500087C05
:10564000013585423846F3D301B0F0BD45F28052B2
:10565000C1F2000212684FF4A273D26A00FB032069
:1056600001F0EABDF0B581B045F28057C1F2000704
:1056700016463A680446106B4FF41C7204FB020095
:105680000D4604F0E1FA40B138684FF4A271C06AE7
:1056900004FB0100294604F037FB46B138684FF49B
:1056A000A271C06A04FB0100D0F89000286101B02B
:1056B000F0BD000070B545F28054C1F200042068CE
:1056C0008178002908BF70BD0025002640680D21A3
:1056D000284408F041F82068013681789C358E42D4
:1056E000F4D370BD2DE9F04381B045F28050C1F292
:1056F00000000468002C00F0358160780127A0705C
:10570000A06827740770206A00250570A06A4FF012
:105710007E560570606900680570606BE16B626CB5
:10572000096800680E6006604D6045608D608560A8
:10573000CD601168C560C1E90155C1E90355C1E9F2
:105740000555CD61206B0E6000F0CCFCE068077061
:10575000E06900680570A0684770206A4770A06A19
:105760004770606940680770606BE16B626C496804
:1057700040680D6005604E6046608D608560CD605C
:105780005168C560C1E90255C1E90455C1E9065532
:10579000206B0D6000F51C704E6000F0A3FCE0680B
:1057A0004FF002084770E06940680770A068877092
:1057B000206A80F80280A06A80F8028060698068B0
:1057C00080F80080606BE16B626C896880680D60B6
:1057D00005604D6045608E608660CD609168C560F3
:1057E000C1E90455C1E90655206BC1E9005500F532
:1057F0009C608E60CD6000F075FCE0684FF003099E
:105800008770E069806880F80080A068C770206AAF
:1058100080F80390A06A80F803906069C06880F8FF
:105820000090606BE16B626CC968C0680D600560D8
:105830004D6045608D608560CE60D168C660C1E90D
:105840000455C1E90655206BC1E9005500F5EA6031
:105850008D60CE6000F046FCE068C770E069C0680B
:1058600080F80090606A0570A06900680570216C7E
:10587000A26BE06A096812680E6016604D605560A0
:105880008D609560CD60D56000F088FC606A4770DF
:10589000A06940680770216CA26BE06A4968526891
:1058A00000F5A2700D6015604E6056608D609560C9
:1058B000CD60D56000F072FC606A80F80280A0695B
:1058C000806880F80080216CA26BE06A8968926829
:1058D00000F522700D6015604D6055608E60966019
:1058E000CD60D56000F05AFC606A80F80390A06932
:1058F000C06880F80090216CA26BE06AC968D26829
:1059000000F573700D6015604D6055608D60956099
:10591000CE60D66000F042FCE06C01F02FFCE06C41
:105920004C3001F02BFCE06C983001F027FCE06C6F
:10593000E43001F023FCE06C00F5987001F01EFCEF
:10594000E06C00F5BE7001F019FCE06C00F5E4704D
:1059500001F014FCE06C00F5057001F00FFCFF2075
:1059600084F8500001B0BDE8F0830000F0B581B0CC
:1059700045F28055C1F200052A68137C8BB10C46B4
:10598000D16C58434C2200FB02100026214600F146
:105990004C0702F021F828680136007C8642384620
:1059A000F4D301B0F0BD000045F28052C1F2000214
:1059B00012684FF4A273D26A00FB032006F07CBD8C
:1059C00045F28052C1F2000212684FF4A273D26A0B
:1059D00000FB032008F06EB845F28052C1F20002CD
:1059E00012684FF4A273D26A00FB032008F0D2BA07
:1059F00045F28052C1F2000212684FF4A273D26ADB
:105A000000FB032005F02EBD45F28052C1F20002DA
:105A100012684FF4A273D26A00FB0320943000F0A6
:105A2000E5BB000045F28051C1F2000109684FF466
:105A3000A272C96A00FB021005F044BBF0B581B048
:105A400045F28057C1F200073C680E4605465CB936
:105A50001AF0A4FA0421542201231AF0A9FA0446E8
:105A60000028386000F0A081042026706570A570C1
:105A700000F022FE60601AF091FA04210122042352
:105A80001AF096FAA0601AF089FA04210122042380
:105A90001AF08EFAE0601AF081FA0421042204233D
:105AA0001AF086FA60611AF079FA042104220423BC
:105AB0001AF07EFAA0611AF071FA0421042204237C
:105AC0001AF076FAE0611AF069FA0421012204233F
:105AD0001AF06EFA20621AF061FA042101220423FE
:105AE0001AF066FA60621AF059FA042101220823BA
:105AF0001AF05EFAA06204200AF0F2FA2063042091
:105B00000AF060FBE062082001F0C6F9E0641AF0D8
:105B100045FA0421042204231AF04AFA60631AF0B9
:105B20003DFA0421042204231AF042FAE0631AF039
:105B300035FA0421042204231AF03AFAA0631AF079
:105B40002DFA0421042204231AF032FA20641AF0F8
:105B500025FA0421042204231AF02AFA60641AF0B8
:105B60001DFA0421012204231AF022FA6169086057
:105B70001AF014FA0421042204231AF019FA616BB2
:105B800008601AF00BFA0421042204231AF010FA18
:105B9000E16B08601AF002FA0421042208231AF0CB
:105BA00007FA616C08601AF0F9F904210122042354
:105BB0001AF0FEF9616948601AF0F0F90421042234
:105BC00004231AF0F5F9616B48601AF0E7F9042133
:105BD000042204231AF0ECF9E16B48601AF0DEF9B4
:105BE0000421042208231AF0E3F9616C48601AF0DA
:105BF000D5F90421012204231AF0DAF961698860D9
:105C00001AF0CCF90421042204231AF0D1F9616BB3
:105C100088601AF0C3F90421042204231AF0C8F999
:105C2000E16B88601AF0BAF90421042208231AF003
:105C3000BFF9616C88601AF0B1F9042101220423D4
:105C40001AF0B6F96169C8601AF0A8F904210422B3
:105C500004231AF0ADF9616BC8601AF09FF90421B2
:105C6000042204231AF0A4F9E16BC8601AF096F933
:105C70000421042208231AF09BF9616CC8601AF011
:105C80008DF90421012204231AF092F9A169086018
:105C90001AF084F90421042204231AF089F9A16B73
:105CA00008601AF07BF90421042204231AF080F919
:105CB000216C08601AF072F90421012204231AF001
:105CC00077F9A16948601AF069F9042104220423D4
:105CD0001AF06EF9A16B48601AF060F904210422F1
:105CE00004231AF065F9216C48601AF057F9042171
:105CF000012204231AF05CF9A16988601AF04EF9B8
:105D00000421042204231AF053F9A16B88601AF0CD
:105D100045F90421042204231AF04AF9216C886011
:105D20001AF03CF90421012204231AF041F9A16977
:105D3000C8601AF033F90421042204231AF038F958
:105D4000A16BC8601AF02AF90421042204231AF076
:105D50002FF9216CC8601AF021F9042101220823CF
:105D60001AF026F9E16908601AF018F904210122F5
:105D700008231AF01DF9E16948601AF00FF90421AF
:105D8000012208231AF014F9E16988601AF006F973
:105D90000421012208231AF00BF9E169C860FFF71A
:105DA000A1FC204601B0F0BD0024204601B0F0BDAA
:105DB00045F28052C1F200021268136A5268185C00
:105DC0009C2310FB032007F0C7BC000045F2805263
:105DD000C1F200021268136A5268185C9C2310FB1F
:105DE000032008F003B9000045F28051C1F2000120
:105DF00009684FF41C72096B00FB021001F05EBCD5
:105E000045F28051C1F2000109684FF41C72096B20
:105E100000FB021001F05CBC45F28051C1F20001B0
:105E200009684FF41C72096B00FB021001F07EBC84
:105E300045F28051C1F2000109684FF41C72096BF0
:105E400000FB021001F0C8BC45F28051C1F2000114
:105E500009684FF41C72096B00FB021001F0C6BC0C
:105E600045F28051C1F2000109684FF41C72096BC0
:105E700000FB021001F0C4BC45F28051C1F20001E8
:105E800009684FF41C72096B00FB021000F07CB92A
:105E900070B545F28054C1F2000421680A7C002AE2
:105EA00008BF70BDC96C50434C2200FB0210002596
:105EB00000F14C0601F0C2FD20680135007C8542EE
:105EC0003046F5D370BD0000F0B581B045F2805684
:105ED000C1F200063268137C8BB10C46D16C58437A
:105EE0004C2200FB0215002734F82710284601F049
:105EF00007FB30680137007C4C358742F4D301B092
:105F0000F0BD000045F28051C1F2000109684FF474
:105F10001C72096B00FB021008F01AB945F280519F
:105F2000C1F2000109684FF41C72096B10FB0210EA
:105F300006F0D0B845F28052C1F2000212684FF468
:105F4000A273D26A00FB032006F0C0BA45F2805269
:105F5000C1F2000212684FF4A273D26A00FB032060
:105F600008F084B945F28052C1F2000212684FF481
:105F7000A273D26A00FB032004F0DABF45F280521C
:105F8000C1F2000212684FF4A273D26A10FB032020
:105F900005F06EBA45F28052C1F2000212684FF469
:105FA000A273D26A00FB032008F010B8B0B5044613
:105FB00016F02EFC16F026FC054646F20840C2F20A
:105FC0001230002185E8130016F022FC2946BDE8B6
:105FD000B04016F069BC0000B0B5044616F018FCDD
:105FE00016F010FC054646F20640C2F212300021BF
:105FF00085E8130016F00CFC2946BDE8B04016F009
:1060000053BC0000B0B5044616F002FC16F0FAFBD3
:10601000054646F20740C2F21230002185E813001F
:1060200016F0F6FB2946BDE8B04016F03DBC000076
:10603000B0B5044616F0ECFB16F0E4FB054646F25C
:106040000940C2F21230002185E8130016F0E0FB8F
:106050002946BDE8B04016F027BC00000420714678
:10606000084202D0EFF3098001E0EFF30880816974
:10607000FFF7C8BF10B516F0CBFB16F0C3FB044604
:1060800046F20540C2F212300021C4E90001A160CD
:1060900016F0BEFB2146BDE8104016F005BC00001E
:1060A00010B516F0B5FB16F0ADFB044646F20B40FA
:1060B000C2F212300021C4E90001A16016F0A8FB71
:1060C0002146BDE8104016F0EFBB000004207146E9
:1060D000084202D0EFF3098001E0EFF30880816904
:1060E000FFF7A6BFF0B581B000270446C0F8C47022
:1060F00000F58070602104F5B275C4E93B77C4E90E
:106100003D77A4F8FC70FBF7CBFF284600F0BEFEFD
:1061100004F5B676304600F0B9FE2846642107F053
:106120009FFE3046322107F09BFE284601F022F800
:10613000304601F01FF804F5BA7000210022002358
:1061400001F0B4F8201D09F0C5FF04F1640009F066
:10615000C1FF0B2084F8DC0104F50070282184F8CD
:10616000C870C4E93377C4E93577C4E93777C4E93F
:106170003977C4F8DD7184F8E171FBF791FFFF20F6
:1061800084F8240201B0F0BD90ED4A0A00F5BA701F
:10619000BDEEC00A10EE101A01F0A6B8B0B54FF46B
:1061A000A2710446FBF77CFF4FF07E50606040F226
:1061B0000110A4F8F4004BF2B000A4F8100100257F
:1061C00004F58A7084F8F850C4E93F55C4E9415594
:1061D00000F05CFE04F59A7000F058FEC4E94755E3
:1061E000C4E94955C4F82C51B0BD000091F82420F1
:1061F000012303FA02F200EE102AB8EEC01AB7EE3D
:10620000000A80EE011A8A69026091ED002A91ED80
:10621000035A002291ED013A91ED024AC0E90522AC
:10622000C0E90722426222EE012A21EE055A80EDE2
:10623000012A80ED045A0B6921EE044A836291ED34
:10624000075A91ED086A21EE055A80ED0D5A21EEAC
:10625000065A21EE031A9FED1F3A80ED0E5A24EEE6
:10626000033AB2EE044A22EE044A34EE034A83EEC5
:10627000044A9FED175A496921EE051A80ED031A69
:10628000B5EE403A9FED141AC0E91412F1EE10FA7F
:106290004FF00001B5EE402A826580F85C2080ED69
:1062A000023A18BF0121F1EE10FA30EE440AB0EEC6
:1062B000412A18BF0122114023EE000A1CBFB0EE94
:1062C000442AB0EE401A80ED0B2A80ED0C1A70477C
:1062D0006F12033A00007A440000000090ED081AA3
:1062E00090ED033A90ED094A31EE005A23EE055A3B
:1062F00090ED0A3A90ED012A35EE044AB4EE434A95
:1063000022EE002AF1EE10FA80ED094A06DCB1EE29
:10631000433AB4EE434AF1EE10FA03DAB0EE434AE0
:1063200080ED093A32EE042A90ED074A90ED0B5ABF
:1063300090ED0C6A30EE411A25EE044A26EE011A61
:1063400090ED003A31EE041A32EE014A90ED142A33
:1063500080ED071A34EE031AB4EE421AF1EE10FA89
:1063600080ED080A02DDB0EE421A08E0B1EE420A02
:10637000B4EE401AF1EE10FAB8BFB0EE401A90F841
:106380005C10B0EE410A0139032931D8DFE801F091
:1063900002200C1690ED160A90ED152A9FED1B3A7F
:1063A0009FED1B4A1CE000BF90ED160A90ED152AE8
:1063B0009FED123A9FED124A12E000BF90ED160ACF
:1063C00090ED152A9FED133A9FED134A08E000BFA8
:1063D00090ED160A90ED152A9FED0A3A9FED0A4AB4
:1063E00031EE000A20EE030A22EE042A32EE000A01
:1063F00080ED150A80ED161A704700BF1F4C243B34
:1064000068B77E3F75B2613B9B3C7E3F72FA183C99
:106410002C387B3F8F90CD3A6F327F3F2DE9F04390
:1064200081B0044603F094FC204605F0F3FE94F896
:10643000630028B1204601B0BDE8F04302F0D6BDAC
:1064400094F86C10FF2905D1002084F8630001B096
:10645000BDE8F083D4F80480226F98F8009047F2EA
:1064600030539A4218DAA0680678501C2067C81E7C
:1064700001220B2884F8632000F27C80DFE800F022
:1064800008069606068E92869A8A9E82DCE700BFF0
:10649000204607F03DFF94E0FE2923D1B9F1000F1B
:1064A0005CD0E168A26900234FF41C7E4FF4A27C0B
:1064B0004D4602E00133AB4214D2CE5C16FB0E26F1
:1064C00096F82472062FF5D106F502752669E7695C
:1064D000F65C686916FB0C76F063A869306498F87E
:1064E0000050E7E7FF2084F86C004FF00B08002015
:1064F000B9F1000F84F85E8084F8630000F0D88062
:10650000C9F100054FF0FF374FF41C794FF4A27624
:10651000D4E90301D4E906233844407810FB09206C
:1065200080F8DC81C8194078002110FB063001F0AA
:10653000E5F92069E1693844407810FB061000F065
:10654000EBFD2069E1693844407810FB061001F04A
:1065500021FA0137E8190130DAD1A9E0FF2084F8E7
:106560006C000B2084F85E00002084F8630001B00A
:10657000BDE8F083FE297FF467AF204609F014FAE6
:106580001FE000BF204608F035FC1AE0204608F066
:1065900099FA16E0204608F0F5FB12E0204607F0D5
:1065A000FBFE0EE0204608F031F80AE0204607F036
:1065B000CBFE06E0204608F023FB02E0204608F070
:1065C000FDFB002884F8630072D076B100274C25CB
:1065D0006069A16DC05D10FB051005F015FE002877
:1065E0003FF432AF0137BE42F2D1FF2084F86C0095
:1065F000204603F0ADFB0020B9F1000F84F85E00E7
:106600004FD0D4F80CC0A06909F0030EB9F1040F03
:106610004FF0000325D309F0FC02C2F100080CF191
:1066200001056FF003064FF41C7200BFA919CF7863
:10663000043617FB020787F8DC310F7917FB0207D6
:1066400087F8DC314F7917FB020787F8DC3189794D
:1066500008EB060711FB0201043781F8DC31E5D1B4
:10666000331DBEF1000F1CD01CF803204FF41C7723
:1066700012FB07060022BEF1010F86F8DC2110D0C4
:1066800063445E78BEF1020F16FB070787F8DC2132
:1066900007D099784FF41C7211FB0200002180F89A
:1066A000DC112046012101B0BDE8F04307F054B8E9
:1066B00001B0BDE8F08300002DE9F04381B004464D
:1066C00019F06CFC04219C22234619F071FC002C6B
:1066D00000F0068104F0030C0023042C4FF00002AC
:1066E000C0F08F80A1084FF41C7201FB02FE00F580
:1066F0009E784FF00B090125FF260027002200BFDE
:10670000C11908EB070448F8073007F51C77BE45A8
:1067100002F104028B65C1E90133C1E90333C1F819
:106720005E90C1E90633C1E90833C1E90A33C1E922
:106730000C33C1E90E33C1E91033C1E912330B65E3
:10674000A1F8625081F8653081F86C60C1F8F430CE
:10675000C1E92833C1E92A33C1F8FA90C1E92D33E0
:10676000C1E92F33C1E93133C1E93333C1E93533ED
:10677000C1E93733C1E93933C1F8EC30A1F8FE5033
:1067800004F83B3C81F80861C1F89031C4E9013359
:10679000E360C1F89691C1E95C33C1E95E33C1E9B8
:1067A0006033C1F88831C1E95433C1E95633C1E9D6
:1067B0005833C1E95A33A1F89A5181F89D3181F8D3
:1067C000A461C1F82C32C1E97633C1E97833C1F84C
:1067D0003292C1E98333C1E98533C1E98733C1F816
:1067E0002432C1E97B33C1E97D33C1E97F33C1E99B
:1067F0008133A1F8365281F8393281F840627FF452
:106800007FAFBCF1000F6BD09C2102FB0101002384
:106810000B270125FF26BCF1010F8B65C1E9013370
:10682000C1E90333C1F85E70C1E90633C1E9083339
:10683000C1E90A33C1E90C33C1E90E33C1E91033B0
:10684000C1E912330B65A1F8625081F8653081F817
:106850006C6045D0BCF1020FC1F8F430C1E92833B7
:10686000C1E92A33C1F8FA70C1E92D33C1E92F33E8
:10687000C1E93133C1E93333C1E93533C1E93733D4
:10688000C1E93933C1F8EC30A1F8FE5081F801318B
:1068900081F8086124D09C2102FB010100220B2316
:1068A000C1F89021C1E94F22C1E95122C1F89631C6
:1068B000C1E95422C1E95622C1E95822C1E95A224C
:1068C000C1E95C22C1E95E22C1E96022C1F88821E8
:1068D000012381F89D21FF22A1F89A3181F8A4219A
:1068E00001B0BDE8F083000070B5044690F8FD00EB
:1068F0001546217050B19FED431A9FED433A9FED2D
:10690000432ADFED430A9FED430A13E095ED1F1A7A
:1069100095ED1E0A95ED202A95ED213AF8EEC10A73
:1069200095ED251AB8EEC00AB8EEC22AB8EEC33A01
:10693000B8EEC11A04F1EC0084ED400AC4ED410A3E
:1069400084ED422A84ED433A80EC030A95ED222A35
:1069500049F28060C4F61830C4F8F80084ED562A75
:10696000D5F88C00B7EE003AC4F85C01D5F8900079
:10697000DFED2A1A83EE023AC4F85401B5EE402A3C
:1069800004F5BA709FED244AF1EE10FA08BFB0EE9C
:10699000443A84ED583A05F0B3FDB5F8BC1004F55F
:1069A000B676304607F05CFA304600F0E3FB002094
:1069B000C4F86001D5F8C800C4F8C40095F8CC004C
:1069C000002884F8C80008BF70BDD5F8D810D5E9F4
:1069D0003402C4F8D410C4E9330205F1DC0207CA5A
:1069E00004F1D80307C3D5F8E800C4F8E400D5F8EB
:1069F000EC1004F50A70C4F8E810BDE870400CF023
:106A0000C5B900BF000080465575D8465575D8C633
:106A10005555D5465555D5C6000000008096184BF3
:106A2000B0B588B08170116D4FF0FF33416092F8BE
:106A30006510C1F340010174516DB1F1FF3FC8BF52
:106A400001234365B2F86E10136F4182C363516F27
:106A5000936D92ED051A0164C365B2F96010457833
:106A6000B2F96C3092ED1A0ABDEEC11A8167022D9F
:106A700099B280ED160A80ED1B1A00F09980012D65
:106A800040F0AC8009B2B1F5FA4FA8BF4FF4FA411B
:106A90008161A2F86C10002180F83C1192F8651019
:106AA000C1F3800180F83C1192F86530DD0740F0B9
:106AB0009B801D0700F1A0809D0700F1A580DD06E9
:106AC00004D5103180F83C1192F865305B0644BF64
:106AD000203180F83C11516DB2EE041AA0F83D113E
:106AE000B2F8621020EE010ABDEEC00A92F86430DE
:106AF000A0F83F1110EE101A80F84211114680F8EC
:106B00004131044615460AF033F905F128012046C3
:106B10000AF06AFA2078B5F86E20030300F0070146
:106B20003FFA83F343EA01210844069006A8ADF832
:106B30001C200FF0C5FC2078EA6DB5F86030050325
:106B400000F007013FFA85F545EA01210844CDE947
:106B5000030203A8ADF814300FF09EFC2078D4F89F
:106B60003C21050300F007013FFA85F545EA0121C4
:106B70000844D4F840318DE80D0068460FF050FC11
:106B800004F59A752846322107F06AF9284600F084
:106B9000F1FA04F58A752846322107F061F90020E0
:106BA00084F81101284600F0E5FA08B0B0BD00BF36
:106BB00009B2B1F5526FA8BF4FF45261A2F86C1040
:106BC00081610178002209090346084683F81021F3
:106BD00008B0BDE8B04036F081BF00BF8361A2F8C5
:106BE0006C1008B0B0BD00BF023180F83C1192F8C3
:106BF00065301D077FF560AF083180F83C1192F8D1
:106C000065309D077FF55BAF41F0040180F83C11D2
:106C100092F86530DD063FF554AF57E7B0B58AB05E
:106C20000C46012A16D0022A11D184B1A0F5A27017
:106C3000D0F8D41190F8442100F5A275C0F8601185
:106C4000100909B237F07AFA013C2846F0D10AB0AF
:106C5000B0BD00BF002140F20772002C08910191E5
:106C60000092CDE90221CDE90421CDE906218DF87C
:106C7000211000F0C0809DF82010002870D003295A
:106C800014D8027813033FFA83FC02F007034CEA9E
:106C9000032303EB020E4B1CEC46D0F890208DF83A
:106CA00020300CEBC1034CF831E05A60012C00F0AD
:106CB000A2809DF82010032915D890F844211303D1
:106CC0003FFA83FC02F007034CEA032303EB020EB6
:106CD0004B1CEC46D0F8D4218DF820300CEBC103CE
:106CE0004CF831E05A60022C00F085809DF82010AD
:106CF000032915D890F8882213033FFA83FC02F089
:106D000007034CEA032303EB020E4B1CEC46D0F8BE
:106D100018238DF820300CEBC1034CF831E05A6099
:106D2000032C68D09DF82010032964D890F8CC2358
:106D3000D0F85C0413033FFA83F302F0070443EA3C
:106D400004231A444B1C8DF820306B4603EBC1041E
:106D500043F83120606068460FF030FA0AB0B0BDE9
:106D600003290CD89023481CEC461B688DF82000A2
:106D70000CEBC10240F207704CF831005360012C5B
:106D800039D09DF8200003280DD84FF4EA73411C38
:106D9000EC461B688DF820100CEBC00240F2077126
:106DA0004CF830105360022C25D09DF820000328A9
:106DB0000DD84FF44673411CEC461B688DF820102B
:106DC0000CEBC00240F207714CF830105360032CFA
:106DD00011D09DF8200003280DD8411C40F25C43DF
:106DE0008DF8201069461B6801EBC00240F2077461
:106DF00041F83040536068460FF0E0F90AB0B0BD8A
:106E00004278012A03D190F80831DB072CD10139EF
:106E10008BB2022B28D8B0B582B0C90040F65023FF
:106E200089B2C0F20603022A23FA01F41ED0012A15
:106E300028D1017805460B0301F007023FFA83F3DE
:106E400043EA022211440091694608468DF8044045
:106E50000FF0D2FA05F58A7085F8114100F08AF931
:106E6000012002B0B0BD00BF00207047054637F0DA
:106E70003BFA2878000936F0D7FE85F8104101204A
:106E800002B0B0BD002002B0B0BD00000021C0E9DA
:106E90000011704728F0CEB92DE9F047044619F0EB
:106EA0007DF804214C22234619F082F8002C00F0D2
:106EB0000F8104F0030C0023042C4FF00002C0F0FB
:106EC0008F80A1084FF4987201FB02FE4FF0010A77
:106ED0006FF080294FF07E5547F6FF78002700229B
:106EE000C61996F88C1096F8404001F0F001073171
:106EF00086F88C1096F8D81000F807A001F0F00181
:106F0000073186F8D81096F8241104F0F00401F047
:106F1000F00107F5987707340731BE4502F1040206
:106F2000A6F83B3086F83D3086F83A303387C6E91C
:106F30000133C6E90333C6E90735C6E90933C6E9B3
:106F40000B33C6F83490736486F8404086F84CA042
:106F5000A6F88830C6E91433C6E91633C6E91A35EF
:106F6000C6E91C33C6E91E33C6E92093C6F8903043
:106F7000A6F8D33086F898A086F8D53086F8D230B7
:106F8000A6F8D030C6E92733C6E92933C6E92D353E
:106F9000C6E92F33C6E93133C6F8CC90C6F8DC30E9
:106FA00086F81F3186F8E4A0A6F81A81A6F81881A1
:106FB00086F8213186F81E31A6F81C3186F820317A
:106FC000C6E93A33C6E93C33C6E94035C6E942333F
:106FD000C6E94433C6F8283186F824117FF480AF1F
:106FE000BCF1000F74D04C2302FB030102FB03F73A
:106FF00091F84040012504F0F0040023C5556FF0DE
:1070000080274FF07E560734BCF1010FA1F83B30CA
:1070100081F83D3081F83A300B87C1E90133C1E98D
:107020000333C1E90736C1E90933C1E90B334F63C3
:107030004B6481F840404BD0C1F8807091F88C705F
:10704000A1F8873081F8893081F88630A1F8843042
:10705000C1E91433C1E91633C1E91A36C1E91C3359
:10706000C1E91E33C1F8903007F0F0030733BCF1DB
:10707000020F81F84C5081F88C3008BFBDE8F087D2
:107080004C2102FB0101012381F898306FF080232D
:10709000C1F8CC3091F8D83000224FF07E57A1F8DB
:1070A000D32081F8D52081F8D220A1F8D020C1E9E1
:1070B0002722C1E92922C1E92D27C1E92F22C1E9EF
:1070C0003122C1F8DC2003F0F002073281F8D82029
:1070D000BDE8F087B0B5D0E90B3CD0E902E5A3EB01
:1070E0000C0403630EF1010305EB040C9342C0E9A9
:1070F000023C9CBF0020B0BDBCF1000F48BFCCF1EA
:10710000000C00228C454FF00001B8BF0121C0E9FE
:1071100002220846B0BD0000B0B582B004464078F7
:10712000022819D0012822D120780025020300F07E
:1071300007013FFA82F242EA0121084400906846C2
:107140008DF804500FF058F904F58A7084F8115145
:1071500000F010F802B0B0BD2078000936F0BEFC97
:1071600094F81001A0281CBF002084F8100102B080
:10717000B0BD00004168016070470000012202704C
:107180006FF08022426390F8402000214FF07E5340
:10719000A0F83B1080F83D1080F83A100187C0E954
:1071A0000111C0E90311C0E90713C0E90911C0E9E1
:1071B0000B11416402F0F001073180F84010704774
:1071C0002DE9F04FDDE90D7ADDE911ECDDE90F98ED
:1071D000DDE90B5B8765071DDDE909465EC7C0E990
:1071E000065BC0E908A8C0E90A9EC0F830C0BDE847
:1071F000F08F0000B0B50446B0F8DC01154690846D
:1072000004F5BA7001F0A2FE94ED4A0A94ED4B1A0F
:1072100094ED4C2ABDEEC00ABDEEC11ABDEEC22AE5
:1072200085F8260085ED000A85ED011A85ED022A14
:10723000D4F83401E860B0BD70B505460C46A96AC3
:107240006A6BC069C4E9001295F8F6106B6F0026EE
:10725000A381A660208289B96878022806D0012817
:1072600008D195F8080100F0010004E036F06CFD4B
:1072700001E000BF0020B0FA80F0460914F096F952
:10728000A97814F0CFF938B190F824000A3818BF63
:107290000120304203D170BD002E08BF70BD4BF2FB
:1072A000EC60C0F606000068606170BD00EE101A68
:1072B00001EE102A02EE103AB8EEC00AB8EEC11A7A
:1072C000B8EEC22A002180ED050A80ED061A80ED95
:1072D000072AC0E9081180F82810C0E90C11C0E99C
:1072E0000E1101647047000090ED000A90ED011A44
:1072F00002EE101AB4EE410AF1EE10FAB8EEC22A0C
:107300000ED0B4EE420AF1EE10FA0BDCB4EE421AE3
:10731000B0EE420AF1EE10FAB8BFB0EE410A01E059
:10732000B0EE420A002180ED040A80ED050AC0E9B2
:107330000611C0E9081180F82810C0E90C11C0E955
:107340000E11016470470000014690F8FD009FEDAA
:107350000B1A9FED0B2A002804BFB0EE401AB0EEC6
:10736000602A81ED3B1A9FED071A01F5BA70F0EE25
:10737000411A81ED3C2A05F0C3B800BF5555D5C66A
:107380005555D5460000000010B582B0044640783F
:1073900002281DD0012822D12078020300F0070125
:1073A0003FFA82F242EA01210844009009208DF858
:1073B000040068460FF020F8002084F8110104F55D
:1073C0008A70FFF7D7FE04F59A70FFF7D3FE06E048
:1073D0002078000936F082FB002084F8100100209C
:1073E00084F8F800C4E94100A4F8FA00A4F83001D8
:1073F000A4F8F60002B010BD90F810110120062983
:1074000018BF0A2900D17047502918BF00207047C3
:1074100090F83D3080F83B1073B190F840304FF059
:107420007E510122C0E9072123F0040101F0FE0191
:1074300080F84010704700BF4FF0FF31B2F1FF3FBE
:10744000C8BF01210278C1610D2A4FF0000180ED13
:10745000090A4FD80123934013F4385F12D113F473
:10746000C17F33D09FED241A9FED242A20EE010A1C
:1074700080EE020ABDEEC00A10EE101A1029D8BF25
:1074800010210BE09FED1C1A9FED1C2A20EE010A33
:1074900080EE020ABDEEC00A10EE101A00EE101ABD
:1074A00090ED081AB8EEC00A21EE000ABDEEC00A3F
:1074B00010EE101A47F6FF72818690F84010C286CF
:1074C00001F0FE0180F84010704700BF0C2A4FF019
:1074D0000002F1D19FED081A9FED082A20EE010A63
:1074E00080EE020ABDEEC00A10EE101A0429D8BFC1
:1074F0000421D3E70022DFE700FF7F470000B44309
:1075000010B190F83D200AB1704700BF90F84020BC
:10751000D30718BF704770B586B0002356070363C2
:1075200014D4B0F9342043828389818132B1CB1ADB
:107530001BB2934246DC52429A4243DCC289064661
:1075400091422BD150F82C1F42E000BF03780D2B45
:1075500000F2A380012606FA03F343F602663342E3
:1075600000F0808090F83C30002B00F08F808689FE
:107570008E4240F08F8001335EB2032E80F83C30A3
:10758000C0F28B80038A8181C181C91A89B281626C
:107590000021418280F83C1072E000BF50F82C3F7F
:1075A0008A1A20F81E1C50F8041C20F81A2C01FA24
:1075B00082F140F8041CC3EBC3014FF47A7313FB50
:1075C000021107E0064650F82C1F828901328281A1
:1075D000C1EBC101C910016026F0F2F926F0FAF9F9
:1075E00004460D4626F0ECF926F0FCF9024620464A
:1075F00029460023FAF72AF852EA030004D006B01D
:10760000BDE87040704700BF308F0028F7D096F972
:107610003B100024ADF80E10CDE9040402200A212D
:10762000ADF80C40354625F045F8029014F02AFBE1
:1076300002AE032100220023009614F0F1FA288FF5
:10764000E98E884208D995F8440040F0100085F88A
:107650004400012085F83A002C8706B0BDE8704050
:10766000704700BF13F0180F17D0038A8181C181C2
:10767000C91A89B20023C0E90A13438280F83C305A
:1076800002F0FA0180F8401007E000BF818101217B
:1076900001E000BF002180F83C100021C16206B06B
:1076A000BDE870407047000090F81C0100F0030036
:1076B0000138B0FA80F040097047000090F8DC1102
:1076C000062912BF002080ED450A01207047000006
:1076D00090F8DC1109291CBF00207047B0EE401A59
:1076E00090ED3B0A90ED3C2AB4EE420AF1EE10FA1E
:1076F0000ED0B4EE410AF1EE10FA0BDCB4EE412AE2
:10770000B0EE410AF1EE10FAB8BFB0EE420A01E065
:10771000B0EE410A80B5002180ED460AC0F81C1188
:1077200000F5BA7003F07EFF012080BD90F8DC21E7
:107730000021082A4DD8012303FA02F212F4C17F76
:1077400047D0B0EE401A90ED3B0A90ED3C2AB4EEE3
:10775000420AF1EE10FA17D0B4EE410AF1EE10FA37
:1077600008DCB4EE412AB0EE410AF1EE10FAB8BFDF
:10777000B0EE420A90ED3D1AB4EE601AF1EE10FA46
:107780000BDAF0EE410A11E0B0EE410A90ED3D1A3D
:10779000B4EE601AF1EE10FAF3DBB1EE411AB4EE7A
:1077A000601AF1EE10FAC8BFF0EE410AF5EE400A99
:1077B000F1EE10FA80ED460AC0ED470A04BF012041
:1077C000704780B500F5BA7003F06AFE0121BDE88C
:1077D000804008467047000090F8DC11502912BF25
:1077E000002080ED450A01207047000090F8DC1170
:1077F000032912BF002080ED490A012070470000D4
:1078000010B52DED048B044600F5B670B0EE608A1D
:10781000B0EE409AFFF7AEFC94F8DC1100200E2980
:1078200047D8012202FA01F144F28412114240D0F9
:1078300094ED3D0AB4EE490AF1EE10FA12DAB0EE18
:10784000409A94ED3E0AB4EE480AF1EE10FA19DBC4
:10785000B1EE400AB4EE480AF1EE10FAC8BFB0EE3D
:10786000408A11E0B1EE400AB4EE490AF1EE10FA96
:10787000C8BFB0EE409A94ED3E0AB4EE480AF1EE6D
:1078800010FAE5DAB0EE408AB5EE408AF1EE10FA71
:1078900004F5BA7084ED479A84ED488A02D104F069
:1078A00043FE05E0B0EE490AF0EE480A03F0E6FEBA
:1078B0000120BDEC048B10BDD0E90F3293420AD0F9
:1078C000D0F828C0B1F1FF3FD8BF9C4510DB01299B
:1078D000A8BF94450CDCC26E53428A42A8BF0A4638
:1078E0008B42C8BF1A460267C0F89020704700BF9D
:1078F00000220267C0F8902070470000D0E90F32E4
:1079000093420AD0D0F828C0B1F1FF3FD8BF9C45C0
:1079100010DB0129A8BF94450CDC826953428A42DE
:10792000A8BF0A468B42C8BF1A460262C0F8902020
:10793000704700BF00220262C0F89020704700002C
:10794000D0E90F32934213D100EE101A90ED011AD4
:10795000B8EEC00A9FED0E2A21EE000A80EE020A60
:107960000166BDEEC00A10EE101AC0F89010704704
:10797000D0F828C0B1F1FF3FD8BF9C4503DB0129F7
:10798000A8BF9445E0DD00210166C0F89010704763
:1079900000007A4441780122012980F8F52018BFBF
:1079A000704780B584B00078020300F007013FFA09
:1079B00082F242EA01210844009000208DF8040080
:1079C000029068460EF054FD04B0BDE88040704758
:1079D00080F85C107047000040B190F83D20002A0C
:1079E00018BF704790F84020920701D0704700BF41
:1079F000028E332A39BF01320286012280F83A20F2
:107A00000F290BD80122DFE801F011090C0B09093D
:107A10000909090909090909091100BF022200E041
:107A2000082290F84410114380F84410002180F897
:107A30003C10704790F83D007047000040B190F84E
:107A40003D10002918BF704790F84010890701D0F9
:107A5000704700BF418E332939BF01314186012172
:107A600080F83A1090F8441041F0040180F8441076
:107A7000002180F83C1070472DE9F04F81B02DEDCA
:107A8000048BAEB0044680690D464FF41C71164657
:107A900015FB0101FE2291F8DCB194F85EA081F89B
:107AA000DC21002184F85E2084F863103178CA1E3E
:107AB0000B2A00F28B80DFE812F05B0289007F0264
:107AC0007302DF010D000D00ED009D028F00130316
:107AD0002D0100BF94F86C208A4277D0002284F8F0
:107AE0006C10E168626522670F784FF41C7517FB14
:107AF0000507FE236269D4F858C087F8DC314F7857
:107B000017FB050787F8DC31897811FB050080F841
:107B1000DC3110784C2510FB05C005F0A9FD60692B
:107B2000A16D407810FB051005F0A2FD6069A16D04
:107B3000807810FB051005F09BFD7068E1696067B7
:107B4000B0684FF4A275E067F068A067206900781C
:107B500010FB0510FFF71EFF2069E169407810FB5C
:107B60000510FFF717FF2069E169807810FB051009
:107B7000FFF710FF2069E169007810FB0510012173
:107B8000FFF73EF92069E169407810FB05100121FB
:107B9000FFF736F92069E169807810FB05100121B3
:107BA000FFF72EF92069E169027812FB0512926C49
:107BB000C4F88020427812FB0512926CC4F884202D
:107BC000807810FB0510806CC4F888002EB0BDECE6
:107BD000048B01B0BDE8F08F13F0E8FC294613F0E8
:107BE00013FDD6E9012148F20003002A48BF5242A2
:107BF00000EE102A90ED311AB8EEC00A21EE000A0C
:107C0000BDEEC00A10EE102AD0F89800CFF6FF7330
:107C1000B2F5004FB8BF4FF4004300280FF6A01094
:107C2000C8BF043090ED000A03EB020880EE010AA1
:107C30004EF6E1520DF15809C0F606022B46BDEE94
:107C4000C00A10EE100A0F1848465021CDE90087EF
:107C5000F9F78AFD0420012124F02CFD0490002076
:107C60008DF814008DF81550ADF81600CDE906001A
:107C700014F008F80DF1100C02214A460023CDF84B
:107C800000C013F0CDFFA06D4C2115FB0100414653
:107C90003A4673E10A2184F86C10002121674FF401
:107CA0001C7115FB010004F0E1FBE0694FF4A277C1
:107CB00015FB0700002105F0EFFFE069012115FB2E
:107CC0000700FFF79DF8E1697068A26D15FB0711C9
:107CD0004C27486215FB0720FFF7ACFE002800F098
:107CE0003982A06D15FB070005F0C2FCB068C4F82E
:107CF00090007068C4F88C0042F6E060C4F894000C
:107D00004FF47A70C4F898002EB0BDEC048B01B02B
:107D1000BDE8F08F96ED020A4FF41C77B8EEC00A6A
:107D200015FB070080ED830AA069B16915FB070008
:107D3000C0F810124FF000090E20C4F8709084F8BB
:107D40006C00A069317815FB070080F8241201212E
:107D500080F80812A0690DF1580815FB070080F89B
:107D6000099240464621FAF79BF9A06915FB0700E6
:107D7000D0F80C0242F02AF941EC100B70680FF2B7
:107D8000B0720290404646218DED000BF9F7ECFCF5
:107D90000420012124F08EFC04908DF814908DF8BD
:107DA0001550ADF81690CDE9069913F06BFF04AFAE
:107DB000022142460023009713F032FF1BF020F807
:107DC0001BF088FB002800F0E5810DF158084046C3
:107DD0004621FAF765F9D6F804C0B7690FF2747254
:107DE000404646212B46CDE900C7F9F7BDFC0420EB
:107DF000012124F05FFC04908DF814908DF815504B
:107E0000ADF81690CDE9069913F03CFF02214246E9
:107E1000002304AF009713F003FFD6E90478384637
:107E200027F0E0FA814600F0FE000E2840F07E8246
:107E300016AC20464621FAF733F94EF61A62C0F620
:107E40000602204646214B46F9F78EFC042001210C
:107E500024F030FC049000208DF814008DF81550AB
:107E6000ADF81600CDE9060013F00CFF0221224602
:107E7000002304AF50E200BFFE224FF41C79002122
:107E800084F86C2015FB09000722216780F8242262
:107E900080F80912A0694FF0010815FB090080F86D
:107EA0000882A069D6E9031215FB0900D0F804A2E4
:107EB000501A00EE100ADAE91E02B8EEC00A121AD1
:107EC00001EE102AB8EEC11A80EE018A00EE101AF7
:107ED000B8EEC00A01EE100AB8EEC11A80EE080A28
:107EE00030EE410ABDEEC09A0EF092F80E218DF8E8
:107EF00010508DF811108DED168A8DED179A0168CE
:107F000016AA4B6A04A99847A06D4C2715FB0700D9
:107F1000B0EE480A06F018F8A06D15FB070090F8BF
:107F2000401041F0040180F8401096ED030A9AEDEC
:107F30001E1AB8EEC00A80EE080AB8EEC11AA0698F
:107F400015FB090030EE410AB8EEC91A30EE410ABD
:107F5000BDEEC00A80ED830AA06915FB090080F818
:107F600009822EB0BDEC048B01B0BDE8F08F00BFDC
:107F7000A06D4C23D6E9031215FB030006F028F888
:107F8000E0694FF4A27715FB0700002105F084FE9D
:107F9000E069B4F9401015FB0700FEF731FFD0E0AF
:107FA000318B012900F026814FF6FF72914240F09B
:107FB00095810C211FE100BF00202067E0694FF48C
:107FC000A271331D15FB01000ECBD21A07F0D2FAB5
:107FD000A169002800F006814FF41C7015FB001009
:107FE00004F044FAA06D4C2115FB010005F040FBA4
:107FF000A7E000BFA06DE42115FB0107F8697168D7
:10800000C0EBC032384605F0E3FFBA6EB16807F145
:108010004C00C2EBC23205F0DBFFD7F8B420F168A8
:1080200007F19800C2EBC23205F0D2FF204601F002
:108030008FFEE0694FF4A27715FB0700002105F0E1
:108040002BFEE069012115FB0700FEF7D9FEE06970
:1080500015FB0700FFF79EFCA0694FF41C7115FB90
:1080600001004FF4F851C0F8EC11716990ED4A1A13
:108070009FED5F2AC0F8F01131EE021A316990EDE0
:108080003C0ABDEEC12AB8EEC21AC0F8FC114FF48A
:108090006171B4EE410AC0F8F411F1EE10FA80ED0E
:1080A0007E2ABEBFBDEEC00A80ED7E0AB8EEC01AC1
:1080B00090ED3B0AB4EE410AF1EE10FAC4BFBDEEFA
:1080C000C00A80ED7E0A307884F86C00012060657B
:1080D000002020672EB0BDEC048B01B0BDE8F08F0E
:1080E000A06D4FF4987115FB0107F8697168C0EB3A
:1080F000C032384605F06CFFBA6EB16807F14C002B
:10810000C2EBC23205F064FFD7F8B420F16807F182
:108110009800C2EBC23205F05BFFD7F8002131694D
:1081200007F1E400C2EBC23205F052FF204601F035
:108130000FFEE0694FF4A27115FB0100002105F06C
:10814000ABFD307884F86C002EB0BDEC048B01B030
:10815000BDE8F08FB068A16DC4F890007068C4F8F5
:108160008C0042F6E060C4F894004FF47A70C4F8D2
:10817000980015FB071005F0FBFEA06DB16815FB1C
:1081800007002EB0BDEC048B01B0BDE8F04F07F046
:1081900021BF00BF44F24010C0F6070090E88E00F7
:1081A000D0E90464D0F818C0808B0DF1100E8EE871
:1081B0008E00ADF82C0004200121CDE90864CDF833
:1081C00028C024F077FA2A908DF8AC908DF8AD5045
:1081D000ADF8AE90CDE92C9913F054FD2AAF04AA66
:1081E000022198E04FF41C7015FB0010FCE000BF6A
:1081F000000061441021314491ED000AFE214FF44A
:108200001C78002784F86C1015FB080006212767EE
:1082100080F82412012180F80812A069B8EEC09AF3
:1082200015FB080080F81472A06915FB0800D0F84F
:10823000049216F0D5FE17F0C1F9002800F0DE8098
:10824000D6E90301081A00EE100AD9E91E01B8EEBA
:10825000C00A081A01EE100AB8EEC11A80EE018AAF
:108260000DF0D6FE0E218DF810508DF811108DED09
:10827000168A1797016816AA4B6A04A99847A06D39
:108280004C2715FB0700B0EE480A05F05DFEA06D17
:1082900089EE081A15FB070090F8401041F0040120
:1082A00080F8401096ED030A99ED1E2AB8EEC00A38
:1082B00080EE080AB8EEC22AA06915FB080030EE6D
:1082C000420ABDEEC02A80ED862AA06931EE400A3E
:1082D00015FB080080ED830AA3E000BF4EF60362A1
:1082E00016AC0BB2C0F6060220464621F9F73CFA5E
:1082F0000420012124F0DEF9049000208DF8140000
:108300008DF81550ADF81600CDE9060013F0BAFC53
:1083100004AF022122460023009713F081FC2EB007
:10832000BDEC048B01B0BDE8F08F00BF812107EBED
:108330000800C8F2080151FB00019FED911ACA1311
:1083400002EBD171C1EB0131C0EB011000EE100A5C
:10835000B8EEC00A20EE010AB2EE041A20EE010ABD
:10836000BDEEC00AB9F10F0F10EE107A00F2DC80FA
:10837000012000FA09F04CF20F01084208BF4FF04B
:108380000F091AF03DFD337B29464A4600971AF043
:1083900013FC00285CD00DF1580808F121002521BC
:1083A000F9F75CFE77480DF15C09169075A0071D82
:1083B0008ECF00F1140E90F820009EE8405089E81E
:1083C0008E008DF878000023404629460022CDE932
:1083D0001B6CCDF874E00093019305F01FFDA069BC
:1083E0004FF41C7115FB010080F8DCB184F85EA02D
:1083F0002EB0BDEC048B01B0BDE8F08F1AF000FD8B
:108400001BF068F8002849D0A0694FF41C7115FBD7
:10841000010080ED839AA06915FB01000021C0F8DE
:10842000181296ED020AA0694FF41C71B8EEC00A4A
:1084300015FB010080ED840AA06915FB01000121F4
:1084400080F814122EB0BDEC048B01B0BDE8F08FA3
:10845000D4E906104FF41C7715FB071191ED830A40
:108460004FF4A2727168BDEEC00A15FB020010EE57
:10847000102A07F07FF8E8B3A06915FB070003F0A6
:10848000F5FFA069012115FB070080F809122EB045
:10849000BDEC048B01B0BDE8F08F00BF44F260106A
:1084A000C0F6070090E88E00D0E904640DF158088A
:1084B000D0E906CE88E88E0000F12007CDE91A64E5
:1084C000DECF90F83800CDE91CCE0DF1780C8CE8A9
:1084D0005E008DF89000002316A8294600222397FD
:1084E0000093019305F09AFC2EB0BDEC048B01B013
:1084F000BDE8F08F16AE30464621F9F7D1FD2AA22D
:108500003046462100234FF00008F9F72DF9304698
:1085100029460022CDF80080CDF8048005F07EFCCD
:10852000A06915FB07005FE74FF00F0929E700BFBF
:10853000476F696E6720746F206861726473746F2F
:1085400070506F733A252E326620772F2050574D8A
:108550003A2564004D6F7665206872645F737470AD
:10856000206D6F746F723D25642077697468207088
:10857000776D3D256420616E6420637A3D2564003B
:108580000000B43B4572726F7220696E20726563A1
:10859000616C69627261746520504F5320656E632F
:1085A0006F646572000000004572726F7220696E20
:1085B000207365742068733A207265743D256400E9
:1085C000000000C70000004770B582B0044600F507
:1085D000B27003F0BBF890B194F8E0110020C4F839
:1085E0003401C4F82401C4F84C0141B194F80102EB
:1085F00040F0010084F801020A2084F8DC0194F8BC
:10860000DC1100200B2900F09F80FE2900F09C80E7
:1086100094ED3B0A94ED3C1AB4EE410AF1EE10FAE7
:1086200022D094ED421A9FED492A94ED4A0A31EE88
:10863000021AB4EE410AF1EE10FA0ADB94ED431A85
:108640009FED432A31EE021AB4EE410AF1EE10FA20
:108650000ADD94F8010240F0020084F801020A20C9
:1086600084F8DC0102E000BF0A296DD1B4F80202EF
:1086700041F28832013081B29142A4F8020209D954
:108680000020A4F8020284F8010294F80012884243
:1086900006D158E094F8010294F80012884252D0B2
:1086A000C00722D011F001001FD1207844F20855F4
:1086B000C1F20005E8800020C5E90200A880022080
:1086C000072123F0F7FF286013F0DCFA04210022D1
:1086D0000023009513F0A4FA12F068FF217812F03D
:1086E000DDFF00281CBF2968416194F80102800762
:1086F00025D594F80002800721D4207844F208554B
:10870000C1F20005E8820020C5E90600A882022027
:10871000102123F0CFFF2E4646F8100F13F0B2FAC7
:10872000042100220023009613F07AFA12F03EFF93
:10873000217812F0B3FF00281CBF2969416194F829
:10874000010284F80002012002B070BD0080E3C481
:108750000080E34410B50446043007F073FD04F1D3
:10876000640007F06FFD94ED4A0A04F5BA70BDEE9F
:10877000C00A10EE101AFEF7B7FDD4F82801D4F89D
:1087800034110022C4E94520C4E94722C4F8241169
:10879000C4E95122C4E9532210BD00002DE9F04F75
:1087A00083B0044690F81001A02804BF012084F88B
:1087B000F600607802280BD135F0C6FA94F808115B
:1087C00000F0010001F0FE01084484F8080101E016
:1087D00094F8080110F001001CBF002184F8111169
:1087E0006178012966D194F8101194F81121914211
:1087F00004D094F8F610084300F048824FF0000AC5
:1088000004F58A7084F8F8A0FEF7B4FC04F59A70B9
:1088100002F09CFF002807BF002784F8F7700127AB
:1088200084F8F67094F80C01C10740F0CD80410740
:1088300000F1D280000704D5B4F802010130A4F899
:108840000201B4F8FC0042F21172013081B291428F
:10885000A4F8FC0029D3D4F8FE00B4F8021150EAC1
:1088600001021FD044F28056C1F20006A578C6E985
:1088700002010020B08002200B21F58023F01AFFB6
:10888000306013F0FFF9042100220023009613F05A
:10889000C7F912F08BFE294612F000FF00281CBF1A
:1088A000316841610020C4E93F0094F80801C00725
:1088B00007D00BE04FF0000A002794F80801C0072A
:1088C00004D194F8F600002800F090806078022827
:1088D00003D12078000935F001F9B4F8FA0041F22B
:1088E0008832013081B29142A4F8FA000CD90020FC
:1088F0000021A4F8FA00C4F80401A4F8F700D4F8A1
:108900000891494508D1B7E1D4F80411C8B2D4F8A8
:108910000891494500F0B08102975FFA89F7F9079D
:108920006CD010F00100BB4623D144F28056A578EC
:10893000C1F200060020C6E90200B080022000213A
:10894000F58023F0B7FE306013F09CF9042100227B
:108950000023009613F064F912F028FE294612F065
:108960009DFE00281CBF3168416107F0FE0B94F8A2
:10897000087138074FEA194845D594F804010007F3
:1089800041D444F28057A578C1F200070020C7E91E
:108990000200B88002200121FD8023F08BFE3860A8
:1089A00013F070F9042100220023009713F038F926
:1089B00012F0FCFD294612F071FE00281CBF396838
:1089C00041610BF0F70B1EE0B4F8FE100131A4F882
:1089D000FE1041077FF52EAFB4F800110131A4F865
:1089E000001100073FF528AF2BE700BF0020C4F8B7
:1089F0000401A4F8F70003B0BDE8F08FBB463807C8
:108A00004FEA1948B9D494F80A01800725D594F89B
:108A10000601800721D444F28056A578C1F20006F1
:108A20000020C6E90200B08002200221F58023F078
:108A300041FE306013F026F9042100220023009645
:108A400013F0EEF812F0B2FD294612F027FE0028CE
:108A50001CBF3168416108F0FD0894F80801CDF8A9
:108A60000480410603D594F80411490605D5C106D2
:108A700027D594F80411C90623D444F28057A57869
:108A8000C1F200070020C7E90200B88002200321DC
:108A9000FD8023F00FFE386013F0F4F8042100226B
:108AA0000023009713F0BCF812F080FD294612F065
:108AB000F5FD00281CBF3968416194F808010BF0EE
:108AC000AF0B40B2B0F1FF3F4FEA192825DC94F913
:108AD0000401002821D444F28056A578C1F2000692
:108AE0000020C6E90200B08002200421F58023F0B6
:108AF000E1FD306013F0C6F8042100220023009647
:108B000013F08EF812F052FD294612F0C7FD00282E
:108B10001CBF316841610BF07F0B94F80901574687
:108B2000400628D594F80501400624D4B4F9140071
:108B300044F28056C117C1F20006A578C6E90201C9
:108B40000020B08002201221F58023F0B3FD3060B8
:108B500013F098F8042100220023009613F060F827
:108B600012F024FD294612F099FD00281CBF31683F
:108B7000416108F0BF08029838B394F8F70020BBB1
:108B800044F2805AA578C1F2000A0020CAE9020026
:108B9000AAF8040002200621AAF8065023F08AFD54
:108BA000CAF8000013F06EF8042100220023CDF86B
:108BB00000A013F035F812F0F9FC294612F06EFD12
:108BC00000281CBFDAF800104161BA4609F07F4660
:108BD00017B394F8F800F8B944F28057A578C1F2B9
:108BE00000070020C7E90200B88002200F21FD80A5
:108BF00023F060FD386013F045F8042100220023C3
:108C0000009713F00DF812F0D1FC294612F046FD42
:108C100000281CBF3968416101984FEA0821C0B2A1
:108C200046EA004089B240EA0B0008431FD044F2F4
:108C30008056A578C1F200060021C6E90201B18084
:108C400002200E21F58023F035FD306013F01AF874
:108C5000042100220023009612F0E2FF12F0A6FC8D
:108C6000294612F01BFD00281CBF31684161D4F871
:108C70000801029FC4F8040194F8F60084F8F8A0F3
:108C800084F8F77003B0BDE8F08F00BF04F58A7078
:108C900002F05CFD00281ABF4FF0010A84F8F6A02C
:108CA0004FF0000AB2E50000943007F0CBBA0000A4
:108CB00090ED081A90ED090AB4EE410AF1EE10FAAF
:108CC00030DA90ED113A90ED167A90ED156A20EEBB
:108CD000033A27EE037A90ED145A37EE066A26EE31
:108CE000036A90ED134A36EE055A25EE033A9FEDDE
:108CF000965A90ED062A33EE043A23EE054A90ED9B
:108D0000051A34EE022A22EE054A34EE011A30EE3C
:108D1000050A80ED051A80ED062A80ED073A80ED00
:108D2000090A03E04FF0000CC0E906CC90ED0F1AE1
:108D300090ED100AB4EE410AF1EE10FA42DA90ED2D
:108D4000123A90ED195A20EE030A90ED186A25EEBA
:108D5000005A90ED173A35EE065A25EE000A9FEDBF
:108D60007A5A90ED0D4A30EE030A20EE053A90ED66
:108D70000C2A33EE043A90ED051A23EE054A34EE40
:108D8000022A80ED0E0A32EE010A80ED0C2A80EDF7
:108D90000D3A81ED000A90ED060A90ED0D1A30EEC5
:108DA000010A82ED000A90ED070A90ED0E1A30EEEE
:108DB000010A83ED000A90ED100A30EE050A80EDFD
:108DC000100A2FE090F828C0BCF1000F1ED090EDE3
:108DD0000D1A9FED5D2A90ED0C3A90ED050A21EEFB
:108DE000021A31EE031A4FF0000C31EE000AC0F8FF
:108DF00038C080ED0C1A81ED000A90ED060A90ED66
:108E00000D1A30EE010A82ED000A07E0D0F814C016
:108E1000C1F800C0D0F818C0C2F800C0D0F81CC01B
:108E2000C3F800C080B590ED001A90ED010AB4EED1
:108E3000401AF1EE10FA0BD091ED002AB4EE412A5F
:108E4000F1EE10FA0ADDB4EE402AF1EE10FA43DA40
:108E50004FF0000E4FFA8EF080BD00BF92ED000A79
:108E6000B5EE400AF1EE10FA25DA90F828C0BCF110
:108E7000000F08D190ED0F0A90ED101AB4EE401AD1
:108E8000F1EE10FA13DA90ED050A90ED0C1A4FF09E
:108E9000000C31EE000A80F828C0C0F83CC0C0F8D1
:108EA00040C080ED050AC0E90DCCC0E90BCC4FF005
:108EB000000CC2F800C093ED000A4FF0FF0EB5EEB3
:108EC000400AF1EE10FA01DA00221A600068086028
:108ED0004FFA8EF080BD00BF92ED000A00F1040C45
:108EE000B5EE400AF1EE10FA23DD90F828E0BEF16D
:108EF000000F08D190ED0F0A90ED101AB4EE401A51
:108F0000F1EE10FA13DA90ED050A90ED0C1A4FF01D
:108F1000000E31EE000A80F828E0C0F83CE0C0F80E
:108F200040E080ED050AC0E90DEEC0E90BEE00203F
:108F3000106093ED000A4FF0010EB5EE400AF1EE1D
:108F400010FA6046C0DCC1E76F12833A90ED080A60
:108F500090ED091A0020B4EE401AF1EE10FAA8BF05
:108F60000120704780B5B0F912E0D0E901C39E44FA
:108F70000CF101039342C0E9013E9CBF002080BD7B
:108F8000BEF1000F48BFCEF1000E00228E454FF01B
:108F90000001B8BF0121C0E90122084680BD0000E0
:108FA000C169826A90ED081A514300EE101AB8EEBA
:108FB000C00A80EE010A90ED061AB8EEC11A30EE32
:108FC000410ABDEEC00A10EE100A7047C169C26ABC
:108FD00090ED081A514300EE101AB8EEC00A80EE68
:108FE000010ABDEEC00A10EE100A70472DE9F04FDD
:108FF00081B02DED048B8CB08246B0F85C00013856
:10900000032800F21986CDF81CA0DFE800F003DF8A
:109010000D3300BF50460CB0BDEC048B01B0BDE871
:10902000F04F02F0F1BB00BFDAF804000578002D24
:1090300000F0A38500274FF41C740026069504E079
:10904000069D0136B54200F0D181DAF80C00DAF85D
:109050001810805D10FB0415284606F01BF89AF8DE
:1090600061000028ECD0284600F02AFE002818BF36
:109070000127E5E7DAF8040090F80080B8F1000F66
:1090800000F0DA85DAF80CC0DAF8181008F0030EF0
:10909000B8F1040F4FF000073CD308F0FC035E4228
:1090A0000CF101046FF003054FF41C736219D078C2
:1090B000043510FB0310C0E94677C0F82471C0E9FD
:1090C0005177C0E95377107910FB0310C0E9467758
:1090D000C0F82471C0E95177C0E95377507910FB8B
:1090E0000310C0E94677C0F82471C0E95177C0E9A0
:1090F00053779079721910FB03100432C0E9467758
:10910000C0F82471C0E95177C0F84C71C0F85071B3
:10911000CCD12F1DBEF1000F32D01CF807304FF418
:109120001C7613FB06150023BEF1010FC5E946337B
:10913000C5F82431C5E95133C5F84C31C5F8503173
:109140001ED067447D78BEF1020F15FB0616C6E9F6
:109150004633C6F82431C6E95133C6F84C31C6F857
:1091600050310DD0BA784FF41C7312FB031100225A
:10917000C1E94622C1F82421C1E95122C1E95322A3
:10918000C8F100044FF0FF354FF4A276DAF8100072
:10919000DAF81C102844477817FB06100021FEF768
:1091A0008BFBDAF81C00002117FB0600FEF7A6FB7C
:1091B000DAF81C00002117FB0600FEF7C1FB0135A1
:1091C00060190130E2D100F037BD00BFDAF80400C9
:1091D00090F80090B9F1000F00F0D480C9F10004BC
:1091E0004FF0FF354FF41C76DAF80C00DAF818105F
:1091F0002844407810FB061001F0F8FC0135601996
:109200000130F1D109F0FC009FEDAF8A09F0030BAA
:1092100046424FF000084FF41C754FF4A277CDE999
:1092200004B910E04FF4A277DAF81C00BDEEC00AD2
:109230001EFB070010EE101AFEF782FB08F1010872
:10924000C84500F09F80DAF81000DAF82C2010F8FA
:1092500008E07AB1DAF80C40DAF8181052F82E204B
:10926000B9F1040F0ED20023B0EE480ABBF1000F93
:1092700056D1D9E7DAF818001EFB050090ED540A24
:10928000D2E700BF0694631C6FF00304B0EE480AF7
:10929000181990F803A090F8049002EB8A0C1AFBBE
:1092A00005179CED001A97ED542A02EB890790F8F8
:1092B00005B021EE021A97ED002A19FB051797ED6C
:1092C000543A02EB8B07807931EE000A22EE031A42
:1092D00097ED002A1BFB051797ED543A02EB800728
:1092E00010FB051031EE000A22EE031A97ED002A5A
:1092F00090ED543A043431EE000A22EE031A30198C
:10930000043031EE000AC3D1231DDDF81CA0DDE9D5
:1093100004B9069C4FF4A277BBF1000F3FF484AF71
:10932000E05CBBF1010F02EB800710FB051097ED2D
:10933000001A90ED542A21EE021A31EE000A3FF491
:1093400071AF23445878BBF1020F02EB800710FB8A
:10935000051097ED001A90ED542A21EE021A31EE15
:10936000000A3FF45FAF987802EB800210FB051013
:1093700092ED001A90ED542A21EE021A31EE000A05
:1093800050E700BF9AF86500012800F02D840228FC
:1093900000F0F983032840F04F84DAF804000078E5
:1093A000002800F0498400244FF41C754FF4A27685
:1093B000002706E0DAF8040001370078874280F0E1
:1093C0003B84DAF80C00DAF81810C05D10FB0510C9
:1093D00006F01EFE0028EDD0DAF81000DAF81C10B6
:1093E000C05D10FB0610C0F89040E3E705F0FC00FC
:1093F0009FED358A05F0030640424FF000094FF417
:109400001C7800970490059625E000BFDAE9060174
:109410001BFB08024FF4A2701BFB001090ED011A19
:1094200092ED4B2A92ED490AD2ED4D0A22EE011A35
:1094300001F05CFDDAF81C004FF4A271BDEEC00A29
:109440001BFB010010EE101AFEF736FA09F10109B4
:10945000A94500F0EB81DAF810009AF86120DAF8FB
:10946000201010F809B0EAB10029CFD0DAF82400B2
:10947000DAF80C30DAE906A750F82B804FF4A27026
:109480001BFB007090ED012A042D1FD20027B0EEC7
:10949000481AF0EE480AB0EE480A002E40F0BC80B0
:1094A00027E100BF002900F02B81DAF80C40DAF840
:1094B0001800042D80F02C810023B0EE480A002E05
:1094C00040F07E81B6E700BF00000000CDF80C90B0
:1094D000CDE90130DDF81090581C6FF00304B0EEB8
:1094E000481AF0EE480AB0EE480A4FF41C7E00BF5E
:1094F0000719FA783D7951F822C07E790CEB8B037D
:1095000093ED003A12FB0EA393ED494A08EB820259
:1095100023EE044A93ED4B5A34EE000A92ED004AD2
:1095200051F8252024EE054A24EE024A02EB8B0274
:1095300034EE011A92ED004A15FB0EA293ED4D6A2E
:1095400092ED495A23EE063A92ED4B6A92ED4D7A2E
:1095500024EE055A08EB850235EE000A92ED005A1A
:1095600033EE203A24EE074A51F8262034EE033A2F
:1095700025EE064A24EE024A02EB8B0234EE011A73
:1095800092ED004A16FB0EA292ED495ABF7992ED78
:109590004B6A92ED4D7A24EE055A08EB860235EEC1
:1095A000000A92ED005A24EE074A51F8272034EEC3
:1095B000033A25EE064A24EE024A02EB8B0234EE11
:1095C000011A92ED004A17FB0EA292ED495A92ED54
:1095D0004B6A92ED4D7A24EE055A08EB870235EE80
:1095E000000A92ED005A24EE074A74EE030A25EEB3
:1095F000063A043423EE023A09EB0402043233EE55
:10960000011A7FF475AFDDE90565DDF80C90DDE941
:109610000130271D002E6CD0DE5D4FF41C7251F816
:10962000265016FB02A405EB8B0595ED003A94ED50
:10963000494A94ED4D5A23EE044A08EB860634EE6F
:10964000000A23EE053A94ED4B4A96ED005A059E2A
:1096500073EE200A25EE043A23EE023A012E33EE91
:10966000011A45D01F447E7851F8265016FB02A4FB
:1096700005EB8B0595ED003A94ED494A94ED4D5A72
:1096800023EE044A08EB860634EE000A23EE053A80
:1096900094ED4B4A96ED005A059E73EE200A25EE96
:1096A000043A23EE023A022E33EE011A20D0BF789C
:1096B00051F8271001EB8B0191ED003A17FB02A145
:1096C00091ED494A91ED4B5A91ED4D6A23EE044AD2
:1096D00008EB870134EE000A91ED004A23EE063ACA
:1096E00073EE200A24EE053A23EE022A32EE011A26
:1096F000069D01F0FBFBDDF81CA04FF41C7899E6F9
:10970000DAF818001BFB080090ED540A92E600BF3F
:109710000394DDF8108004F1010E6FF00303B0EE46
:10972000480A4FF41C7C00BF0EEB0306F578347931
:1097300051F8257015FB0C0507EB8B0795ED542AA6
:1097400051F82450727997ED001A05EB8B0514FB44
:109750000C04B67921EE021A95ED002A94ED543AE4
:1097600051F8224012FB0C0231EE000A22EE031ADD
:1097700004EB8B0492ED542A51F8262031EE000AB6
:1097800094ED001A02EB8B0221EE021A92ED002AF0
:1097900016FB0C0292ED543A043331EE000A22EE2D
:1097A000031A08EB0302043231EE000ABCD1DDE9F2
:1097B0000565039C04334FF41C78002E3FF43AAE49
:1097C000E25C012E51F8227012FB080207EB8B07B6
:1097D00097ED001A92ED542A21EE021A31EE000A9A
:1097E0003FF428AEE2185378022E51F8237013FB91
:1097F000080307EB8B0797ED001A93ED542A21EE2F
:10980000021A31EE000A3FF415AE927851F8221098
:1098100012FB080001EB8B0191ED001A90ED542A28
:1098200021EE021A31EE000A04E600BF009800069D
:1098300000F0A3811FEDDC8A4FF000084FF4A27AFC
:109840000DF120094FF41C7605E000BF08F1010876
:10985000A84500F0DD80079AD168D06A11F808B0F9
:1098600060B11369D169042D10D2059A4FF0000C34
:10987000B0EE489A002A66D1A0E000BFD0691BFB79
:109880000A0090ED1C0AB8EEC09A97E00393DDF849
:1098900010C003F1010E6FF00303B0EE489A00BF51
:1098A0000EEB0302D678157950F8267016FB0A16CF
:1098B00007EB8B0796ED1C0A97ED001A50F8256010
:1098C000B8EEC00A15FB0A15547921EE000A06EB22
:1098D0008B0695ED1C1A96ED002AB8EEC11A50F8C9
:1098E000245030EE090A22EE011A14FB0A14927970
:1098F00031EE000A05EB8B0594ED1C1A95ED002A5C
:10990000B8EEC11A50F8224022EE011A12FB0A12D8
:1099100031EE000A04EB8B0492ED1C1A94ED002A40
:10992000B8EEC11A043322EE011A0CEB0302043222
:1099300031EE009AB4D103F1040CDDE90525039B57
:109940004FF41C76D2B313F80C20059C50F822700B
:1099500012FB0A1207EB8B0792ED1C0A97ED001A17
:10996000B8EEC00A21EE000A012C30EE099A25D08B
:1099700003EB0C025378022C50F8237013FB0A13EC
:1099800007EB8B0793ED1C0A97ED001AB8EEC00A9F
:1099900021EE000A30EE099A10D0927850F8220099
:1099A00012FB0A1100EB8B0091ED1C0A90ED001ADE
:1099B000B8EEC00A21EE000A30EE099A079C09EBC6
:1099C0008B07A06987ED009A1BFB060000F078F971
:1099D0004FF41C7600283FF439AFA06900211BFB2F
:1099E000060090ED440A0020B5EE400AF1EE10FAB0
:1099F000B4EE490AC8BF0120F1EE10FAB8BF012148
:109A0000484018BFB0EE409A87ED009A1EE700BFAD
:109A10009FED8C8A079CDDE904B64FF0000A4FF4F5
:109A2000A27812E009EB800191ED000A079CBDEEDF
:109A3000C00AE16910FB081010EE101AFDF73CFF98
:109A40000AF1010AAA4500F097802069216A10F8FE
:109A50000A000029E6D0D4F80CC0042D06D2002359
:109A6000B0EE480A002E4FD1E0E700BF0CF1010E26
:109A70006FF00303B0EE480A0EEB0305EE782A7987
:109A800051F8267009EB860607EB800796ED002A51
:109A900051F822606C7997ED001A06EB800609EB0D
:109AA000820221EE021A96ED002A92ED003A51F858
:109AB0002420AD7931EE000A22EE031A02EB800277
:109AC00031EE000A92ED001A09EB840292ED002AB1
:109AD00051F8252021EE021A02EB800292ED002AB5
:109AE00009EB850292ED003A043331EE000A22EED2
:109AF000031A0BEB0302043231EE000ABCD1DDE99C
:109B000005650433002E91D01CF80320012E51F876
:109B1000227009EB820207EB800797ED001A92EDA5
:109B2000002A21EE021A31EE000A3FF47FAF0CEB5F
:109B300003025378022E51F8237009EB830307EBDD
:109B4000800797ED001A93ED002A21EE021A31EEFC
:109B5000000A3FF46BAF927851F8221001EB8001BC
:109B600091ED001A09EB820191ED002A21EE021A13
:109B700031EE000A5AE700BFA2469AF865000128B4
:109B80000AD0022858D150460CB0BDEC048B01B06D
:109B9000BDE8F04F07F0DCBCDAF8040000780028DC
:109BA0004AD000244FF41C754FF4A276002705E03C
:109BB000DAF804000137007887423DD2DAF80C0069
:109BC000DAF81810C05D10FB051004F093FA0028B5
:109BD000EED0DAF81000DAF81C10C05D10FB0610A9
:109BE000C0F89040E4E700BFDAF80400007818B34A
:109BF00000244FF41C754FF4A276002706E000BF46
:109C0000DAF8040001370078874215D2DAF80C0040
:109C1000DAF81810C05D10FB051004F06BFA00288C
:109C2000EED0DAF81000DAF81C10C05D10FB061058
:109C3000C0F89040E4E700BF0CB0BDEC048B01B06D
:109C4000BDE8F08F0000000090F8DF2162B190EDD8
:109C5000460ABDEEC00A81ED000A90ED510ABDEE44
:109C6000C00A10EE102A01E000220A6010B58A60D6
:109C700090F8E02172B190ED490A4FF0010EBDEE6F
:109C8000C00A10EE103A4FF00C0C4FF4A6720424E8
:109C900009E000BF00234FF0100C4FF4A8720C2411
:109CA0004FF0000E4B600B51104490ED000A7046CF
:109CB000BDEEC00A10EE102A41F80C2010BD0000C5
:109CC00090F9DE017047000091ED000AB7EE001A2E
:109CD00080ED560A4A689FED092AC0F85C21896820
:109CE000B5EE400A81EE001AC0F85411F1EE10FAF8
:109CF00018BFB0EE412A80ED582A704700000000DE
:109D00009430FDF765BE000090ED210ABDEEC00A5B
:109D100081ED010A90ED230ABDEEC00A81ED030A30
:109D2000D0F890000861704790F8F500B0FA80F024
:109D30004009704780B5DDE902EC00F13C0780ED99
:109D4000050AC0ED060A87E80E40C0F84CC080BD89
:109D50002DE9F04FB1B041688246806A0E78002844
:109D600014900F9600F0C081002E00F0CD81DAE94A
:109D700003019FEDDA0A1390DAE906074C1C1290F2
:109D80001191881C06F0FC0106F003054A424FF4CD
:109D9000A27C4FF0000B109005E000BF0BF1010B0F
:109DA000B34500F09D811398129910F80B004FF401
:109DB0001C7310FB03190021C9E94F11149999F87C
:109DC000C83051F8208009F59E7E0E9043B1042ED4
:109DD00012D20023B0EE401A002D5FD1DEE700BFA3
:109DE000042E80F097800023B0EE401AB0EE402A97
:109DF000002D40F01381D1E76FF00303B0EE401A5D
:109E0000E618F078043308EB800110FB0C7090ED3D
:109E1000122A91ED003AB8EEC22A23EE022A32EE5F
:109E2000011A8EED001A307908EB800110FB0C70DE
:109E300090ED122A91ED003AB8EEC22A23EE022AE2
:109E400032EE011A8EED001A707908EB800110FBDA
:109E50000C7090ED122A91ED003AB8EEC22A23EE72
:109E6000022A32EE011A8EED001AB07908EB800159
:109E700010FB0C7090ED122A91ED003AB8EEC22A58
:109E800023EE022AD01832EE011A04308EED001AA9
:109E9000B6D10F9E0433002D3FF480AF1198012DF1
:109EA000C05C08EB800110FB0C7090ED122A91ED64
:109EB000003AB8EEC22A23EE022A32EE011A8EEDE3
:109EC000001A3FF46BAFE05C022D08EB800110FB41
:109ED0000C7090ED122A91ED003AB8EEC22A23EEF2
:109EE000022A32EE011A8EED001A3FF457AF109895
:109EF000C05C08EB800110FB0C7090ED122A91ED14
:109F0000003AB8EEC22A23EE022A32EE011A8EED92
:109F1000001A43E76FF00303B0EE401AB0EE402A98
:109F2000E618F178043308EB810011FB0C7191ED18
:109F3000124A90ED003AB8EEC44A23EE043A33EEEA
:109F4000022A91ED195A8EED002A90ED003AB8EEF2
:109F5000C54A23EE043A33EE011A89ED501A3079DE
:109F600008EB800110FB0C7090ED124A91ED003A65
:109F7000B8EEC44A23EE043A33EE022A90ED195AA1
:109F80008EED002A91ED003AB8EEC54A23EE043A70
:109F900033EE011A89ED501A707908EB800110FB3D
:109FA0000C7090ED123A91ED004AB8EEC33A24EEEF
:109FB000033A33EE022A8EED002A90ED193A91ED24
:109FC000004AB8EEC33A24EE033A33EE011A89EDA3
:109FD000501AB07908EB800110FB0C7090ED123A2A
:109FE00091ED004AB8EEC33A24EE033A33EE022A6A
:109FF0008EED002A90ED193A91ED004AB8EEC33A81
:10A0000024EE033AD01833EE011A043089ED501AC9
:10A0100086D10F9E0433002D3FF4C0AE1198012D60
:10A02000C05C08EB800110FB0C7090ED124A91EDC2
:10A03000003AB8EEC44A23EE043A33EE022A90ED19
:10A04000195A8EED002A91ED003AB8EEC54A23EE7A
:10A05000043A33EE011A89ED501A3FF49FAEE05CEA
:10A06000022D08EB800110FB0C7090ED124A91ED6F
:10A07000003AB8EEC44A23EE043A33EE022A90EDD9
:10A08000195A8EED002A91ED003AB8EEC54A23EE3A
:10A09000043A33EE011A89ED501A3FF47FAE10985E
:10A0A000C05C08EB800110FB0C7090ED124A91ED42
:10A0B000003AB8EEC44A23EE043A33EE022A90ED99
:10A0C000195A8EED002A91ED002AB8EEC53A22EE1B
:10A0D000032A32EE011A89ED501A5FE600000000F3
:10A0E000DDF8389010E000BF76B1DAF80C80DAE9DC
:10A0F0000601042E06F0030C80F066830027BCF1F5
:10A10000000F40F0C983FFE7DAF83000002800F0C4
:10A11000FB82DAF8080090F800E0BEF1000F00F0D2
:10A120004783CDF8389000264FF41C770DF1540B7F
:10A130004FF04C0925AC0DF17408CDF834E012E075
:10A14000DAF8180015FB0700D0F83C1144F8251088
:10A1500090ED500ADDF834E0013608EB8500B64595
:10A1600080ED000A32D0DAE90501855D15FB0710A4
:10A17000D0F83C01DAF858104BF8250015FB09100F
:10A18000FDF758FC0028DBD1DAF8580015FB090070
:10A19000FEF706FF00EE100A9AF86200B8EEC00A59
:10A1A00004EB850181ED000A20B1DAF8180015FBF7
:10A1B0000700CDE7DAF8580015FB0900FEF706FFA7
:10A1C00000EE100AB8EEC00AC4E700BF0F9EDDF82B
:10A1D0003890002E00F02584DAF80C00BEF1000F54
:10A1E0000B90DAF81800099000F0B283DAF830002A
:10A1F0001FED460A0890DAF814000EF00305471C1C
:10A200000790023005900EF0FC00404200211090B3
:10A210000A951497CDF818A006E000BF0C990F9E80
:10A220000131B14200F0FD830B980C9110F80190C0
:10A2300009984FF41C7119FB010000212DAEC0E9F3
:10A240004A1146F82910089990F8C82051F8294079
:10A2500000F5947C002A00F596720FD0BEF1040F31
:10A2600006EB890018D20026B0EE401AB0EE402A64
:10A27000B0EE403A002D40F0D880CFE7BEF1040F99
:10A2800080F05A810020B0EE401AB0EE402A002D36
:10A2900040F0DB81C2E700BFCDF838906FF00309D2
:10A2A000B0EE401AB0EE402AB0EE403ACDE9114C83
:10A2B0009446424625AC139007EB0906F578DDF885
:10A2C000448004EB850A08EB850E9EED004A9AED6A
:10A2D000005A129B24EE054A34EE033A83ED003A0D
:10A2E00002EB85019EED004A91ED005A0BEB8501D2
:10A2F00024EE054A34EE022A8CED002A9EED004A37
:10A3000091ED005A139824EE054A34EE011A80EDBF
:10A31000001A317909F1040908EB810504EB810782
:10A3200095ED004A97ED005A02EB810724EE054AAD
:10A3300034EE033A83ED003A95ED004A97ED005A6A
:10A340000BEB810124EE054A34EE022A8CED002A43
:10A3500095ED004A91ED005A24EE054A34EE011ABB
:10A3600080ED001A717908EB810704EB810597ED08
:10A37000004A95ED005A02EB810524EE054A34EEC1
:10A38000033A83ED003A97ED004A95ED005A0BEB46
:10A39000810124EE054A34EE022A8CED002A97ED65
:10A3A000004A91ED005A24EE054A34EE011A80ED80
:10A3B000001AB17908EB810704EB810697ED004A9A
:10A3C00096ED005A02EB810624EE054A34EE033A7C
:10A3D00083ED003A97ED004A96ED005A0BEB8101B0
:10A3E00024EE054A34EE022A8CED002A97ED004A4D
:10A3F00091ED005A1099149F24EE054A494434EE19
:10A40000011A043180ED001A7FF456AF09F10406F9
:10A41000DDF818A0DDE90DE90A9D90466246DDE908
:10A42000114C1398002D3FF4F9AE079925AB895DC7
:10A4300004EB810703EB810597ED004A95ED005A87
:10A4400008EB810524EE054A34EE033A8CED003A20
:10A4500097ED004A95ED005A0BEB810124EE054A79
:10A4600034EE022A82ED002A97ED004A91ED005A5F
:10A470000A9D149F24EE054A34EE011A012D80ED49
:10A48000001A3FF4CBAEB95D04EB810703EB810505
:10A4900097ED004A95ED005A08EB810524EE054A38
:10A4A00034EE033A8CED003A97ED004A95ED005AF0
:10A4B0000BEB810124EE054A34EE022A82ED002ADC
:10A4C00097ED004A91ED005A0A9D149F24EE054A2B
:10A4D00034EE011A022D80ED001A3FF49FAE05996B
:10A4E00025AF895D664604EB810307EB810793ED99
:10A4F000004A97ED005A08EB810724EE054A34EE36
:10A50000033A8CED003A93ED003A97ED004A0BEBDD
:10A51000810123EE043A33EE022A82ED002A93ED04
:10A52000002A91ED003A149F22EE032A32EE011A1E
:10A5300080ED001A72E600BF13464246DDF8408007
:10A54000A34625AC6FF00300B0EE401AB0EE402AEF
:10A550003E18F17804300BEB810704EB810597ED91
:10A56000003A95ED004A02EB810123EE043A33EE06
:10A57000022A8CED002A97ED003A91ED004A23EE75
:10A58000043A33EE011A83ED001A31790BEB81079F
:10A5900004EB810597ED003A95ED004A02EB81014D
:10A5A00023EE043A33EE022A8CED002A97ED003AAE
:10A5B00091ED004A23EE043A33EE011A83ED001ABE
:10A5C00071790BEB810704EB810597ED003A95ED6E
:10A5D000004A02EB810123EE043A33EE022A8CEDAD
:10A5E000002A97ED003A91ED004A23EE043A33EE4B
:10A5F000011A83ED001AB1790BEB810704EB810698
:10A6000097ED003A96ED004A02EB810123EE043A01
:10A6100033EE022A8CED002A97ED003A91ED004AC4
:10A62000149F23EE043A08EB000133EE011A0431C3
:10A6300083ED001A8CD10A9D15A9043090461A4664
:10A640005C468B46002D3FF4E9AD079925AB095CCC
:10A65000012D04EB810703EB810697ED003A96ED9F
:10A66000004A08EB810123EE043A33EE022A8CED16
:10A67000002A97ED003A91ED004A149F23EE043A28
:10A6800033EE011A82ED001A3FF4C8AD395C022D99
:10A6900004EB810703EB810697ED003A96ED004A43
:10A6A00008EB810123EE043A33EE022A8CED002AF6
:10A6B00097ED003A91ED004A149F23EE043A33EEF1
:10A6C000011A82ED001A3FF4A9AD05996646085CAF
:10A6D00004EB800103EB800391ED003A93ED004A17
:10A6E00008EB800023EE043A33EE022A8CED002AB8
:10A6F00091ED002A90ED003A22EE032A32EE011A83
:10A7000082ED001A8AE500BF002E00F08A81DAF897
:10A71000180000244FF41C752DAE4C270CE000BF30
:10A72000DAF8180019FB0501D1E94F23C1E94A23E2
:10A730000F990134A14245D0DAF8141011F80490B1
:10A74000DAF8581019FB0500D0F83C0146F829004A
:10A7500019FB0710FDF76EF90028E1D1DAF858006F
:10A7600019FB0700FEF71CFC00EE100ADAF81800CF
:10A77000B8EEC00A19FB050181ED4A0A9AF8622079
:10A7800022B1D1F84021C1F82C21D1E7DAF85800E4
:10A7900019FB0700FEF71AFC00EE100ADAF81800A1
:10A7A000B8EEC00A19FB050181ED4B0AC0E700BFF6
:10A7B000002E00F03681DAF80C00DAF818700B90F1
:10A7C000C7E000BF0F9E2CE106F0FC0E00274FF4FF
:10A7D000A2794FF41C7B02E00437BE4556D018F82E
:10A7E000073013FB091613FB0B0596ED120A95F8BB
:10A7F000C830B8EEC00A85ED4F0A2BB996ED190A9C
:10A80000B8EEC00A85ED500A08EB0706737813FB13
:10A81000091513FB0B0395ED120A93F8C840B8EE27
:10A82000C00A83ED4F0A2CB995ED190AB8EEC00A9B
:10A8300083ED500AB37813FB091513FB0B0395ED59
:10A84000120A93F8C840B8EEC00A83ED4F0A2CB93B
:10A8500095ED190AB8EEC00A83ED500AF37813FBA0
:10A8600009151A4613FB0B0395ED120A93F8C8401D
:10A87000B8EEC00A002C83ED4F0AADD195ED190A50
:10A88000B8EEC00A83ED500AA6E700BF0F9E9146BE
:10A89000BCF1000F3FF438AC18F807904FF4A272E7
:10A8A0004FF41C7319FB021219FB030392ED120AF9
:10A8B00093F8C860B8EEC00A83ED4F0A2EB992ED46
:10A8C000190AB8EEC00A83ED500A0F9EBCF1010FC1
:10A8D0003FF41AAC08EB070292F801904FF4A27310
:10A8E0004FF41C7719FB031319FB070793ED120AAA
:10A8F00097F8C860B8EEC00A87ED4F0A2EB993EDFD
:10A90000190AB8EEC00A87ED500A0F9EBCF1020F7B
:10A910003FF4FAAB92F802904FF4A27219FB0211C5
:10A920004FF41C7219FB020091ED120A90F8C82036
:10A93000B8EEC00A002A80ED4F0A7FF4E5AB91ED36
:10A94000190AB8EEC00A80ED500AFFF7DDBB00BF60
:10A95000099F711E06F0030C03294FF0000103D27A
:10A96000BCF1000F35D15CE00B9806F0FC02C2F19F
:10A97000000E00F101086FF003024FF41C762DACBD
:10A9800008EB0205E878043210FB0673C3E94A11AC
:10A9900044F82010287910FB0673C3E94A1144F8E3
:10A9A0002010687910FB0673C3E94A1144F820109F
:10A9B00095F8069019FB0670C0E94A110EEB0200EB
:10A9C000043044F82910DBD10F9E111DBCF1000F9B
:10A9D00027D00B984FF41C7510F80190002319FB39
:10A9E00005702DAABCF1010FC0E94A3342F82930A5
:10A9F00017D00B98BCF1020F014491F8019019FB9C
:10AA00000570C0E94A3342F829300AD091F8029023
:10AA10004FF41C7019FB00700021C0E94A1142F884
:10AA20002910DAF818004FF41C7109FB010191F8A4
:10AA3000C810D9B39AF86210C1B30021002ECDE935
:10AA40002611259100F0B880C6F100084FF0FF35BF
:10AA50004FF41C7B0DF19409DAF80C102DAA29444F
:10AA60004F7817FB0B0404F50A7004F1C80102EBE0
:10AA7000870204F1CC0304F1E80604F1D80CE434B5
:10AA8000CDE9006CCDE9024908F084F9DAF8180044
:10AA9000269917FB0B02C2F82C110135279908EBF8
:10AAA00005030133C2F83011D6D185E0002E00F045
:10AAB0008380DAF80CC0042E06F0030104D20023D0
:10AAC000002950D178E000BF06F0FC039FED460A54
:10AAD0005B420CF101066FF003074FF41C7500BFD9
:10AAE000F419E278043712FB050292ED4B1A92ED4D
:10AAF0004E2A82ED4E1A31EE422A22EE002A82EDD3
:10AB00004C2A227912FB050292ED4B1A92ED4E2A45
:10AB100082ED4E1A31EE422A22EE002A82ED4C2AB4
:10AB2000627912FB050292ED4B1A92ED4E2A82EDEC
:10AB30004E1A31EE422A22EE002A82ED4C2AA279E8
:10AB4000DC1912FB050292ED4B1A92ED4E2A0434E9
:10AB500031EE422A22EE002A82ED4C2A82ED4E1A74
:10AB6000BED13B1D41B31CF803204FF41C7712FBF0
:10AB7000070292ED4B1A92ED4E2A9FED1B0A31EE21
:10AB8000422A22EE002A012982ED4C2A82ED4E1A39
:10AB900012D00CEB03025378022913FB070393ED49
:10ABA0004B1A93ED4E2A83ED4E1A31EE422A22EED5
:10ABB000002A83ED4C2A03D131B0BDE8F08F00BFED
:10ABC00091784FF41C7211FB020090ED4B1A90ED3E
:10ABD0004E2A80ED4E1A31EE422A22EE000A80ED16
:10ABE0004C0A31B0BDE8F08F00007A4470B590F89F
:10ABF000DC1104220E2908BF64220929044608BF7B
:10AC0000642200200E2984F8DE0100F2B1800123C5
:10AC10008B4044F28416334204EB02060AD004F55A
:10AC2000B67000F093FD50B104F5BA7001F07CFCF1
:10AC300005E000BF40F20222134200F0658004F5F7
:10AC40008E7504F5BA7004F58C7104F590732A467C
:10AC5000FEF72EF894ED461A94ED470A94ED4A2A31
:10AC600094ED4B3A94F8DD0131EE421A30EE433A5E
:10AC700084ED511A84ED523A10B394ED3B4A94EDB1
:10AC80003C3AB4EE434AF1EE10FA0AD0B4EE442A4C
:10AC9000F1EE10FA62DDB4EE432AF1EE10FA80F222
:10ACA000758094ED4D2A94ED583A96ED014A23EEC5
:10ACB000022A32EE011A24EE011A31EE000A72E085
:10ACC00094F8DC01002101380D28C4F82411C4F8DF
:10ACD0004C1100F29E80DFE800F007079C9C9C9CD2
:10ACE0009C077D9C9C9C9C81B5EE400AF1EE10FA7D
:10ACF00064D194ED310AB4EE401AF1EE10FA75DD2C
:10AD000031EE400A7DE000BF032931D194ED3B1ABA
:10AD100094ED3C0A94ED492A94ED4D3AB4EE401A74
:10AD200032EE433AF1EE10FAC4F81801C4E95100CA
:10AD300084ED533A0CD094ED4A2AB4EE412AF1EE58
:10AD400010FA7BDDB4EE402AF1EE10FA80F2848036
:10AD500094ED580A20EE430A8BE000BF96ED010AFD
:10AD60009FED4D1AFF2020EE010A34EE421A16E044
:10AD70009FED4A0AC4E94600C4F82401C4E9510021
:10AD8000C4F84C01C4F8500170BD00BF96ED010A33
:10AD90009FED411A012020EE010A33EE421A84F899
:10ADA000DE0121EE000A94ED3D1A84ED470AB4EE6F
:10ADB000410AF1EE10FA33DD39E000BF96ED012AC9
:10ADC00096ED043A21EE021A23EE000A30EE010A53
:10ADD0001DE000BF96ED010A17E000BF96ED041AD2
:10ADE0000020C4F8440120EE010A10E0B1EE402A30
:10ADF000B4EE421AF1EE10FAB4BF31EE000A9FED44
:10AE0000270A96ED011A84ED510A21EE000A85ED1C
:10AE1000000A94ED3D1AB4EE410AF1EE10FA06DC98
:10AE2000B1EE411AB4EE410AF1EE10FA03DA85ED03
:10AE3000001AB0EE410A84ED540A70BD96ED010A85
:10AE40009FED153AFF2020EE030A31EE421A84F8F6
:10AE5000DE0121EE000A0CE096ED011A9FED0E3A9C
:10AE6000012021EE031A30EE420A84F8DE0120EEC2
:10AE7000010A94ED3D1A84ED470AB4EE410AF1EE61
:10AE800010FA06DCB1EE411AB4EE410AF1EE10FA06
:10AE9000D1DA84ED471ACCE7CDCCCC3D00000000E0
:10AEA00043784FF0FF32B1F1FF3FC8BF0122012BC1
:10AEB000426518BF704780B584B00278A0F83D1194
:10AEC000130302F00701D0F83CC1D0F840013FFA6B
:10AED00083F343EA01211144039001A8CDE9011C49
:10AEE0000BF09EFA04B0BDE880407047B0B52DED80
:10AEF000048BB0EE418A30EE601A00F1840100F15B
:10AF00009405044681EC030A2846B0EE410AFBF79B
:10AF1000E5F9D4ED210AB0EE409A2846B0EE480A91
:10AF200000F07AF839EE000ABDEC048BB0BD0000E9
:10AF3000B0B5C26A48F2000E8B1ACFF6FF7E13F549
:10AF4000004FD8BF734613445B1A4FF6FF7C63442F
:10AF500023EA0C0319448B1A4FF40044B3F5004F55
:10AF6000B8BF1C461444091B61446FF30F01591A02
:10AF7000114401EE101A90ED010AB8EEC11A81EEEB
:10AF8000001A90ED0E2A026DB8EEC22AC1624FF48B
:10AF9000004131EE421ABDEEC11A11EE103A1AB953
:10AFA000002280F8F4201A46446D9A1A02FB04F538
:10AFB00015F5004FC8BFAE4602FB14E5D0F848E0D7
:10AFC000654425EA0C0502FB04520365B2F5004F07
:10AFD000B8BF1146511A61446FF30F01511A4FF473
:10AFE0007A730EEB0102594301EE101AB8EEC11A42
:10AFF00020EE011ABDEEC11A80ED0D1A01EE102AE5
:10B00000B8EEC11A20EE010ABDEEC00A82644166A4
:10B0100080ED0A0AB0BD000090ED132AB1EE421A8D
:10B02000B4EE401AF1EE10FA1CDA90ED061AB4EE06
:10B03000402AF1EE10FA2DDA90ED112A9FED193A1F
:10B0400090ED0F4A22EE032A90ED043A24EE000A16
:10B0500032EE000A23EE202A32EE000A21EE000A28
:10B06000704700BF90ED102A90ED123A22EE000AD0
:10B070009FED0D2A90ED041A23EE022A90ED064A68
:10B0800030EE020A21EE201A31EE000A24EE000A08
:10B09000704700BF90ED040A20EE200A21EE000A5E
:10B0A000704700BF00247449002474C980B582B081
:10B0B000DDE904CE9430CDE900CEFEF73BFE02B0D0
:10B0C00080BD000010B504460078000932F006FD8E
:10B0D00094F80A0140F0020084F80A01A02084F8E4
:10B0E000100110BD80B140F6E05CC1F2000C9CF88C
:10B0F000010068B1062982BFFF2040B27047DCF82A
:10B10000C00101F0EDBC00BFFE2040B2704700BF9F
:10B11000002040B27047000070B582B0044600784D
:10B12000042808D113F05CFF14F048FA002804BF8B
:10B13000012084F83A0094F83A00A8B1B4F8460027
:10B1400041F28832013081B29142A4F846000FD911
:10B150000021A4F8461084F8451094F84400814278
:10B160000CD1012002B070BD002002B070BD00BF44
:10B1700094F8451094F844008142F2D044F290567D
:10B18000CA07C1F2000602D110F0010209D18A07F4
:10B1900002D410F0020204D109071FD410F00801F4
:10B1A0001CD094F83B500021C6E90201B180022076
:10B1B0000821F58021F07EFA306010F063FD042153
:10B1C00000220023009610F02BFD10F0EFF9294625
:10B1D00010F064FA00281CBF3168416194F8440003
:10B1E00040071CD594F83B500020C6E90200B0800F
:10B1F00002200921F58021F05DFA306010F042FD57
:10B20000042100220023009610F00AFD10F0CEF970
:10B21000294610F043FA00281CBF3168416194F8B8
:10B220004400C0061CD594F83B500020C6E902003B
:10B23000B08002200A21F58021F03CFA306010F045
:10B2400021FD042100220023009610F0E9FC10F0FB
:10B25000ADF9294610F022FA00281CBF316841617F
:10B2600094F8440084F84500012002B070BD00004D
:10B270002DE9F04186B090F8DC21CCB2A24205D194
:10B280000121084606B0BDE8F08100BFFE2A4FF05C
:10B29000000118BF0B2A03D1084606B0BDE8F081B3
:10B2A0000A2A05D10D2CF7D1A0F8001256E000BFF4
:10B2B000502CF1D8DFE814F0560056005600560026
:10B2C000540054005600B600560056005400540076
:10B2D00054005200560054005400540054005400CE
:10B2E00054005400540054005400540054005400BE
:10B2F00054005400540054005400540054005400AE
:10B30000540054005400540054005400540054009D
:10B31000540054005400540054005400540054008D
:10B32000540054005400540054005400540054007D
:10B33000540054005400540054005400540054006D
:10B34000540054005400540054005400540054005D
:10B350005400540054005400560000BF002401E083
:10B360009AE700BF067880F8DC41074604200121F7
:10B370004FF0010821F09EF9002502908DF80C5045
:10B380008DF80D60ADF80E40CDE9044510F07AFC63
:10B3900002AE25A202210023009610F041FC97F88E
:10B3A000DC113C460E2911D808FA01F044F286322D
:10B3B00010420BD00120032984F8DF010BD094F850
:10B3C000DD01012806D1012005E000BF032984F832
:10B3D000DF51F8D0002084F8E001201D04F032FF96
:10B3E00004F1640004F02EFF94ED4A0A04F5BA70EB
:10B3F000BDEEC00A10EE101AFBF776FFD4F8280154
:10B40000D4F834110022C4E945202046C4E947227B
:10B41000C4F82411C4E95122C4E9532202F098FE71
:10B420002EE700BF08249DE753455420434F4E5458
:10B43000524F4C4D4F44450002464078022809D0F7
:10B44000012804D1B1F5FA4FA8BF4FF4FA4108B270
:10B4500090617047B1F5526FA8BF4FF4526108B2C6
:10B46000906170474278012A18BF704705F0BCBD53
:10B47000B0B5054600F59A700C46FBF77BFE606898
:10B48000C5F808012078617885F81001B4F9020048
:10B4900085F80C11E861C1F3001085F8F500B0BD26
:10B4A00090F82810D1B990ED0F1A90ED102AB4EE53
:10B4B000412AF1EE10FA11DB90ED001AB4EE401AB9
:10B4C000F1EE10FA22DD90ED020AB4EE600AF1EE20
:10B4D00010FA2DDAF0EE400A33E000BF90ED051AC5
:10B4E00090ED0C2A002132EE011A80F82810C16379
:10B4F000016480ED051AC0E90D11C0E90B1190ED52
:10B50000001AB4EE401AF1EE10FADCDC90ED012ADC
:10B51000B0EE401AB4EE402AF1EE10FAB8BFB0EE29
:10B52000421A90ED020AB4EE600AF1EE10FAD1DB95
:10B53000B1EE400AB4EE600AF1EE10FAC8BFF0EEC8
:10B54000400A90ED050AF5EE400A31EE400AF1EEB0
:10B5500010FA4FF00001B5EE400AC8BF0121F1EE2C
:10B5600010FA4FF00002B1EE602AC8BF012251402C
:10B5700018BFF0EE420A30EEA02A80EE020A9FEDDC
:10B58000273A002180ED041AB4EE430AF1EE10FAD6
:10B5900080ED080A0ADA9FED220A80ED051AC0E95B
:10B5A0000611016280ED090A704700BFB7EE001A6C
:10B5B00081EE001A90ED063A90ED074A33EE422AEA
:10B5C000B6EE086AB1EE400A80ED090A23EE015A90
:10B5D000B8EE0E3A22EE032ABFEE043A80ED111ABD
:10B5E00035EE045A24EE033A22EE011AB6EE002A92
:10B5F00025EE065A31EE031A24EE022A32EE453ABF
:10B6000032EE012AB1EE422A80ED133A80ED142A7F
:10B6100080ED155A80ED161A704700BF6F12833AFD
:10B620000000000090ED001A90ED012AB4EE421ADD
:10B63000F1EE10FA0ED0B4EE401AF1EE10FA0BDC77
:10B64000B4EE402AB0EE401AF1EE10FAB8BFB0EEF8
:10B65000421A01E0B0EE401A002180ED041A80ED9C
:10B66000051AC0E90611C0E9081180F82810C0E9E0
:10B670000C11C0E90E1101647047000090ED0D1A25
:10B68000F5EE400A30EE412AF1EE10FA4FF00001DB
:10B69000B5EE402AC8BF0121F1EE10FA4FF00002CA
:10B6A000B1EE601AC8BF0122514018BFF0EE410A46
:10B6B00030EEA01A82EE012A9FED223A012180F895
:10B6C0002810002180ED0B0AB4EE432AF1EE10FAA7
:10B6D00080ED0F2A0EDA9FED1C1AC16380ED0D0A72
:10B6E0003821B0EE410A014481ED001A80ED100AC4
:10B6F000704700BFB7EE000A80EE023AB1EE420A90
:10B7000090ED0E2AB6EE084A21EE041A642180ED6F
:10B71000123ABEEE003A22EE032AB6EE003A22EECC
:10B72000033A31EE031A80ED171A32EE011AB1EE28
:10B73000411A80ED182A014481ED001A80ED100AAB
:10B74000704700BF6F12833A0000000001680029B3
:10B750000FBF0120013901600020704700284FF021
:10B76000FF0047D0B0B582B00C4606293FD8002074
:10B77000012A88BF0120B2F10E0118BF0121084241
:10B780004FF0FF0033D193B300201D468DF8070022
:10B790008DF8060002F0AEF90DF107020DF1060377
:10B7A000214603F077F99DF80700042816D09DF88C
:10B7B0000610042912D0032818BF032916D102F05D
:10B7C00099F995ED000A214604F062FC78B902F07F
:10B7D00091F96A68214604F00BFC08E002F08AF94E
:10B7E00095ED000A214604F03BFC00E0FF2002B08A
:10B7F000BDE8B04040B27047002180F83A10A0F890
:10B8000044100163018770472DE9F04F81B02DEDA1
:10B81000048B8CB0824640680778002F00F0F183DB
:10B8200000244FF41C78002603E000BF0136B74225
:10B8300014D0DAF80C00DAF81810805D10FB081547
:10B84000284603F027FC9AF861000028EED028462D
:10B85000FEF736FA002818BF0124E7E7002F00F0B2
:10B860000F8307F0FC009FEDC68A07F00305C0F1C7
:10B8700000084FF000094FF4A2760094CDE906A726
:10B88000CDE9048523E000BFDAE906014FF41C721C
:10B890001BFB02021BFB061090ED011A92ED4B2AD6
:10B8A00092ED490AD2ED4D0A22EE011AFFF71EFB76
:10B8B000DAF81C00BDEEC00A1BFB060010EE101AE1
:10B8C000FCF71CF809F10109B94500F0E581DAF847
:10B8D00010009AF8611010F809B0E9B1DAF82020E8
:10B8E000002AD1D0DAF824003946DAE9063750F8D0
:10B8F0002B801BFB0670DAF80CC090ED012A04299E
:10B9000020D20027B0EE481AF0EE480AB0EE480AFE
:10B91000002D40F0C0802DE1DAF82410002900F05D
:10B920003181DAF80C40DAF8180051F82B10042FA6
:10B9300080F032810023B0EE480A002D40F07A8179
:10B94000B6E700BFCDF80C90CDE901C0DDF810904E
:10B950000CF101006FF00305B0EE481AF0EE480A52
:10B96000B0EE480A4FF41C7E471997F803C03C79A3
:10B9700052F82CA07E790AEB8B0191ED003A1CFB6A
:10B980000E3191ED494A91ED4B5A91ED4D6A23EEFE
:10B99000044A08EB8C0134EE000A91ED004A52F89B
:10B9A000241024EE054A24EE024A01EB8B0134EE0A
:10B9B000011A91ED004A14FB0E3191ED495A23EE24
:10B9C000063A91ED4B6A91ED4D7A24EE055A08EB5B
:10B9D000840135EE000A91ED005A33EE203A24EE50
:10B9E000074A52F8261034EE033A25EE064A24EEB2
:10B9F000024A01EB8B0134EE011A91ED004A16FB6D
:10BA00000E3191ED495ABF7991ED4B6A91ED4D7A26
:10BA100024EE055A08EB860135EE000A91ED005A36
:10BA200024EE074A52F8271034EE033A25EE064A70
:10BA300024EE024A01EB8B0134EE011A91ED004A2B
:10BA400017FB0E3191ED495A91ED4B6A91ED4D7A0C
:10BA500024EE055A08EB870135EE000A91ED005AF5
:10BA600024EE074A74EE030A25EE063A043523EE67
:10BA7000023A09EB0501043133EE011A7FF474AF89
:10BA80002F1DDDE9055ADDF80C90DDE901C04FF40A
:10BA9000A276002D6ED01CF807604FF41C7152F88E
:10BAA000265016FB013405EB8B0595ED003A94ED1D
:10BAB000494A94ED4D5A23EE044A08EB860634EECB
:10BAC000000A23EE053A94ED4B4A96ED005A059D87
:10BAD00073EE200A25EE043A23EE023A012D33EEEE
:10BAE000011A45D067447E7852F8265016FB01347F
:10BAF00005EB8B0595ED003A94ED494A94ED4D5ACE
:10BB000023EE044A08EB860634EE000A23EE053ADB
:10BB100094ED4B4A96ED005A059D73EE200A25EEF2
:10BB2000043A23EE023A022D33EE011A20D0BF78F8
:10BB300052F8272002EB8B0292ED003A17FB0132FC
:10BB400092ED494A92ED4D6A23EE044A08EB8701D3
:10BB500092ED4B5A34EE000A91ED004A23EE063A7C
:10BB600073EE200A24EE053A23EE022A32EE011A81
:10BB70004FF4A276FFF7BAF9079FDDF8108097E639
:10BB800000000000DAF818004FF41C711BFB0100E4
:10BB900090ED540A8CE600BF04F1010E6FF0030330
:10BBA000B0EE480A4FF41C7C039400BF0EEB030672
:10BBB000F578347901EB850715FB0C0597ED001A34
:10BBC00095ED542A7279B57901EB840614FB0C04C7
:10BBD00021EE021A96ED002A94ED543A01EB82040C
:10BBE00012FB0C0231EE000A22EE031A94ED002A39
:10BBF00092ED543A01EB850231EE000A22EE031A6F
:10BC000092ED002A15FB0C0292ED543A043331EE0A
:10BC1000000A22EE031A08EB0302043231EE000A96
:10BC2000C4D1079F059D039C04334FF4A276002DD9
:10BC30003FF43EAEE25C4FF41C7601EB820712FB50
:10BC4000060297ED001A92ED542A012D21EE021AF8
:10BC500031EE000A1CD0E2185378022D01EB830765
:10BC600013FB060397ED001A93ED542A21EE021AF6
:10BC700031EE000A0CD0927801EB820112FB060033
:10BC800091ED001A90ED542A21EE021A31EE000ACD
:10BC9000079F4FF4A2760BE60098000600F0B181F2
:10BCA000002F544600F0AC811FED4B8A4FF0000985
:10BCB0004FF4A27A0DF120084FF41C7605E000BF86
:10BCC00009F10109B94500F0E180069CE168E06AEC
:10BCD00011F809B050B12669E169042F10D2002390
:10BCE000B0EE489A002D65D19DE000BFE0691BFBD6
:10BCF0000A0090ED080A08EB8B00B8EEC09A97E0B6
:10BD00000396DDF810C006F1010E6FF00303B0EEEC
:10BD1000489A00BF0EEB0302D478167950F82470CD
:10BD200014FB0A1407EB8B0794ED080A97ED001A31
:10BD300050F82640B8EEC00A16FB0A16557921EED7
:10BD4000000A04EB8B0496ED081A94ED002AB8EE75
:10BD5000C11A50F8254030EE090A22EE011A15FBEF
:10BD60000A15927931EE000A04EB8B0495ED081A5E
:10BD700094ED002AB8EEC11A50F8224022EE011AC2
:10BD800012FB0A1231EE000A04EB8B0492ED081A42
:10BD900094ED002AB8EEC11A043322EE011A0CEB1E
:10BDA0000302043231EE009AB4D1079F059D039E31
:10BDB0000433C5B3F25C012D50F8227012FB0A1255
:10BDC00007EB8B0792ED080A97ED001AB8EEC00A50
:10BDD00021EE000A30EE099A24D0F2185378022D91
:10BDE00050F8237013FB0A1307EB8B0793ED080A37
:10BDF00097ED001AB8EEC00A21EE000A30EE099A5B
:10BE000010D0927850F8220012FB0A1100EB8B0040
:10BE100091ED080A90ED001AB8EEC00A21EE000A72
:10BE200030EE099A079F069C08EB8B004FF41C76B6
:10BE300080ED009AA0691BFB0600FDF741FF00287A
:10BE40003FF43EAFA06908EB8B011BFB060090EDB1
:10BE5000440A0020B5EE400AF1EE10FAB4EE490AA9
:10BE6000C8BF0120F1EE10FA4FF00002B8BF012266
:10BE7000504018BFB0EE409A81ED009A20E700BF15
:10BE8000200600F0BE805446BAE000BF069C002F9A
:10BE900000F0B6809FED8E8ADDF810B04FF0000AFA
:10BEA0004FF4A27910E000BF079F069CBDEEC00AC8
:10BEB000E16910FB091010EE101AFBF71FFD0AF1E3
:10BEC000010ABA4500F09C802069216A10F80A0036
:10BED00051B1D4F80CC0042F0CD20023B0EE480AA4
:10BEE000002D55D1E1E700BF08EB800191ED000A7C
:10BEF000DBE700BF0CF1010E6FF00303B0EE480A60
:10BF00000EEB0304E678227951F8267008EB8606DA
:10BF100007EB800796ED002A51F82260657997EDCE
:10BF2000001A06EB800608EB820221EE021A96ED5B
:10BF3000002A92ED003A51F82520A47931EE000A4A
:10BF400022EE031A02EB800231EE000A92ED001A93
:10BF500008EB850292ED002A51F8242021EE021A06
:10BF600002EB800292ED002A08EB840292ED003A87
:10BF7000043331EE000A22EE031A0BEB0302043203
:10BF800031EE000ABCD1079F059D0433002D8CD0F3
:10BF90001CF80320012D51F8227008EB820207EBF8
:10BFA000800797ED001A92ED002A21EE021A31EE79
:10BFB000000A3FF479AF0CEB03025378022D51F8DD
:10BFC000237008EB830307EB800797ED001A93EDCE
:10BFD000002A21EE021A31EE000A3FF465AF927892
:10BFE00051F8221001EB800191ED001A08EB82015B
:10BFF00091ED002A21EE021A31EE000A54E700BF4B
:10C00000A2469AF86500012834D003280AD00228F5
:10C0100058D150460CB0BDEC048B01B0BDE8F04FD8
:10C0200005F096BADAF80400007800284AD0002417
:10C030004FF41C754FF4A276002705E0DAF80400EF
:10C040000137007887423DD2DAF80C00DAF8181090
:10C05000C05D10FB051003F0DBFF0028EED0DAF81E
:10C060001000DAF81C10C05D10FB0610C0F89040FC
:10C07000E4E700BFDAF80400007818B300244FF4B6
:10C080001C754FF4A276002706E000BFDAF8040022
:10C0900001370078874215D2DAF80C00DAF8181068
:10C0A000C05D10FB051002F025F80028EED0DAF88C
:10C0B0001000DAF81C10C05D10FB0610C0F89040AC
:10C0C000E4E700BF0CB0BDEC048B01B0BDE8F08F1D
:10C0D00000000000014600F5B27081ED4D0AFBF74B
:10C0E00049B800004178022908D0012912BF002078
:10C0F00090F8080100F00100704700BF31F024BE45
:10C1000050B190F82810012903D090F83000012890
:10C1100002D10020704700BF012070472DE9F04197
:10C120008CB000284FF0FE0618BF002904D170B271
:10C130000CB0BDE8F08100BF084615461E460C460F
:10C140000EF06EFF042805D9FF2670B20CB0BDE8D2
:10C15000F08100BF40F6E057C1F20007D7F8700148
:10C16000DDF848801CF0F4FEBE7007F5C876304656
:10C1700021461822C7E90157C7F8C481F5F770FEB8
:10C1800030460EF04BFF06460EF04AFFD7F8C011BE
:10C1900087F8AC0108463146424600F0D7F9D7F897
:10C1A000C00101F0B1FC0026CDE90A66CDE90866C0
:10C1B000CDE90666CDE9046626F0E8FE26F0F0FE3D
:10C1C00041F2FD2104AD0346C0F603012846224694
:10C1D0000CF026FA4CF20412C0F60602D7F8A801B9
:10C1E0004CF2F0011768C0F60601D1E9002307EB15
:10C1F00087018900CDE9001602951CF027FE70B278
:10C200000CB0BDE8F081000090F84000012121EA67
:10C21000500070472DE9F04F81B00446D0E901018C
:10C22000002590F800900878B9F1000F009084F88C
:10C23000645039D04FF41C7A01264FF4A2774FF0A6
:10C240000A0B4FF000080FE02069E16910F80800C0
:10C2500010FB0710FFF746FF002808F1010818BF80
:10C2600084F86460C1451FD0E068A16910F8080037
:10C2700010FB0A10FCF7A8F900282069E16910F802
:10C28000080018BF354610FB0710FCF787FA002896
:10C29000DAD0E068A16910F80800012510FB0A1047
:10C2A00080F8DCB1D0E700BF0098F8B1C0F1000819
:10C2B00000264FF0FF374FF04C0A4FF0010B00BF44
:10C2C0006069A16D3844407810FB0A10FEF724FF26
:10C2D0000137002808EB07001CBF5E465D460130B1
:10C2E000EED1002E18BFB9F1000F5BD1280627D080
:10C2F000B9F1000F22D000264FF41C784FF4A2773A
:10C3000003E000BF0136B14518D0E068A169805D47
:10C3100010FB08100021FEF7ABFF2069E169805D8A
:10C3200010FB0710FBF768F80028EBD02069E169E3
:10C33000805D10FB0710FAF7EFFEE3E70A2028E024
:10C3400094F8640050B3B9F1000F21D000264FF4E7
:10C350001C784FF4A27702E00136B14518D0E068AE
:10C36000A169805D10FB08100021FEF781FF2069A4
:10C37000E169805D10FB0710FBF73EF80028EBD069
:10C380002069E169805D10FB0710FAF7C5FEE3E75D
:10C39000002084F85E000020A4F86000E8B201B03C
:10C3A000BDE8F08FD4F80CC0A069B9F1040F09F012
:10C3B000030E05D20021BEF1000F2DD196E700BF7C
:10C3C00009F0FC01C1F100080CF1010A6FF003074C
:10C3D0004FF41C710A2200BF0AEB0703DE78043712
:10C3E00016FB010686F8DC211E7916FB010686F88D
:10C3F000DC215E7916FB010686F8DC219B7908EBCF
:10C40000070613FB0103043683F8DC21E4D1391D50
:10C41000BEF1000F3FF46AAF1CF801204FF41C730B
:10C4200012FB03060A22BEF1010F86F8DC213FF45D
:10C430005DAF61444F78BEF1020F17FB030383F831
:10C44000DC213FF453AF89784FF41C7211FB0200DA
:10C450000A2180F8DC1149E791ED010A0A78BDEE66
:10C46000C00A80F8652080ED1A0A70470146012055
:10C4700081F8FC0091F8FD009FED0C1A9FED0C2A4D
:10C4800091ED420AD1ED430A002804BFB0EE401AF4
:10C49000B0EE602A81ED3B1A9FED061A01F5BA70E5
:10C4A000F0EE411A81ED3C2A00F02AB85555D5C668
:10C4B0005555D546000000004278012A18BF704744
:10C4C00004F056BC80ED010A70470000B0B5044688
:10C4D000D0E91D200D46891848BF4942B0EB510FE5
:10C4E0000CDA2078000931F0F9FA94F8080140F0EC
:10C4F000080084F80801A02084F810016567B0BD29
:10C50000B5EE401AF1EE10FAF5EE401A80ED000A91
:10C51000C0ED010A18BF80ED021AF1EE10FA18BF43
:10C52000C0ED031A7047000090ED050A90ED0C1A5B
:10C53000002131EE000A80F82810C163016480ED0B
:10C54000050AC0E90D11C0E90B1170472DE9F04F44
:10C5500087B0834600284FF0FE0018BF002903D1A2
:10C5600040B207B0BDE8F08F084690460E460EF088
:10C5700057FD072804D9FF2040B207B0BDE8F08F6F
:10C5800030460EF04BFD40F69844C1F2000461784D
:10C590000646012902D1584601F08CFB30460EF0C8
:10C5A0003FFD4FF000058BF80800B8B1002704E00C
:10C5B0009BF808000137874211D2F9B230460EF0DD
:10C5C0002BFD0028F4D0B0F801100BEB8702A2F885
:10C5D0000910B0F80300A2F80B00E9E70020FF21E2
:10C5E000D94629F8251F4E46ADF81050039589F815
:10C5F000025089F803504FF0FF3226F8081F002838
:10C6000003A9C9F8042089F80A5089F80B50C9F821
:10C610000C2000F0FB800BF10C034FF0000C4FF0EE
:10C62000010A43F2022ECDE9016806E00CF1010C8B
:10C63000013803F1040300F0C58013F8031C0D2931
:10C640002ED80AFA01F212EA0E0F29D013F8022CA2
:10C6500002F01F021F2A23D0DBF80470BD18EE7809
:10C66000FF2E1DD04D1E4AF6B844EDB2C0F60604AA
:10C67000645D09EBC60509F83640BC1903AEB75C2A
:10C680006678AE7067B96F78B74206D203AC04F82B
:10C6900002A0EC197E1C6E7022710CF1010C00BF1F
:10C6A00013F8012C0D2A23D80AFA02F414EA0E0F0B
:10C6B0001ED01C7804F01F08B8F11F0F18D0DBF84B
:10C6C000047007EB0804E678FF2E11D0541E4AF6DA
:10C6D000B845E4B2C0F606052C5D09EBC60509F8BD
:10C6E0003640BC1903AE16F808706678AE704FB3CA
:10C6F000CC1FE4B2012C37D813F8024C04F01F050C
:10C700001F2D31D0DBF804402C44E778FF2F2BD0CD
:10C7100008294FF0020108BF032109F8371003A9C7
:10C720004C5D09EBC70181F802A0ECB94C782CB93B
:10C7300003AC04F805A081F801A00D710CF1010C07
:10C7400012E000BF6F78B74207D203AC04F808A02C
:10C75000EC197E1C6E7084F804800CF1010CCC1F67
:10C76000E4B2012CC8D900BFD11FC9B201293FF6DC
:10C770005FAF197801F01F011F293FF459AFDBF8B3
:10C7800004400C44E578FF2D3FF452AF082A4FF0E7
:10C79000020208BF032209F8352003AA545C09EB02
:10C7A000C502002C82F802A07FF442AF5478002C1E
:10C7B0007FF43CAF03AC04F801A082F801A0117132
:10C7C00034E700BFDBF804005FFA8CF1007840F634
:10C7D0009844DDF808808142C1F2000400F215811E
:10C7E00099F8000003A9052801F1040500F27281FF
:10C7F000019EDFE800F003311723113B05208DF87F
:10C800000C000020C5E90000A86033E00D1D307861
:10C81000052873D9F6E000BF05208DF80C00042030
:10C8200027E000BF05208DF80C0040F6E170C0F64F
:10C8300003000221CDE904090AE000BF05208DF8BC
:10C840000C0040F6E170C0F60300CDE904090321B5
:10C850009BF8290006914AE005208DF80C00002085
:10C86000CDE904000120C7F2767002E005208DF8C2
:10C870000C0006909BF8290041F2F527FF28C0F62E
:10C8800003070FD0594611F82A2F40F6E173C0F67E
:10C890000303FF2A14BF3B464946CDE9043103A9EF
:10C8A00032F066FB9BF82A00FF280FD0594611F89A
:10C8B0002B2F40F6E173C0F60303FF2A14BF3B465B
:10C8C0004946CDE9043103A932F052FB9BF82B0015
:10C8D000FF280FD0594611F82C2F40F6E173C0F60F
:10C8E0000303FF2A04BF1F464946CDE9047103A98B
:10C8F00032F03EFB3078052800F28480DFE800F05B
:10C90000042C121E0C3600BF05208DF80C000020F0
:10C91000C5E90000A8602DE005208DF80C0004207A
:10C9200027E000BF05208DF80C0040F6E170C0F64E
:10C930000300CDE9040602210AE000BF05208DF8BE
:10C940000C0040F6E170C0F603000321CDE90406B7
:10C950009BF83100069152E005208DF80C00002074
:10C96000CDE904000120C7F2767002E005208DF8C1
:10C970000C0006909BF83100FF2813D0594611F89F
:10C98000322F41F2F52740F6E173C0F60307C0F6F7
:10C990000303FF2A04BF1F463146CDE9047103A9F2
:10C9A00032F0E6FA9BF83200FF2813D0594611F80E
:10C9B000332F41F2F52740F6E173C0F60307C0F6C6
:10C9C0000303FF2A04BF1F463146CDE9047103A9C2
:10C9D00032F0CEFA9BF83300FF2813D0594611F8F5
:10C9E000342F41F2F52740F6E173C0F60307C0F695
:10C9F0000303FF2A04BF1F463146CDE9047103A992
:10CA000032F0B6FA9BF8080000B3002505E000BF3D
:10CA10009BF808000135854218D20BEB8506707A29
:10CA2000052809D1B07A00F01F0031F0F7FDF07A47
:10CA30000528EDD103E000BFF07A0528E8D1307B6E
:10CA400000F01F0031F0EAFDE2E700BF5FFA88F076
:10CA50004FEA182301224FEA184184F8C33000231B
:10CA60000428627084F8C280A4F8C41084F8C0302E
:10CA70000AD002280DD14CF20413C0F606031B683D
:10CA800084F8C020594302E0002184F8C020C4E9A2
:10CA900032110338B0FA80F04FEA50114FF0000025
:10CAA0004FF0000208BF0F22CBE90F01FF218BF8E6
:10CAB00038208BF844108BF84610ABF84800CBE9CF
:10CAC0001400CBE91600CBF8600040B207B0BDE817
:10CAD000F08F00BF019E307805287FF60FAF91E7F9
:10CAE0002DE9F04F81B02DED068BA0B013900028FA
:10CAF0004FF0FE0018BF002A00F08D85002B00F0DB
:10CB00008A85139E0F4606EB810000F10901CDE9ED
:10CB10001C1200F10B01CDE91E1300F168018430F5
:10CB200040F69842099006F1A000C1F2000205907B
:10CB300002F1C0000C9100EB87011031079100EB6E
:10CB4000470138441C301831069002EB4700089129
:10CB500000F595710D9100F587710A9100F58E71C0
:10CB600000F59C7A06F16000119038010F9006F1F3
:10CB70005000BD000E909FEDDFAA0E20B6EE008A99
:10CB8000B2EE049AA8404FF000081CAE4FF0010925
:10CB90004FF0000B0B911095049012970AE000BF24
:10CBA0000F2028744FF0010B5FEAC9704FF00009A5
:10CBB00000F0308556F83B4006EBCB004568207806
:10CBC00022F000FC68746078C5E900884009A87408
:10CBD000C5E9028885F8108020780028E0D06078C8
:10CBE00000F01F001D28DBD0CDE91A88207801381D
:10CBF0000C2800F2BF81DFE810F00D00BD01D3006A
:10CC0000B1008F00BD0171007F00FD002D018D017D
:10CC10007F015D00CDF85080607814A900F01F00FE
:10CC20001AAA32F081F8002840F07281149885F831
:10CC30001080810881EA500181EAD00181EA101157
:10CC400081EA501181EAD01181EA102181EA502154
:10CC500081EA902181EAD02181EA103181EA5031C4
:10CC600081EA903181EAD03181EA104181EA504174
:10CC7000414081EA9011C9074FEA901640F00A83BB
:10CC800000F03800202840F08983607840090228AD
:10CC900000F01484012840F03B82FE200121002294
:10CCA0003B4623F01FFD002800F01C84983000F064
:10CCB0000DBC00BFCDF86480607819A900F01F009A
:10CCC0001AAA32F031F80D99002800F0598108882D
:10CCD000013008801320287400264AE2CDF85080E5
:10CCE000607814A900F01F001AAA32F01DF800287D
:10CCF00000F06C810720D8E1CDF85880CDE9148888
:10CD0000607814A900F01F001AAA32F00DF800286C
:10CD100000F084810820C8E1607800F01F0031F045
:10CD20004FFC411C00F0BE8161784909022900F0E6
:10CD3000F181012940F0EC810646FE20012100220C
:10CD40003B4623F0CFFC002800F0CC8300F1980193
:10CD50000A683046002A40F0EE8193E367780EF0CF
:10CD600025FC002100260EF06DFCB8B107F01F0174
:10CD7000062900F2378300F10807DFE811F0070009
:10CD800039031903230315034B035B0338460021C2
:10CD900000260BF093FF002840F01083129F69E3F8
:10CDA000607800F01F002FF0ABFF411C00F07C8189
:10CDB000099991ED000AB5EE400AF1EE10FA00F083
:10CDC0006183B1EE401AB5EE400AF1EE10FAB8BF39
:10CDD000B0EE410A01EE100AB8EE411A81EE000AE7
:10CDE000059850F82700BCEEC00A10EE101A081A79
:10CDF0007AE300BFCDF85080607814A900F01F00DE
:10CE00001AAA31F091FF002800F0548109202874FB
:10CE100040F69840C1F2000090F8C000002800F0F1
:10CE20006483012F00F261832078092840F05D833C
:10CE30009DF868001499079A0328116000F09E82FB
:10CE4000089A022840F0A182BDF86C0011880843BE
:10CE50009AE200BF66780EF0A9FB00210EF03CFCC0
:10CE6000002800F089808179062940F0858006F04D
:10CE70001F01012900F06082002940F07D80B0F997
:10CE80000810B0F90A2000EE101AB8EEC00AB0F986
:10CE90000C30B0F90E0080EE090A01EE102AB8EE4F
:10CEA000C11A81EE091A02EE103A03EE100AB8EE2A
:10CEB000C22AB8EEC33A82EE092A83EE093A042167
:10CEC00020EE0A0ABCEEC00A85ED000A21EE0A0A2D
:10CED000BCEEC00A85ED010A22EE0A1A23EE0A0A08
:10CEE000BCEEC11ABCEEC00A85ED021A10EE100AA3
:10CEF00041E200BF610B3643CDF85080607814A941
:10CF000000F01F001AAA31F00FFF002800F0EC809B
:10CF10000120CAE067780120C5F8008068740EF02F
:10CF200045FB00210EF0CAFB002800F0B981061D68
:10CF300030460BF06FFF0E2840F0B28107F01F0162
:10CF4000072980F0A98130460BF0B8FE002800F0D8
:10CF5000A781B0F9000000EE100AB8EEC00A80EE1A
:10CF6000090A012020EE0A0ABCEEC00A85ED000A7B
:10CF7000687497E10E2000E00A202874B5E200BF33
:10CF80009DF86C00410703D50A9B1A8801321A806C
:10CF90000B9B820700F1DA80C20740F0DD80002998
:10CFA00000F1E5806078199E4009022800F00A83AC
:10CFB000012840F01F83FE20012100223B4623F080
:10CFC00091FB002800F01A83983003E3149E85F843
:10CFD0001080B7B238460DF039FFC0075CD1360C6F
:10CFE00030460DF033FFC00756D1384601210127E6
:10CFF0000DF018FF012850D03046012101270DF017
:10D0000011FF012849D014984FF6F07101EA800011
:10D010002860149801EA9030686043E1DDE9140665
:10D02000169987B23846039185F810800DF00EFFEF
:10D03000C00731D1B6B230460DF008FFC0072BD182
:10D040000398029686B230460DF000FFC00723D148
:10D050003846012101270DF0E5FE01281DD0029878
:10D06000012101270DF0DEFE012816D030460121F6
:10D0700001270DF0D7FE01280FD014984FF6F0715C
:10D0800001EA80002860159801EA8000686016981F
:10D0900001EA8000A86005E10227BDF850602F7406
:10D0A000129F23E2042000E0052028744FF6FF764B
:10D0B0001CE200BFFE20012100223B4623F012FBB0
:10D0C00090ED310A149E30EE080ABDEEC00A10EE53
:10D0D000100A402800F0E88080B2202840F0E78065
:10D0E000C6F34D06E2E000BF6078149E40090228B6
:10D0F00000F0088101280BD1FE20012100223B46CF
:10D1000023F0F0FA002800F0ED81983004E100BF30
:10D110000020E9E10646FE20012101223B4623F0E2
:10D12000E1FA002800F0DE8100F154010A6830467F
:10D13000002A00F0A7814FF6FF71A0FB01014FF01C
:10D14000000348BF5242F4F781FACDE11988C207C3
:10D1500001F1010119800AD040F69841C1F20001A5
:10D1600001EB4701B1F800210132A1F8002100F0E4
:10D170000706BAF8000042F21172013081B2914202
:10D18000AAF80000C0F0B281CDF80CA0DDF834A000
:10D19000CDF85480BAF80000CDF8508000289DF8F2
:10D1A0006C00ADF8567000F00700CDE9168015D080
:10D1B000012006211FF07EFABAF80010169A14908A
:10D1C00042EA010016900EF05DFD042100220023CA
:10D1D00014AF00970EF024FDAAF80080DDF828A017
:10D1E000BAF80000A8B1012003211FF063FABAF8D1
:10D1F0000010169A149042EA010016900EF042FDBB
:10D2000004210022002314AF00970EF009FDAAF8B4
:10D210000080DDF82CA0BAF80000A8B1012004219C
:10D220001FF048FABAF80010169A149042EA01006A
:10D2300016900EF027FD04210022002314AF009762
:10D240000EF0EEFCAAF8008040F698401299C1F268
:10D25000000000EB410ABAF80001A8B10120052145
:10D260001FF028FABAF80011169A149042EA010049
:10D2700016900EF007FD04210022002314AF009742
:10D280000EF0CEFCAAF80081DDF80CA0129FAAF8DF
:10D2900000802BE1022082E0C5F8008085F8118033
:10D2A0000B202874129F20E16FF39F36149660784C
:10D2B000400902280CD001283AD1FE200121002289
:10D2C0003B4623F00FFA002864D0983009E000BFF5
:10D2D000FE20012101223B4623F004FA002859D008
:10D2E00054300268002A00F0E5804FF6FF70A6FB7C
:10D2F00000014FF0000348BF5242F4F7A7F928603D
:10D3000086E500BFFE20012101223B4623F0EAF919
:10D31000002800F0E78054300068002800F0B28058
:10D32000C6F34D0148BF4042C1EB0141D7E000BF09
:10D33000002028606CE500BFB0F91010B0F91200B1
:10D3400000EE101A01EE100AB8EEC00AB8EEC11ACB
:10D3500080EE090A81EE091A00200221A86020EE61
:10D360000A0A21EE0A1ABCEEC00ABCEEC11A85ED0B
:10D37000000A85ED011AE8606974B6E0089ABDF804
:10D380006C00118841EA002010800699087801306D
:10D390000870AAE04FF4FA60286039E50320287489
:10D3A0006FF31F36A2E000BF3846062102E000BF3F
:10D3B000384603210BF082FC002859D00678129FD2
:10D3C00058E000BF384604210BF078FC002814BF59
:10D3D00006780026384605210BF070FCB0B10078C5
:10D3E00015E000BF0620129F28744FF6FF767DE0FF
:10D3F000384601210BF062FC002814BF0678002695
:10D40000384602210BF05AFC0028E8D10020129F78
:10D4100006442FE0384607210BF050FC002814BFCB
:10D4200006780026384608210BF048FC0028D6D1A3
:10D43000ECE700BF38460E210BF040FC002814BF7B
:10D4400000780020039038460C210BF037FC0028B0
:10D4500014BF0678002638460D210BF02FFC00285B
:10D4600014BF007800200399129F31440E1801E088
:10D47000129F00260C9890ED000AB5EE400AF1EEDE
:10D4800010FA03D140F6B8302EE000BFB1EE401ADA
:10D49000B5EE400AF1EE10FAB8BFB0EE410A01EE67
:10D4A000106AB8EE411A81EE000ABCEEC00A10EE16
:10D4B000100A19E040F6B8302860A9E4FE200121E6
:10D4C00001223B4623F00EF960B154300068002879
:10D4D000D8D06FF31F36C6EB064148BF4042B1FBC0
:10D4E000F0F001E04FF4FA60286000261398394606
:10D4F00090F838000DF08AFB01284DD120780928DA
:10D5000028D19DF86800002846D0119F109B00F09C
:10D510000F0137F81B20994011431B9A0F9B62F3B0
:10D520000F20C3F1200220FA02F227F81B10B3F1FA
:10D53000200158BF00FA01F200FA03F058BF0020A2
:10D540000E9E06EBCB0156F83B704B683843129F9A
:10D550001A431EE0287C13282CD8012140F6FE72C5
:10D560008140C0F20F02114220D0119B109A33F873
:10D570001B109040084323F81B000F9806FA00F098
:10D580000E9E06EBCB014A6856F83B3002EAE07289
:10D59000184046F83B004A601CAE4FF0010B5FEAB2
:10D5A000C9704FF000097FF405AB33E048F2010089
:10D5B0000142F1D11199049A31F81B00104321F86E
:10D5C0001B00E9E7FE20012101223B4623F08AF8F7
:10D5D000A0B154300268002A16D04FF6FF70A6FBA7
:10D5E00000014FF0000348BF5242F4F72FF82860C3
:10D5F000FFF772BB00202860FFF76EBB4FF4FA60A4
:10D600002860FFF769BB00BF40F6B8302860FFF71D
:10D6100063BB00BF002040B220B0BDEC068B01B060
:10D62000BDE8F08F00284FF000001ED006291CD85E
:10D63000F0B581B01446012A14D800208DF80300FB
:10D640008DF802000D4600F055FA0DF103060DF1BC
:10D650000207294632463B4601F01CFA002C08BF5F
:10D660003746387801B0BDE8F040C0B270470000DE
:10D67000002101828161C18990F84020816202F01D
:10D68000F50180F84010704790F83D1080ED080AD1
:10D69000002918BF7047027800210D2A4ED80123B7
:10D6A000934013F4385F15D113F4C17F30D090ED5F
:10D6B000091A9FED242A9FED243A21EE021A81EEE9
:10D6C000031ABDEEC11A11EE101A1029D8BF10218D
:10D6D0000EE000BF90ED091A9FED1A2A9FED1A3A4D
:10D6E00021EE021A81EE031ABDEEC11A11EE101AD4
:10D6F00001EE101AB8EEC11A21EE000ABDEEC00A02
:10D7000010EE101A47F6FF728186C286704700BF7E
:10D710000C2A4FF00002F7D190ED091A9FED092A6B
:10D720009FED093A21EE021A81EE031ABDEEC11AED
:10D7300011EE101A0429D8BF0421D9E700228186EE
:10D74000C286704700FF7F470000B44390F8400056
:10D75000012121EA900070472DE9F04F81B0894600
:10D7600090F85E100446B9F10D0F37D1606804F1EE
:10D770005E0890F800A00A2956464CD1A0680078AF
:10D7800080B145424FF0FF364C2700BF6069A16D64
:10D790003044407810FB0710FEF72EF80136A81928
:10D7A0000130F3D1BAF1000F34D000254FF4A27745
:10D7B0004FF41C762069E169405D10FB0710F9F712
:10D7C000E3FDE068A169405D10FB06100D21FDF747
:10D7D0004FFD0135AA45EDD11AE000BF0B294FF0EE
:10D7E000000000F06381FE2900F06081B9F1030FB1
:10D7F00003D1606B002800F0EF8060680A2990F880
:10D8000000A004F15E0803D1B9F10D0FB6D0E3E03A
:10D81000564600E0002694F85F202046494602F074
:10D8200097FD002800F0D880A4F85C00B9F1500FF3
:10D830004FF0000000F23A81DFE819F0D200520008
:10D8400052009400380138019400520052005200F6
:10D85000380138013801D20094003801380138010C
:10D8600038013801380138013801380138013801F0
:10D8700038013801380138013801380138013801E0
:10D8800038013801380138013801380138013801D0
:10D8900038013801380138013801380138013801C0
:10D8A00038013801380138013801380138013801B0
:10D8B00038013801380138013801380138013801A0
:10D8C0003801380138013801380138013801380190
:10D8D000380138013801380138013801940000BF9F
:10D8E000002E00F0AD8000254FF4A2774FF41C7B92
:10D8F0002069E169405D10FB0710FBF7D5F9E0688E
:10D90000A169405D10FB0B10FAF724FF2069E26962
:10D91000405DB4F95C1010FB0720F9F771FA00289C
:10D920005AD00135AA45E3D194F865000428484649
:10D9300008BF0920002E00F08380CAF100054FF0D7
:10D94000FF374FF41C7A46B2E068A169384440784A
:10D9500010FB0A103146FDF78BFC0137E819013046
:10D96000F2D16DE0002E6BD000254FF4A2774FF47A
:10D970001C7B00BF2069E169405D10FB0710FBF7CD
:10D9800093F9E068A169405D10FB0B10FAF7E2FE25
:10D990002069E269405DB4F95C1010FB0720F9F7DB
:10D9A0002FFAC8B10135AA45E4D1002E48D0CAF1FA
:10D9B00000054FF0FF364FF41C7700BFE068A16907
:10D9C0003044407810FB07104946FDF751FC013602
:10D9D000A8190130F2D133E0002001B0BDE8F08F8A
:10D9E00076B3CAF1000A4FF0FF374FF4A2754FF437
:10D9F0001C7600BF2069E1693844407810FB0510AF
:10DA0000FBF752F9E068A1693844407810FB061032
:10DA1000FAF7A0FE2069E1693844407810FB051050
:10DA2000F9F77AFBE068A1693844407810FB0610EA
:10DA30004946FDF71DFC01370AEB07000130D9D13B
:10DA4000B9F10D0F0AD0B9F1070F0DD1082084F8F4
:10DA50005E00012084F8600017E000BF002084F819
:10DA60005E0084F860001DE0B9F10E0F88F80090A8
:10DA700012D8012000FA09F144F2063211420BD00B
:10DA8000B9F1030F84F860000DD094F85F0001280D
:10DA900008D1012007E000BF0020B9F1030F84F88E
:10DAA0006000F6D0002084F86100012001B0BDE8DC
:10DAB000F08F00004378B1F90420012B826718BF72
:10DAC000704780B584B000781FFA82FC020300F032
:10DAD00007033FFA82F2096842EA03221044CDE9C3
:10DAE000010101A8ADF80CC008F0D6FC04B0BDE8F7
:10DAF0008040704740F69840C1F20000017801294B
:10DB000018BF002070470000B0B5D8B1044690F8A7
:10DB100029000025FF2884F8285004D0012184F82A
:10DB2000281031F037FB94F8310084F83050FF288A
:10DB300005D0012184F8301031F02CFB002568B2AB
:10DB4000B0BD00BFFE2568B2B0BD00002DE9F041B8
:10DB50000C4600284FF0FE0118BF002C02D148B23D
:10DB6000BDE8F0810546204616460DF059FA042816
:10DB700004D9FF2148B2BDE8F08100BF40F6E0576C
:10DB8000C1F20007787801280FD1D7F870011BF097
:10DB9000DFF9D7F8C0014FF0000887F8C48100F022
:10DBA00089F8012087F80180287307F5C875284691
:10DBB00021461822F4F754F9284621461822C7F8BE
:10DBC000C461F4F74DF928460DF028FA04460DF02B
:10DBD00027FAD7F8C01187F8AC010846214632462B
:10DBE000FEF7B4FCD7F8C001FFF78EFF012000213B
:10DBF000787048B2BDE8F08190F8DD218A4249D0C2
:10DC000010B590F8DC3180F8DD110E2B12D801220E
:10DC100002FA03FC44F286341CEA040F0AD0032BF8
:10DC200080F8DF210FD001290CD1012180F8E0110B
:10DC30002EE000BF0022032B80F8DF2102D1012259
:10DC400001E000BF002280F8E02109BB011D04466D
:10DC5000084602F0F7FA04F1640002F0F3FA94EDDA
:10DC60004A0A04F5BA70BDEEC00A10EE101AF9F7B0
:10DC70003BFBD4F82801D4F834110022C4E9452034
:10DC8000C4E94722C4F82411C4E95122C4E953224B
:10DC9000BDE8104001207047427881630021022ACC
:10DCA0004FF00102016580F8F42008BF80F8F510FC
:10DCB0007047000000284DD0B0B540F69845C1F23D
:10DCC000000504466878002848D094F82900FF2809
:10DCD00018BF30F0DFFF94F82A00FF2818BF30F09B
:10DCE000D9FF94F82B00FF2818BF30F0D3FF94F829
:10DCF0003100FF2818BF30F0CDFF94F83200FF2824
:10DD000018BF30F0C7FF94F83300FF2818BF30F079
:10DD1000C1FF00204FF0FF31FF2284F82800C4F833
:10DD20002910A4F82D2084F82F0084F83000C4F8BE
:10DD300031104FF47F41C4E90200C4E90400C4E992
:10DD40000600C4E90801A5F80100BDE8B04040B2F2
:10DD5000704700BFFE2040B2704700BF0020BDE802
:10DD6000B04040B270470000B0B540F69844C1F2F0
:10DD700000042078012842D00025A57031F0A0FAD7
:10DD8000002860603ED04FF47F40C4E908504FF057
:10DD9000FF30FF21C4E90255C4E90455C4E9065522
:10DDA00084F82850C4F82900A4F82D1084F82F50C6
:10DDB00084F83050C4F831004CF20410C0F606006C
:10DDC0000068FA214843C4E932000420052184F8A0
:10DDD000C050C4E93455C4F8D850A4F8DC501EF043
:10DDE00069FCC4E9380504200621C4E93A551EF04F
:10DDF00061FCC4E93C050120C4E93E552070204681
:10DE0000B0BD00BF0020B0BD40F6E050C1F2000040
:10DE10000178012918BF0020704700002DE9F0416A
:10DE200086B00D46DDE90C87064604200121144624
:10DE30001EF040FC029000208DF80C008DF80D5073
:10DE4000ADF80E40CDE904870DF01CFF02AF0221B2
:10DE50003246002300970DF0E3FE06B0BDE8F081E6
:10DE60004FF47A72514344F6D352C1F26202A1FBDD
:10DE70000212910941607047D0B170B540F6E0558B
:10DE8000C1F200050446687858B1D5F870011BF05E
:10DE90005FF8D5F8C001002685F8C461FFF70AFFD6
:10DEA0006E70012020730020BDE8704040B27047C2
:10DEB000FE2040B270470000B0B540F6E054C1F219
:10DEC00000042078012820D01AF04CFFC4F8A801E3
:10DED000FFF74AFFC4F8C00104F5C8720420052109
:10DEE00004250AF017FF1AF03DFFC4F8700184F80A
:10DEF000885100250520212184F87D511EF0DAFB90
:10DF0000C4F8780101202080E57040F6E050C1F2AD
:10DF10000000B0BD10B582B090B104460DF0B2FE65
:10DF200094F8881104F5BC724AF653530092C0F677
:10DF30000603002200240DF073FE60B202B010BD93
:10DF4000FE2460B202B010BD90F83D1031B14FF028
:10DF50007E5101620121C161704700BF4FF0FF3166
:10DF6000B5EE400AF1EE10FAA8BF0121C161704779
:10DF70000021C0E9011170470021C0E98211C0E908
:10DF80008411C0E98611C0E98811FF2180F82412AC
:10DF90007047000042780988012A418218BF704703
:10DFA00080B582B00078ADF80410030300F00702DA
:10DFB0003FFA83F343EA022210440090684608F0D7
:10DFC0007FFA02B0BDE88040704700008182704750
:10DFD0008261C2890182511A90F8402089B281621F
:10DFE00002F0F50180F84010704700002DE9F0477D
:10DFF000044690F85F00884202D1BDE8F08700BF78
:10E0000094F95E60884620463146424602F0A0F907
:10E01000002808BFBDE8F087F1B20E2984F85F80C0
:10E02000A4F85C0012D8012000FA01F244F2863311
:10E030001A420BD0032984F8600010D0B8F1010F08
:10E040000CD1616884F861000E782DE0002003296E
:10E0500084F8600002D1012001E000BF0020616867
:10E0600084F861000E78B8F1000F1DD1E6B1754259
:10E070004FF0FF374FF4A2794FF41C7A2069E16921
:10E080003844407810FB0910FAF70EFEE068A169E9
:10E090003844407810FB0A10FAF75CFB0137E819A6
:10E0A0000130EBD102E000BF002EA6D000274FF4D4
:10E0B000A2754FF41C790AE0E068A169C05D10FB0D
:10E0C00009104146FFF798FD0137BE4295D02069FF
:10E0D000E169C05D10FB0510F9F78EF90028EBD05F
:10E0E0002069E269C05DB4F95C1010FB0520F8F707
:10E0F00087FEE1E790ED511A90ED4F0AB5EE401A18
:10E10000F1EE10FA0CDA90ED791AB8EEC11AB4EE0D
:10E11000410AF1EE10FABCBF0120704716E000BFC3
:10E1200090ED7A1AB8EEC11AB4EE410AF1EE10FA87
:10E130000ADC90ED7B0A90ED4D1AB8EEC00AB4EE01
:10E14000401AF1EE10FA01DD0120704700207047FF
:10E15000B0B590F8DC1101394F2988BFB0BDDFE8B8
:10E1600001F04D29694D297B37375B6F6F6F6F2940
:10E170006F6F6F6F6F6F6F6F6F6F6F6F6F6F6F6FAF
:10E180006F6F6F6F6F6F6F6F6F6F6F6F6F6F6F6F9F
:10E190006F6F6F6F6F6F6F6F6F6F6F6F6F6F6F6F8F
:10E1A0006F6F6F6F6F6F6F6F6F6F6F6F6F6F6F6F7F
:10E1B0006F7100BF00F5BA710446084600F066FCB6
:10E1C000D4F80402BDEEC00A80ED480AB0BD00BF1D
:10E1D00000F5BA740546204600F058FCD5F8040254
:10E1E000BDEEC00A80ED480A204600F04BFCD5F891
:10E1F0000402BDEEC00A80ED460AB0BD00F5BA715A
:10E200000446084600F03EFCD4F80402BDEEC00A05
:10E2100080ED460AB0BD00BF00F5BA71044608465D
:10E2200000F030FCD4F80402BDEEC00A80ED470ACD
:10E23000B0BD00BFD0F82411D0F80402C0F82811F6
:10E24000B0BD00BF90ED450AD0F80402BDEEC00A93
:10E2500080ED4B0AB0BD00BF90ED450AD0F8040236
:10E26000BDEEC00A80ED4C0AB0BD0000B0B504465A
:10E2700000F59A700D46F8F77DFFB5F902004FF4EE
:10E280007A71484300EE100A94ED011AB8EEC00A04
:10E2900080EE010A6968606302EE101AB8EEC22AC5
:10E2A00082EE013AB5F90000E1626067BDEEC00A96
:10E2B00084ED190A94ED0E0AB8EEC00A33EE403A26
:10E2C00020EE010A32EE400ABDEEC33ABDEEC00AAE
:10E2D00084ED123A84ED0A0AB0BD000080B140F628
:10E2E000E050C1F20000417871B180B5D0F8C001B2
:10E2F000FFF70AFC0020BDE8804040B2704700BF35
:10E30000FE2040B2704700BF002040B270470000BE
:10E31000F0B581B0044640680125007888B1002638
:10E320004FF4A2772069E169805D10FB0710FBF7CD
:10E33000FBFC6168002808BF054608780136864264
:10E34000F0D3E8B201B0F0BDF0B581B0044640684A
:10E3500001260078E0B100254FF4A27705E000BF68
:10E36000606801350078854212D22069E169405D1C
:10E3700010FB0710F9F798F90028F1D02069E1693E
:10E38000405D10FB071000F0DFFA0026E8E700BF51
:10E39000F0B201B0F0BD00002DE9F04F81B02DEDDD
:10E3A000048B86B0044640680078002800F0DC80CA
:10E3B00004F1800001904FF000094FF4A27740F281
:10E3C000DB5B03AE6FF0004A00250020029000BF27
:10E3D000206910F80580E06908FB07F1405C00093E
:10E3E0002EF08EFCE169584518FB071098BF80F8A5
:10E3F000F590FBF799FCE16960B118FB071000216B
:10E40000F9F77CFA606846F825A000780135854266
:10E41000DED311E018FB07100199806C51F825102C
:10E42000401A616846F825000878013585424FF0AA
:10E430000100CBD304E000BF0298C00700F0948035
:10E44000DDE903204FF4A275002A48BF5242059926
:10E45000002848BF40420029134648BF4942904225
:10E46000B8BF03469942B8BF0B46D21A94ED1F1AA3
:10E4700000EE102AC01AB8EEC00AB8EEC11A02EEB9
:10E48000100AC81A80EE010AB8EEC22A03EE100A7A
:10E4900082EE012AB8EEC33A83EE011A606F03EEF2
:10E4A000100AB8EEC33AB1EE434A002848BFB0EEB6
:10E4B000443AB7EE004A34EE400A23EE000AB5EEC5
:10E4C000400A34EE422A23EE028A34EE411A23EE49
:10E4D000019AF1EE10FAB5EE408A9FED4B1AB8BFE3
:10E4E000B0EE410AF1EE10FAB5EE409AB8BFB0EEC8
:10E4F000418AF1EE10FAB8BFB0EE419AB1EE401A7F
:10E50000B1EE482AB1EE493A002842BFB0EE439A34
:10E51000B0EE428AB0EE410A2069E1690078BDEEB2
:10E52000C00A10FB051010EE101AF9F7E7F9206980
:10E53000E1694078BDEEC80A10FB051010EE101A14
:10E54000F9F7DCF92069E1698078BDEEC90A10FBB2
:10E55000051010EE101AF9F7D1F9002006B0BDEC45
:10E56000048B01B0BDE8F08F2069E16907784FF4B2
:10E57000A27217FB0217A36FBE6CBD6BF61A2E4476
:10E58000BE63477817FB0217BE6CBD6BF61A2E44AC
:10E59000BE63877817FB0217BE6CBD6BF61A2E445C
:10E5A000BE63077817FB0217BB64477817FB021797
:10E5B000BB64877817FB0217BB640378002713FB43
:10E5C000021383F8F470437813FB021383F8F4709A
:10E5D000837813FB021383F8F470037813FB0213A0
:10E5E0009F6C1F65437813FB02139F6C1F65807837
:10E5F00010FB0210816C0165012006B0BDEC048B9C
:10E6000001B0BDE8F08F00BF000000002DE9F04F21
:10E6100081B02DED048B86B00446406DF9281DD8DD
:10E620002069E2690078616F4FF4A27510FB052044
:10E63000F9F764F92069E2694078616F10FB052001
:10E64000F9F75CF92069E2698078616F10FB0520B9
:10E65000F9F754F9606D0130606501E160680021EF
:10E6600000788DF80A100028ADF8081000F000813D
:10E6700004F1800000274FF4A2760DF1080A03ADE3
:10E680006FF0004B4FF00008019000BF2069E16976
:10E6900010F8079019FB0610FBF746FB0AF8070075
:10E6A00040B1606845F827B0007801378742EDD364
:10E6B00012E000BFE069019919FB0600806C51F877
:10E6C00027106268401A45F8270010780137874202
:10E6D0004FF00108DAD303E05FEAC87000F0C880A9
:10E6E000DDE903209FED976A002A48BF5242059951
:10E6F000002848BF40420029134648BF4942904283
:10E70000B8BF03469942B8BF0B46D21A94ED1F1A00
:10E7100000EE102AC01AB8EEC00AB8EEC11A02EE16
:10E72000100AC81A80EE010AB8EEC22A03EE100AD7
:10E7300082EE012AB8EEC33A83EE011A606F4FF4FD
:10E74000A27603EE100AB8EEC33AB1EE434A0028AF
:10E7500048BFB0EE443AB7EE004A34EE400A23EE2A
:10E76000000AB5EE400A34EE422A23EE022A34EEC5
:10E77000411A23EE011AF1EE10FAB5EE402A9FED90
:10E780006F3AB8BFB0EE430AF1EE10FAB5EE401A98
:10E79000B8BFB0EE432AF1EE10FAB8BFB0EE431A9C
:10E7A000B4EE402AB0EE403A9FED654AF1EE10FA21
:10E7B000B8BFB0EE423AB4EE431AF1EE10FAB8BF69
:10E7C000B0EE413AB4EE443A34EE435AF1EE10FA68
:10E7D000B8BFB0EE456A31EE068A32EE069A30EEE8
:10E7E000060AB1EE401AB1EE492AB1EE483A0028C5
:10E7F00042BFB0EE438AB0EE429AB0EE410A2069C1
:10E80000E16900789DF80820BDEEC00A10FB0610F3
:10E8100010EE101A0025002A18BF2946F9F76EF8E5
:10E820002069E16940789DF80920BDEEC90A10FB16
:10E83000061010EE101A002A18BF2946F9F75EF8E4
:10E840002069E16980789DF80A20BDEEC80A10FBB6
:10E85000061010EE101A002A18BF2946F9F74EF8D4
:10E86000002006B0BDEC048B01B0BDE8F08F00BF06
:10E870002069E16903784FF4A27613FB0613A26FB7
:10E880009F6C9D6BBF1A2F449F63437813FB061345
:10E890009F6C9D6BBF1A2F449F63837813FB0613F5
:10E8A0009F6C9D6BBF1A2F449F63037813FB061365
:10E8B0009A64437813FB06139A64837813FB061358
:10E8C0009A640278002312FB061282F8F430427830
:10E8D00012FB061282F8F430827812FB061282F8DC
:10E8E000F430027812FB0612936C1365427812FB27
:10E8F0000612936C1365827812FB0612936C1365F3
:10E90000007810FB06100021F8F7F8FF2069E16994
:10E91000407810FB06100021F8F7F0FF2069E1694C
:10E92000807810FB06100021F8F7E8FF012006B000
:10E93000BDEC048B01B0BDE8F08F00BF000000000B
:10E9400000C05A450000008090F81C11C90708BF9C
:10E9500070472DE9F041ACB0417802290AD0012975
:10E960000FD190F8081101F0010151B12CB0BDE8B0
:10E97000F041704704462FF0E7F901462046002990
:10E98000F4D1B0F8221100F58E7501318AB2B2F5DA
:10E99000966FA0F8221117D9816CD0F828219142E6
:10E9A0001ED190F820110131CAB2642A80F82011DA
:10E9B0000AD190F81C21002180F82011A0F8221122
:10E9C00042F0020180F81C112978890710D4D0F890
:10E9D0002411C0F890102CB0BDE8F041704700BF82
:10E9E000002280F82021C0F8281129788907EED567
:10E9F000816CD0F82C310026CC1A01210DF10A08C7
:10EA0000C0F8906084638364066580F8F41015A2F2
:10EA1000074640469621CDE90034F2F7A5FEBC78C2
:10EA2000042001211DF046FE28908DF8A4608DF889
:10EA3000A540ADF8A660CDE92A660DF023F928AC13
:10EA400002214246002300940DF0EAF887F8F560B1
:10EA5000C5E90066C5E902662E612CB0BDE8F0414B
:10EA6000704700BF4877206C696D207265616368EC
:10EA700065643A206370256420637A256420636F9F
:10EA80002564000090ED040A7047000090ED0B0A29
:10EA90007047000000284FF0FE0C18BF002A03D179
:10EAA0004FFA8CF0704700BF002BF9D000EB8100CB
:10EAB000417AC07A4FF0000C117018704FFA8CF048
:10EAC000704700002DE9F04FA3B00446406800787D
:10EAD000E0B1002501274FF4A27600BF2069E1696B
:10EAE000405D10FB0610FBF71FF96168002808BFA6
:10EAF0000746087801358542F0D3002F1CBF012757
:10EB0000002809D1F8B223B0BDE8F08F0127F8B290
:10EB100023B0BDE8F08F00BF4FF0000A01274FF08F
:10EB20004C094FF4A2754FF0000B06E00027606817
:10EB30000BF1010B00788345E4D2D4E90401A26D06
:10EB400011F80B1010F80B8011FB09263046F8F76E
:10EB500071FFD8B3E06918FB0500416AF8F7CEFEF3
:10EB6000E069D4E9251218FB0500F8F7B3FA00288C
:10EB7000DCD0E069D4F8901018FB0500826C836B40
:10EB8000521A1A448263816480F8F4A0016521203E
:10EB9000ADF8180044F24540C2F22110059045F24C
:10EBA0004220C5F24140049044F24310C4F64C1098
:10EBB000039003A800210022CDF800A0CDF804A006
:10EBC000FFF72CF9E06918FB050015E0304601F06D
:10EBD000EDF9E169002818FB05100DD0416AF8F73E
:10EBE0008DFED4E925123046FAF7BCF900289DD0F5
:10EBF000304600F0B3FE9AE70021F8F77FFE96E773
:10EC00002DE9F04F81B02DED028B0446406800786D
:10EC1000002800F0AD804FF000084FF0010B4FF4DA
:10EC20001C794FF4A27AB7EE008A002709E000BFF2
:10EC30000021F8F763FE606801370078874280F0B2
:10EC400099802069E169C05D10FB0A1090F8F51009
:10EC50000029EDD0E168A269C95D11FB0926616D4B
:10EC600096ED4D0A31B3D6F8EC11CA1701EB1271CB
:10EC7000091101EE101AB8EEC11AB4EE410AF1EE14
:10EC800010FA0EDCD6F8F41196ED4F0AA8EB41010C
:10EC900001EE101AB8EEC11AB4EE410AF1EE10FA04
:10ECA00052DDD6F8F0114942F8F728FE4FF0000B7C
:10ECB000C1E700BFD6F8EC11CA1701EB92718910B9
:10ECC00001EE101AB8EEC11AB4EE410AF1EE10FAD4
:10ECD0000EDC96ED7E0A96ED4A1AB8EEC00AB4EE46
:10ECE000401AF1EE10FA03DAD6F8F011DCE700BFB3
:10ECF00000210546F8F702FE96ED3B0A96ED4A1A0A
:10ED000096ED3C2A31EE401A32EE400A81EE000ABE
:10ED100096ED7F1A96ED4F2AB8EEC11A85F8F58068
:10ED200020EE013A38EE400A20EE010A32EE433A74
:10ED300030EE020ABDEEC33ABDEEC00A86ED793A66
:10ED400086ED7A0A77E700BF00214FF0000BF8F755
:10ED5000D5FD96ED7D0A96ED4A1AB8EEC00A31EE61
:10ED6000000ABDEEC00A86ED7E0AC4F854B062E720
:10ED70004FF0010B5FFA8BF0BDEC028B01B0BDE8E8
:10ED8000F08F0000F0B581B004464068012500789E
:10ED900088B100264FF4A2772069E169805D10FBFD
:10EDA0000710FAF7C1FF6168002808BF0546087818
:10EDB00001368642F0D3E8B201B0F0BDF0B581B0C3
:10EDC000044640680125007888B100264FF4A277F8
:10EDD0002069E169805D10FB0710FAF7A5FF616803
:10EDE000002808BF0546087801368642F0D3E8B20D
:10EDF00001B0F0BD2DE9F04F81B02DED048BB0B026
:10EE0000002104460026FFF7F1F819A85A21F3F76C
:10EE100047F960680078002800F0C6809FED888A76
:10EE20009FED889A4FF41C770DF1640A00204FF093
:10EE3000000804901EE000BF754875A31A1D8BF8EA
:10EE40000862059007CA0892CDE90601187C0022E5
:10EE50008DF824009BF8001005A800960196FEF797
:10EE6000DDFF01200490606808F10108007880450A
:10EE700080F0C580E068A16910F8080010FB071B4E
:10EE80009BF809020328D7D0D4E90412E36911F8EA
:10EE900008104FF4A27511FB0535A16D12F808207A
:10EEA0004C23022812FB031930D001287CD12846BC
:10EEB000FAF73AFF002873D050465A21F3F7F0F8DA
:10EEC000A86BD5F82C11AB6CB9F80E704EF6B75292
:10EED000CDE9001050465A21C0F6060202974FF4C1
:10EEE0001C77F2F741FC9BF8001050460022009678
:10EEF0000196FEF793FFDBF8102248460021FFF74A
:10EF000067F802208BF80902ADE700BF4846FAF720
:10EF100047F8074650465A21F3F7C2F8D9F8186067
:10EF200050465A213FA23B4600960026F2F71CFCB1
:10EF30009BF800105046002200960196FEF76EFFE7
:10EF40009BED3C1A00EE107AB8EEC00A31EE081ABA
:10EF5000B4EE401AF1EE10FA2ADB9BED3B1A31EECB
:10EF6000091AB4EE401AF1EE10FA21DC50465A218B
:10EF7000F3F796F8D5E90F3750465A2132A2009799
:10EF8000F2F7F2FB9BF80010504600220096019623
:10EF9000FEF744FF03208BF809024FF41C7762E769
:10EFA0002846FFF7D1FC5EE70020049027E000BF71
:10EFB00019AC002620465A218BF80862F3F770F846
:10EFC000DBE93B503BF002F841EC180B28463AF0E5
:10EFD000FDFF41EC100B25A220465A213B468DED4A
:10EFE000008B8DED020BF2F7BFFB9BF80010204663
:10EFF00000220023009604930196FEF70FFF049869
:10F00000C0B230B0BDEC048B01B0BDE8F08F00BFE2
:10F0100043616C696220436F6D706C657465642E2A
:10F0200000000000456E636F64657220706F733A74
:10F03000256420616E64207A65726F3A2564000051
:10F04000008C6346008C63C64E6577204D74722039
:10F050006C696D6974733A206D5F6D696E3D2564EE
:10F06000206D5F6D61783D256400000063616C690F
:10F07000622031343A6F75744C696D3A2063703A8E
:10F080002564206D783A252E3166206D6E3A252E46
:10F090003166000070B5044690F8DC0104220E28A9
:10F0A00008BF64220021092808BF642284F8DE1109
:10F0B000411E4F2904EB020500F26A80DFE811F0DF
:10F0C0006B00500082011A011A015A001A01500007
:10F0D0006B001A011A011A011A0150001A011A01D3
:10F0E0001A011A011A011A011A011A011A011A0148
:10F0F0001A011A011A011A011A011A011A011A0138
:10F100001A011A011A011A011A011A011A011A0127
:10F110001A011A011A011A011A011A011A011A0117
:10F120001A011A011A011A011A011A011A011A0107
:10F130001A011A011A011A011A011A011A011A01F7
:10F140001A011A011A011A011A011A011A011A01E7
:10F150001A011A011A011A011A011A011A015A0098
:10F1600004F5B670FCF7F2FAA8B104F5BA70FDF731
:10F17000DBF910E0D4F814110020C4E9530194ED38
:10F18000540AC4E94600C4F82401C4E9510070BD22
:10F19000FE2840F0AF8094F82402072800F00B818D
:10F1A000062804D194F80802002800F0048104F530
:10F1B000BA7604F58C7104F58E7204F590733046BE
:10F1C000F9F776FD94F8FD0094ED460A94ED4A1A9D
:10F1D000002830EE410A4BD09FEDBA2AB4EE420A25
:10F1E000F1EE10FA1EDD9FEDB83A00BF30EE030AD3
:10F1F000B4EE420AF1EE10FA14DD30EE030AB4EE7A
:10F20000420AF1EE10FA0DDD30EE030AB4EE420AC6
:10F21000F1EE10FA06DD30EE030AB4EE420AF1EE2A
:10F2200010FAE3DC9FEDA92AB4EE420AF1EE10FADF
:10F230001EDA9FEDA73A00BF30EE030AB4EE420A91
:10F24000F1EE10FA14DA30EE030AB4EE420AF1EEEF
:10F2500010FA0DDA30EE030AB4EE420AF1EE10FABB
:10F2600006DA30EE030AB4EE420AF1EE10FAE3DBFE
:10F2700094ED472A94ED4B4A94F8DD1132EE442A7E
:10F28000002984ED510A84ED522A41D094ED567A3A
:10F2900094ED556AD4ED570A94ED3B3A94ED3C2A2F
:10F2A00027EE000A94ED4D5A30EE060A20EE844A0D
:10F2B00030EE440AB4EE423A30EE454AF1EE10FA2E
:10F2C00084ED490A84ED534A84ED540A0BD0B4EE20
:10F2D000431AF1EE10FA40F3AB80B4EE421AF1EEAD
:10F2E00010FA80F2CB80002094ED540AC4F810018B
:10F2F00070BD00BF0020C4E94600C4F82401C4E981
:10F300005100C4F84C01C4F8500194ED540A70BD8A
:10F3100094F8FC200021C4F82411C4F84C114AB31D
:10F3200094F8DC11FE2925D094ED400AB4EE401A81
:10F33000F1EE10FA1EDDD4ED410AB4EE601AF1EEE2
:10F3400010FA17DA00219FED631A9FED632A84F803
:10F35000FC10002804BFB0EE401AB0EE602A84ED25
:10F360003B1A9FED5E1A3046F0EE411A84ED3C2ABE
:10F37000FDF7C6F894ED3B0A94ED3C1AB4EE410A51
:10F38000F1EE10FA48D094ED421A9FED552A94ED13
:10F390004A0A31EE021AB4EE410AF1EE10FA0ADB23
:10F3A00094ED431A9FED4F2A31EE021AB4EE410A52
:10F3B000F1EE10FA30DD0020C4F8500194ED540A4B
:10F3C00070BD00BF94ED3B1A94ED3C0A94ED492AC0
:10F3D00094ED4D3AB4EE401A002032EE433AF1EE8D
:10F3E00010FAC4E94600C4E9510084ED533A84EDB3
:10F3F000542A0BD094ED4A2AB4EE412AF1EE10FAC9
:10F400001ADDB4EE402AF1EE10FA3BDA94ED540A1C
:10F41000C4F8100170BD00BF94ED310A94ED511A8B
:10F42000B4EE401AF1EE10FA14DD31EE400A1AE0A3
:10F4300033EE410A02E000BF31EE420A2846F6F7F9
:10F440004DFFFF2084ED440A94ED540A84F8DE0158
:10F4500070BD00BFB1EE402AB4EE421AF1EE10FAD0
:10F460001EDA31EE000A84ED510A2846F6F736FF1F
:10F4700084ED540A94ED540A70BD00BF32EE410A87
:10F4800002E000BF30EE420A2846F6F727FF84ED7F
:10F49000440A012094ED540A84F8DE0170BD00BFD7
:10F4A00094F8E1010026C4F8446138B1284600F020
:10F4B000C9FEC4F8506194ED540A70BD9FED070A6F
:10F4C000D3E700BF00000047000080C7000000C76E
:10F4D000000080475555D5C65555D546000000005B
:10F4E0000080E3C40080E34490F8DC11FE2923D1BE
:10F4F00090F8241206291FD190F80812E1B190ED7E
:10F500003C3A90ED3B2A90ED3D1AB4EE403AF1EED4
:10F5100010FAB4EE402AB8BFB0EE430AF1EE10FA8A
:10F52000B4EE601AC8BFB0EE420AF1EE10FA05DA86
:10F53000F0EE410A0BE000BF00207047B1EE411A27
:10F54000B4EE601AF1EE10FAC8BFF0EE410AF5EE23
:10F55000400AF1EE10FA80ED460AC0ED470A04BFFA
:10F560000120704780B500F5BA70FBF799FF0120C4
:10F5700080BD0000F0B583B00446407815460228EF
:10F580000E461DD0012824D194F80801C00720D1CF
:10F5900020785027020300F007013FFA82F242EA86
:10F5A00001210844019001A88DF8087006F024FF9D
:10F5B00004F58A7084F81171F7F7DCFD09E000BFEB
:10F5C0002EF092FE207800092EF02EFB502084F8B9
:10F5D00010012046F9F7E2F894F8F60010B1002087
:10F5E00003B0F0BD6078022808D001280AD194F851
:10F5F000080100F001000028F1D103E02EF0A4FB87
:10F600000028ECD1002704F19400C4E90777C4E98D
:10F610000A77C4E90D77C4E91877A766C4E91177BA
:10F62000C4E9137700F00EFE40F20110A16CA4F8BB
:10F63000F4000120C4F89070C4E94777A763C4F8C8
:10F64000246184F81C01C4E94A1503B0F0BD000030
:10F65000002859D02DE9F04387B040F69846C1F212
:10F660000006044696F8C00068B396F8DC00C007B0
:10F6700012D196F8C200B6F8D850042840F0A08005
:10F68000D6F8D0700BF092FF00210BF0CBFFC0E951
:10F6900014750020A6F8D80096F8DD00C00712D136
:10F6A00096F8C200B6F8DA50042840F0CD80D6F8BB
:10F6B000D4700BF07BFF01210BF0B4FFC0E914758F
:10F6C0000020A6F8DA0094F8380000284FF0000077
:10F6D00071D0B4F86010CDE904000390029019B91C
:10F6E000B4F86200002860D0D4F8460001212EF062
:10F6F00007F90EF0E9FE94F844100EF0B3FF38B1AC
:10F70000B4F86000B8B912E0FE2040B2704700BF04
:10F710000EF0DAFE4CF2FC02C0F6060294F8441039
:10F72000126801230EF0FCFFB4F8600018B9D4E9A8
:10F730001401084318D0042007211CF0BBFF0290DD
:10F740000020ADF80C00B4F86000D4E91412ADF854
:10F750000E00CDE904120CF095FA02AF042100224C
:10F76000002300970CF05CFAB4F8620018B9D4E9F1
:10F770001601084319D0042007211CF09BFF0290BA
:10F780004FF48070ADF80C00B4F86200D4E91612A2
:10F79000ADF80E00CDE904120CF074FA02AF0421AA
:10F7A0000022002300970CF03BFA0020C4E914006B
:10F7B000C4E91600206607B0BDE8F04340B27047C8
:10F7C00002287FF466AF002D3FF463AF44F2F048A7
:10F7D000C1F20008B8F800004FF000090130A6F8A7
:10F7E000D890A8F8000023F0CDFE23F0DBFED8E986
:10F7F0000223D6F8C870821A61EB0303D21B73F19F
:10F800000002FFF646AFC8E90201B8F8000086F82A
:10F81000F59086F8E590A6F8E650A6F8F6000BF00D
:10F82000C5FE00210BF03AFF05460BF0BFFE00219C
:10F830000BF0F8FED6F8D020002D47D0B5F90C30EB
:10F84000B5F9101044E000BF02287FF439AF002D55
:10F850003FF436AF44F2F048C1F20008B8F80210A5
:10F860000020A6F8DA00481CA8F8020023F08AFE5F
:10F8700023F098FED8E90423D6F8CC70821A61EB05
:10F880000303D21B73F10002FFF61AAFC8E90401AB
:10F89000012086F8F50086F8E500B8F80200A6F821
:10F8A000E650A6F8F6000BF081FE01210BF0F6FE03
:10F8B00005460BF07BFE01210BF0B4FED6F8D420F8
:10F8C00045B3B5F90C30B5F9101025E0002300213F
:10F8D000C6E93A3200284FF0000914BF0068002042
:10F8E000C6E93E0106F1F0070CF0CCF906F1E0059F
:10F8F00004210022002300950CF092F90CF0C2F9CB
:10F9000004210022002300970CF08AF9A8F8009047
:10F91000BFE600BF00230021C6E93A3200284FF0BD
:10F92000000914BF00680020C6E93E0106F1F00797
:10F930000CF0A8F906F1E00504210022002300954F
:10F940000CF06EF90CF09EF90421002200230097C0
:10F950000CF066F9A8F80290B2E60000C169826A6C
:10F9600090ED081A514300EE101AB8EEC00A80EE6E
:10F97000010A90ED051A00210182B8EEC11A90F833
:10F98000401001F0F50180F8401030EE410ABDEE64
:10F99000C00A80ED060A704740F6E050C1F2000050
:10F9A000D0F8C001FFF754BE2DE9F04F81B02DED26
:10F9B0000A8BCAB0002105464FF00009FEF716FB7E
:10F9C0006868007800288DF8D70000F06F8208A8DA
:10F9D0009FEDE38A9FEDE39A9FEDE3AA29304FF470
:10F9E0001C744FF0010B4FF000080490E868A969FF
:10F9F00010F8080010FB041A9AF82412FF2900F0EE
:10FA0000D181686907291DD0062933D19AF81412CB
:10FA1000013903292ED8AA6D10F808004C2710FBD5
:10FA20000720DFE811F00500F9004D00D70000BF06
:10FA3000DAF8182200210027FEF7CAFA02208AF815
:10FA40001402B0E19AF80912032935D010F8080021
:10FA5000AA6D4C23022910FB03200FD0012909D1E4
:10FA6000DAF80C2200210027FEF7B2FA02208AF809
:10FA7000090298E1FF26002796E100BFF9F790FA06
:10FA8000074600EE107AB8EEC01A9AED3C0A9AEDDD
:10FA90003BBA30EE082AB4EE412AF1EE10FAC0F279
:10FAA00011813BEE092AB4EE412AF1EE10FA00F37F
:10FAB000098103208AF809020026012774E100BFAA
:10FAC0002846FBF7A1FE9AED4A0A9AED831A31EE19
:10FAD000400AB0EEC00AB4EE4A0AF1EE10FA00F3A2
:10FAE000618104208AF814022869E96910F8080085
:10FAF0004FF4A27610FB0619D9F8480008ACC9F8F3
:10FB000038000020C9F84800C9F85000012089F8E1
:10FB1000F40020465021F2F7C3FAD9F83870D9F82A
:10FB20004830204650210FF21C420097F1F71CFE8E
:10FB300099F802100023204600220093019300242C
:10FB4000FEF76CF989F8F5406868CDF81C900078EC
:10FB5000D8B10027D5E90301EA69CC5D10F8079018
:10FB600014FB0620F9F7A0F8A8694FF41C7119FBE3
:10FB70000100F8F7EFFDE86914FB0600F7F7CCFA8F
:10FB80006868013700788742E4D3DAF81C02079EE0
:10FB900008ACF063DAF82002502130642046F2F716
:10FBA0007FFAD6E90F37204650210FF2B83200977E
:10FBB000F1F7DAFD9AF8001000272046002200979E
:10FBC0000197FEF72BF900264FF000094FF41C7443
:10FBD000EAE000BF46F274500026C0F264008AF8E2
:10FBE0000862399047F26D00C6F26C50389042F2CC
:10FBF0006200C6F64370379046F24310C6F66C10AA
:10FC000036909AF8001036A8002200960196FEF76A
:10FC100005F90127C8E000BF2969EE6911F80870ED
:10FC2000F9F7BEF904469AED3CCA00EE104AB8EE68
:10FC3000C00A3CEE081A9AED3BBAB4EE401AF1EE57
:10FC400010FA63DB3BEE091AB4EE401AF1EE10FA3B
:10FC50005CDC68684FF4A2730078CDF81CA0CDE995
:10FC6000057600B3002600BFD5E90301EA698F5D80
:10FC7000845D17FB03204FF41C794FF4A27AF9F747
:10FC800013F8A86914FB0900F8F764FDE86901217D
:10FC900017FB0A00F7F7B4F86868013600784FF4EC
:10FCA000A2738642E0D3079E4FF4A27196F8DC015E
:10FCB0004FF41C740A2859D1FF2600274FF0000981
:10FCC00072E000BF10EE100A3AF080F941EC1C0B14
:10FCD0001BEE100A3AF07AF941EC100B08AC204602
:10FCE00050218FA23B468DED00CB8DED020BF1F73D
:10FCF0003BFD9AF8001000272046002200974FF4A1
:10FD00001C740197FEF78AF8FF264DE008AE002725
:10FD1000304650218AF80872F2F7C2F91CEE100A38
:10FD20003AF054F941EC1C0B1BEE100A3AF04EF974
:10FD300041EC100B3046502192A223468DED00CBB2
:10FD40008DED020BF1F710FD9AF8001030460022FD
:10FD500000970197FEF762F8FF264FF41C7423E02A
:10FD6000008C6346008C63C600803644DDE90520C4
:10FD70004FF0000912FB010ADAF83C00C6F81C0239
:10FD8000DAF84000C6F82002CAE90F9996ED830A16
:10FD9000D6ED840A3046FFF7A7FB88B1032086F82A
:10FDA000140200BF002700266968002E08780BEABD
:10FDB000070B3FD108F101088045FFF417AE39E089
:10FDC00004982721F2F74AF944F20410C0F607001C
:10FDD000D0E900E100F108070591C1698CCF0691D7
:10FDE0000599CDF820E00DF1240ED0E9054C8EE800
:10FDF0008E00D0E90821069B90F828000D94CDF8DC
:10FE000038C0CDE90F3211918DF8480031780027C4
:10FE100008A800224FF41C7400970197FDF7FEFF1D
:10FE2000D6F81C02CAF83C00D6F82002FF26CAF811
:10FE30004000B9E72EB3FF204FF00A0885F86C00A8
:10FE400085F85E80087800285CD000274FF41C7984
:10FE50004FF4A276E868A969C05D10FB091080F82C
:10FE6000DC81FEF789F82869E969C05D10FB06109E
:10FE7000F7F752F96868013700788742EAD34FF004
:10FE80000009BBF1000F41D090B100264FF41C7760
:10FE9000E868A969805D10FB0710FEF76DF86868D7
:10FEA000013600788642F3D302E000BF4FF0010B29
:10FEB00044F2CC00C0F6070090E88E00D0E904655B
:10FEC0000DF1200E8EE88E0000F12007D0E906C467
:10FED000CDE90C658ECF066B90F834000DF1400E25
:10FEE0008EE88E008DF8540008A800210022CDE98C
:10FEF0000EC41496CDF80090CDF80490FDF78EFF57
:10FF000006E000BF0020BBF1000FBDD14FF0000B99
:10FF100058464AB0BDEC0A8B01B0BDE8F08F00BF77
:10FF200063616C6962373A6F75744C696D3A20632E
:10FF3000702564206D78252E3166206D6E252E315A
:10FF40006600000063364D3A706F7320726561631E
:10FF50006865643A2063703D256420636F3D2564C5
:10FF6000000000004D7472206C696D6974733A2052
:10FF70006D5F6D696E3D2564206D5F6D61783D2517
:10FF80006400000063616C696220363A6F75744CDE
:10FF9000696D3A2063703A2564206D783A252E31D8
:10FFA00066206D6E3A252E316600000090F8400004
:10FFB000C0F3C0007047000050B140F6E050C1F2FD
:10FFC0000000417821B1D0F8C001FCF799B800BF1A
:10FFD0000020704700220282C0E90512C18990F812
:10FFE0004020816242F00A0180F840107047000012
:10FFF00050B100EB8100417A032912BFF120C0F813
:020000040803EF
:10000000A020002040B27047FE2040B270470000A0
:1000100010B504460078C0F10100C0B22CF070FEAB
:1000200040F2DC51884244F27851C1F2000101D221
:10003000012004E040F6AD52904202D30020227825
:10004000885494ED510AB5EE400AF1EE10FAA4BFBF
:10005000002010BD2078085C002818BF012010BDCA
:1000600090B100EB810212F8093F042B05D0927881
:10007000042A1EBFF12040B2704700EB810080EDE2
:100080001A0A002040B27047FE2040B270470000BC
:1000900050B100EB8100417A032912BFF12080EDBD
:1000A000210A002040B27047FE2040B27047000095
:1000B00044F2F471C1F200018A68002A04BF0020F2
:1000C000704790F90B300168002B58BF0146084675
:1000D0001047000080B56021F1F7E2FF80BD00000D
:1000E0002DE9F04F81B005460FF058FF04214FF481
:1000F0001C722B464FF41C760FF05AFF002D04465D
:100100005CD005FB06F804F5B27900274FF0000A31
:1001100004EB0A0B0BF580706021CBF8C4700BF573
:10012000B275CBE93B77CBE93D77ABF8FC70F1F7E3
:10013000B7FF2846F6F7AAFE0BF5B6763046F6F777
:10014000A5FE28466421FDF78BFE30463221FDF7DF
:1001500087FE2846F7F70EF83046F7F70BF80BF551
:10016000BA70002100220023F7F7A0F80BF1040079
:10017000FFF7B0FF0BF16400FFF7ACFF0B2009EBBA
:100180000A018BF8DC010BF50070C1F8797081F879
:100190007D7028218BF8C870CBE93377CBE93577B0
:1001A000CBE93777CBE93977F1F77AFF0AF51C7A93
:1001B000D0454FF0FF008BF82402A9D1204601B0B2
:1001C000BDE8F08F2DE9F04F81B005460FF0E6FE57
:1001D00004214FF4A2722B464FF4A2760FF0E8FEF2
:1001E00004465DB305FB06FB00274FF07E5840F246
:1001F00001194BF2B00A0026A51928464FF4A27146
:10020000F1F74EFF05F58A70C5F80480A5F8F49063
:10021000A5F810A1C5E93F77C5E94177F6F736FEA5
:1002200005F59A70F6F732FE06F5A276B345C5E9F4
:100230004777C5E94977C5F82C71DDD1204601B073
:10024000BDE8F08F0021C0E907114162C0E9151136
:1002500070470000B0B50D460968044608460AF02C
:10026000C9FC2168686881ED000A0AF0C3FC2168B6
:10027000A86881ED010A0AF0BDFC2168E86881EDFB
:10028000020A0AF0B7FC2168286981ED030A0AF026
:10029000B1FC6168686981ED000A0AF0ABFC616835
:1002A000A86981ED010A0AF0A5FC6168E86981EDA1
:1002B000020A0AF09FFC6168286A81ED030A0AF0CD
:1002C00099FCA168686A81ED000A0AF093FCA168B4
:1002D000A86A81ED010A0AF08DFCA168E86A81ED47
:1002E000020A0AF087FCA168286B81ED030A0AF074
:1002F00081FCE168686B81ED000A0AF07BFCE16833
:10030000A86B81ED010A0AF075FCE168E86B81EDEC
:10031000020A0AF06FFCE06880ED030AB0BD00003D
:1003200020211EF08FBF000010B50446012898BFA1
:10033000012400BF2046F1F7B1FF002818BF10BD0F
:1003400007F061FC08B18047F4E7002010BD000011
:100350004FF0040321B10D2902D01AB13AE000BFD9
:10036000184670474A1E4F2A4FF00003F8D80FF284
:100370000C0101EB820C3821DFE802F034302C2A2A
:100380002A362E2E322A2A2A2A382A2A2A2A2A2AA3
:100390002A2A2A2A2A2A2A2A2A2A2A2A2A2A2A2ABD
:1003A0002A2A2A2A2A2A2A2A2A2A2A2A2A2A2A2AAD
:1003B0002A2A2A2A2A2A2A2A2A2A2A2A2A2A2A2A9D
:1003C0002A2A2A2A2A2A2A2A2A2A2A284358C7E7EE
:1003D000C6E700BF3421F9E74821F7E74421F5E7F4
:1003E0004C21F3E74021F1E73C21EFE75021EDE715
:1003F0004168002908BF7047017A032908D840F2F4
:100400004050C1F2000000F224600AF00BBC00BFB3
:1004100070470000F0B581B00C460546012898BF32
:100420000125042998BF04240027684621462A464E
:100430000097F1F745FF009878B96E4607F0E3FBA7
:1004400050B18047304621462A460097F1F738FFE1
:1004500000980028F2D000E0002001B0F0BD0000BC
:10046000F0B589B00C46FE29054615D328694FF42E
:10047000A0610182FF218474A0F813104CF21810BF
:10048000C0F6060090E84E00D0E904500DF1080CCB
:100490008CE84E000695E0E100208DF807008DF80D
:1004A00006001CF0D9F90DF106011CF0C3F9092C66
:1004B00022D8DFE814F00B003D01FF001101D3004A
:1004C0005301670127017B01E90000BF10F044FEE2
:1004D00011F01AF8064610F03FFE0DF10702002158
:1004E000002710F055FF2F7510F036FE10F024FD98
:1004F000002E40F06E816FE1802C40F06A8110F098
:100500002BFE11F001F810F027FE0021002200263A
:1005100010F03EFF2E7510F01FFE10F00DFD0EF0D6
:100520005FFD0EF023FF0EF05BFD002100220EF0B8
:10053000A5FEAE750EF054FD0EF0E2FC17F0A8F823
:1005400017F008FA17F0A4F80021002217F0BEF9FE
:100550006E7517F09DF817F01BF803F06BFC04F0B4
:100560009DFF03F067FC0021002203F043FC2E777F
:1005700003F060FC03F010FC05F09CF805F0C0FCF3
:1005800005F098F80021002205F074F86E7705F068
:1005900091F805F041F815F051FB15F093FF15F0B7
:1005A0004DFB0021002215F0F3FDEE7515F046FB22
:1005B00015F0CAFA0CF094FF0DF078F80CF090FFEB
:1005C000002100220DF03EF82E760CF089FF0CF091
:1005D0001DFF17F0FBFD17F0D7FE17F0F7FD002108
:1005E000002217F09DFE6E7617F0F0FD17F06AFD01
:1005F00013F082FB13F064FC13F07EFB0021002259
:1006000013F010FCAE7613F077FB13F0FDFA12F046
:10061000F7FB12F0D9FC12F0F3FB0021002212F0DC
:1006200085FCEE7612F0ECFB12F072FB08F0F8FBA2
:1006300008F00AFC18F03AFE08F0F2FB08F004FC9F
:1006400018F002FE8DF807001CF006F900211CF0DE
:10065000E3FA0646002E40F0BC80BDE00CF040FFFF
:100660000DF024F806460CF03BFF0DF107020021C7
:1006700000270CF0E7FF2F760CF032FF0CF0C6FEDF
:10068000002E40F0A680A7E005F014F805F038FC35
:10069000064605F00FF80DF107020021002704F0CF
:1006A000E9FF6F7705F006F804F0B6FF002E40F082
:1006B000908091E00EF094FC0EF058FE0EF090FC4D
:1006C0000DF10702002100260EF0D8FDAE750EF0E8
:1006D00087FC0EF015FC7FE015F0B0FA15F0F2FE85
:1006E000064615F0ABFA0DF107020021002715F0C0
:1006F0004FFDEF7515F0A2FA15F026FA002E68D11D
:100700006AE000BF12F07CFB12F05EFC064612F0BD
:1007100077FB0DF107020021002712F007FCEF76AE
:1007200012F06EFB12F0F4FA002E52D154E000BF2A
:1007300016F0AEFF17F00EF9064616F0A9FF0DF100
:1007400007020021002717F0C1F86F7516F0A0FF0F
:1007500016F01EFF002E3CD13EE000BF17F036FD24
:1007600017F012FE064617F031FD0DF107020021C9
:10077000002717F0D5FD6F7617F028FD17F0A2FCC3
:100780003EBB29E013F0B8FA13F09AFB064613F0CB
:10079000B3FA0DF107020021002713F043FBAF76F7
:1007A00013F0AAFA13F030FA9EB915E003F042FBF9
:1007B00004F074FE064603F03DFB0DF10702002134
:1007C000002703F017FB2F7703F034FB03F0E4FA64
:1007D00016B100202DE000BF287D012828D0687DBB
:1007E000012825D0A87D012822D0E87D01281FD02E
:1007F000287E01281CD0687E012819D0A87E0128F7
:1008000016D0E87E012813D0287F012810D0687FF9
:1008100001280DD01CF020F8002100261CF0FCF966
:100820009DF80610022918BF8DF806600028D0D167
:10083000012029690DF1080C087405204874FF2077
:10084000C8744CF21810C0F606008C7490E88E0044
:10085000D0E904608CE88E000696079004208DF89D
:100860000900002003210022012300241EF026FE9F
:10087000039004941BF0F0FF02A91CF03BFA09B0AE
:10088000F0BD0000B0B540F66834C1F200040125A7
:1008900084F8615022F076FE22F084FEC4E92A0139
:1008A00084F8C85094F85000411E022938BF94F8CB
:1008B000C90028B940F66830C1F200001DF00CFCF8
:1008C00094F86000D8B994F841002EF079FD022820
:1008D00003D194F841002EF079FD94F844002EF0F5
:1008E0006FFD022803D194F844002EF06FFD94F8B8
:1008F00042002EF06BFD94F845002EF067FD0120BC
:1009000000F0E4FEE06B40F2FF120121A4F8612048
:10091000BDE8B0401EF08CBC2DE9F04782B040F637
:100920006834C1F20004D4E91A12002084F861008E
:10093000481C42F10001C4E91A0122F023FE22F012
:1009400031FEC4E91E01012084F8980094F850009B
:10095000411E022938BF94F89900002855D100257E
:100960002046A5641DF0FAFBA08D01210028019509
:10097000ADF8021043D094F85000411E022938BF50
:1009800094F89900D8BB4FF000090DF1040A0DF15D
:100990000206E846002500BF1DF02EFC51463246F7
:1009A0001DF0FAFC0746C8B9ADF800901DF0B0FD87
:1009B0000199424600231DF03BFE18B11DF0A8FD31
:1009C0001DF056FBBDF80000B4F84A100844B4F816
:1009D0004810A4F84A00481CA4F84800BDF80200DA
:1009E00068B167B9A08D0135854208D294F85000EE
:1009F000411E022938BF94F899000028CCD040F657
:100A00006830C1F200001DF09DFB94F8600038B919
:100A100094F841002EF0DAFC94F844002EF0D6FC55
:100A2000002000F053FEFF21A06BA4F8611001210B
:100A30001EF0FEFB02B0BDE8F0870000B0B582B04A
:100A400040F66834C1F20004022084F8610022F00C
:100A500099FD22F0A7FDC4E93601012084F8F800D1
:100A600000252046E5641DF09DFBE08D0195ADF865
:100A7000025070B11DF04CFD04F1590301A90DF1B4
:100A800002021DF0EFFC002866D01DF041FD1DF0B4
:100A9000EFFA20461DF064FB94F85100B8B14AF219
:100AA000D410C0F60600056894F85000411E0229D3
:100AB00038BF94F8F90050B9606D294632F09EFBBA
:100AC00094F851000138010684F85100ECD102205D
:100AD00000F0FCFD94F8600050B140F2FF21606B23
:100AE000A4F8611001211EF0A3FB02B0B0BD00BF4D
:100AF00094F841002EF064FC022843D094F844009E
:100B00002EF05EFC022847D094F842002EF058FCEC
:100B100002284BD094F845002EF052FC022803D155
:100B200094F845002EF052FC94F843002EF04EFC51
:100B300094F846002EF04AFC4FF6FF70A4F86100CE
:100B400094F84050FF2084F840001BF085FE2946B1
:100B50001CF09AF802B0B0BDBDF80200002898D091
:100B60001DF04AFB019944F64032C0F24C021DF0E0
:100B700043FC38B340F66830C1F200001DF092FA31
:100B800087E700BF94F841002EF020FC94F8440061
:100B90002EF016FC0228B7D194F844002EF016FC73
:100BA00094F842002EF00CFC0228B3D194F84200D5
:100BB0002EF00CFC94F845002EF002FC0228AFD079
:100BC000B2E700BFBDF80200B4F84E100844B4F814
:100BD0004C10A4F84E00481C94F85110A4F84C0096
:100BE000481C84F8510054E7F0B589B015460C460E
:100BF00006460027FE298DF8077025D330690621A7
:100C000007748474002D08BF07214174FF21A0F8E8
:100C100013104CF21810C0F6060090E84E00D0E910
:100C200004500DF1080CCDE9065004208CE84E006C
:100C30008DF8090000200321002201231EF03EFC54
:100C4000CDE903078CE000BF092C4FF0FF0751D816
:100C5000DFE804F00638202810404830521800BF62
:100C600010F07AFA0DF10702002D4DD0294610F050
:100C7000E9F84CE00CF034FC0DF1070229460CF0C9
:100C8000E1FC44E004F016FD0DF10702294604F0F2
:100C9000F1FC3CE00EF0A4F90DF1070229460EF03C
:100CA000EDFA34E014F0CAFF0DF10702294615F001
:100CB0006FFA2CE012F0A4F80DF10702294612F0A9
:100CC00035F924E016F0E4FC0DF10702294616F090
:100CD000FDFD1CE017F07AFA0DF10702294617F026
:100CE0001FFB14E013F008F80DF10702294613F07A
:100CF00099F80CE0FF200AE003F09CF80DF10702E0
:100D0000294603F077F802E0002110F041FBC0B261
:100D1000B0FA80F031694009087406208C74002D07
:100D200008BF07204874CF74085D0DF1080C0875E2
:100D30004CF21810C0F6060090E88E00D0E904606E
:100D40008CE88E00CDE9066004208DF809000020B3
:100D500003210022012300241EF0B0FBCDE903048F
:100D60001BF07AFD02A91BF0C5FF09B0F0BD000021
:100D700091F82420012303FA02F200EE102AB8EEC3
:100D8000C00AB7EE001A81EE003A91ED000A20EE9B
:100D9000030AB5EE400AF1EE10FAC0F20A8191EDB5
:100DA000012A22EE032AB5EE402AF1EE10FAC0F233
:100DB000008191ED024A24EE033AB5EE403AF1EE9D
:100DC00010FAB8BF704710B584B0B4EE402AB0EE48
:100DD000404AF1EE10FAC8BFB0EE424AB4EE443ACF
:100DE000F1EE10FAC8BFB0EE434AB4EE414AF1EE5C
:100DF00010FA71DBB0EE001AB4EE414AF1EE10FACF
:100E00006EDBB1EE001AB4EE414AF1EE10FA6BDB84
:100E1000B2EE001AB4EE414AF1EE10FA68DBB3EE1E
:100E2000001AB4EE414AF1EE10FA65DB9FED611A4B
:100E3000B4EE414AF1EE10FA62DB9FED5F1AB4EEB8
:100E4000414AF1EE10FA5FDB9FED5C1AB4EE414AC5
:100E5000F1EE10FA5CDB9FED5A1AB4EE414AF1EE66
:100E600010FA59DB9FED571AB4EE414AF1EE10FA31
:100E700056DB9FED551AB4EE414AF1EE10FA53DB02
:100E80009FED521AB4EE414AF1EE10FA50DB9FED9D
:100E9000501AB4EE414AF1EE10FA4DDB9FED4D1AB7
:100EA000B4EE414AF1EE10FA4ADB9FED4B1AB4EE74
:100EB000414AF1EE10FA47DB9FED481A4FF0000C63
:100EC000B4EE414AF1EE10FA4FF0000E4FF000037D
:100ED0004FF000013ADB53E04FF00F0C36E000BF5B
:100EE0004FF00E0C32E000BF4FF00D0C2EE000BFB3
:100EF0004FF00C0C2AE000BF4FF00B0C26E000BFB7
:100F00004FF00A0C22E000BF4FF0090C1EE000BFBA
:100F10004FF0080C1AE000BF4FF0070C16E000BFBE
:100F20004FF0060C12E000BF4FF0050C0EE000BFC2
:100F30004FF0040C0AE000BF4FF0030C06E000BFC6
:100F40004FF0020C02E000BF4FF0010C9FED234A6E
:100F500020EE040A80EE010A22EE042A82EE012A23
:100F600023EE043A83EE011ABDEEC00A10EE10EA39
:100F7000BDEEC20A10EE103ABDEEC10A10EE101A14
:100F8000002814BF0078072002033FFA82F200F025
:100F9000070442EA042210440190C1EA0C40CEEA60
:100FA0000341CDE9021001A805F012FA04B0BDE832
:100FB00010407047000000420000804200000043E3
:100FC0000000804300000044000080440000004511
:100FD00000008045000000460000804600000047F9
:100FE0000021C1707047000091F82420012303FA0A
:100FF00002F200EE102AB8EEC00AB7EE001A81EE37
:10100000003A91ED000A20EE030AB5EE400AF1EE37
:1010100010FAC0F20A8191ED012A22EE032AB5EE00
:10102000402AF1EE10FAC0F2008191ED024A24EE5E
:10103000033AB5EE403AF1EE10FAB8BF704710B57A
:1010400084B0B4EE402AB0EE404AF1EE10FAC8BFC8
:10105000B0EE424AB4EE443AF1EE10FAC8BFB0EE38
:10106000434AB4EE414AF1EE10FA71DBB0EE001AD9
:10107000B4EE414AF1EE10FA6EDBB1EE001AB4EEB6
:10108000414AF1EE10FA6BDBB2EE001AB4EE414ABF
:10109000F1EE10FA68DBB3EE001AB4EE414AF1EE5D
:1010A00010FA65DB9FED611AB4EE414AF1EE10FAD9
:1010B00062DB9FED5F1AB4EE414AF1EE10FA5FDB9E
:1010C0009FED5C1AB4EE414AF1EE10FA5CDB9FED45
:1010D0005A1AB4EE414AF1EE10FA59DB9FED571A55
:1010E000B4EE414AF1EE10FA56DB9FED551AB4EE1C
:1010F000414AF1EE10FA53DB9FED521AB4EE414A29
:10110000F1EE10FA50DB9FED501AB4EE414AF1EEC9
:1011100010FA4DDB9FED4D1AB4EE414AF1EE10FA94
:101120004ADB9FED4B1AB4EE414AF1EE10FA47DB71
:101130009FED481A4FF0000CB4EE414AF1EE10FA60
:101140004FF0000E4FF000034FF000013ADB53E088
:101150004FF00F0C36E000BF4FF00E0C32E000BF36
:101160004FF00D0C2EE000BF4FF00C0C2AE000BF3A
:101170004FF00B0C26E000BF4FF00A0C22E000BF3E
:101180004FF0090C1EE000BF4FF0080C1AE000BF42
:101190004FF0070C16E000BF4FF0060C12E000BF46
:1011A0004FF0050C0EE000BF4FF0040C0AE000BF4A
:1011B0004FF0030C06E000BF4FF0020C02E000BF4E
:1011C0004FF0010C9FED234A20EE040A80EE010A45
:1011D00022EE042A82EE012A23EE043A83EE011A5B
:1011E000BDEEC00A10EE10EABDEEC20A10EE103AD3
:1011F000BDEEC10A10EE101A002814BF00780720B7
:1012000002033FFA82F200F0070442EA042210448B
:101210000190C1EA0C40CEEA0341CDE9021001A8D9
:1012200005F012F904B0BDE810407047000000421C
:1012300000008042000000430000804300000044A2
:10124000000080440000004500008045000000468A
:10125000000080460000004780B50AF013FD4AF602
:101260000C5203A1C0F60602BDE880400AF044BD5E
:1012700063616C6C6564205F7461736B444F5F7372
:1012800074617274757028290000000080B50AF03E
:10129000F9FC4AF60C5203A1C0F60602BDE88040F4
:1012A0000AF02ABD63616C6C6564205F7461736BC6
:1012B00052585F73746172747570282900000000C1
:1012C00080B50AF0DFFC4AF60C5203A1C0F6060214
:1012D000BDE880400AF010BD63616C6C6564205FFE
:1012E0007461736B54585F737461727475702829DC
:1012F0000000000000782DF04DBF00002DE9F04FF8
:1013000091B040F6E054C1F20004804694F8AC017C
:1013100000260028C4F8BA61C4F8B661C4F8B26106
:10132000C4F8AE6100F00E814FF0010B0DF1200901
:101330000DF10C0A002709E094F8AD1194F8AC0106
:1013400001370131874284F8AD112DD2D4F8C001A4
:10135000FDB229464A4653468DF830608DF81C6030
:10136000FBF7BEFB9DF830109DF81C00E21982F8D7
:10137000B01182F8B70151B10F2908D004F5D77028
:10138000294609F04FFC9DF81C004FF0000B002887
:10139000D2D00F28D0D004F2AF10294609F042FC79
:1013A0004FF0000BC8E700BFABF10101B1FA81F1CA
:1013B0004F090646A078012807D1D4F8C421204659
:1013C0004146FCF7C3FB94F8AC6194F8AF2194F864
:1013D000AE31310362F3071103F00F020020114414
:1013E000C4F87C01A4F87E11C4F88401C4F880011B
:1013F000DEB394F8B71194F8B02101F00F0102F0B8
:101400000F0242EA0141012EC4E960102DD094F888
:10141000B12194F8B831120103F00F03D2B242EABD
:1014200003520A430021022EC4E960211DD094F822
:10143000B95194F8B23105F00F0503F00F032D06F2
:1014400045EA03231A43032EC4E960210DD094F822
:10145000B31194F8BA3101F00F0142EA013143F3BC
:10146000C00241EA0371C4E96012CDE90E00CDE982
:101470000C00CDE90A00CDE9080021F087FD21F03C
:101480008FFD42F2B14108AD0346C0F60301284684
:10149000002207F0C5F8FFB1022084F8880105207A
:1014A00015211BF007F9C4F8780104F5BC760AF0A1
:1014B000E9FB94F888114AF65353C0F6060300225C
:1014C00000960AF0ADFB94F88A0180B3D4F8741149
:1014D00069B314271BE000BF052016211BF0EAF8B2
:1014E000C4F87801042004F5BC7684F888010AF079
:1014F000C9FB94F888114AF65353C0F6060300223C
:1015000000960AF08DFBD4F8741181B1FF274CF2DC
:10151000F002C0F60602D4F87001D2E9002384F884
:1015200089710127CDE90017029517F08FFC6268D9
:101530002AB140F6E050C1F200000121904711B0FD
:10154000BDE8F08F0127A07801283FF436AF3CE7D3
:101550002DE9F04F81B0C268836992F800C092F81B
:1015600001904FF41C7780461CFB073090ED4A0A2F
:10157000947819FB073292ED4A1ABDEEC00A14FBAB
:10158000073210EE106ABDEEC10A92ED4A1A10EE53
:10159000107ABDEEC10A06FB06F210EE105A07FBE8
:1015A0000722AB1905FB06F103FB071105FB05221A
:1015B000D8F86830511A9942C0F28180D8F81010DA
:1015C0000094D8F81CE00B784C7890ED020A8978EA
:1015D0004FF4A27213FB02E314FB02E4B5EE400ADF
:1015E000D3F89030D4F890B011FB02E1F1EE10FA8C
:1015F000B5EE400AD1F890A0BCBF5B42CBF1000B26
:10160000F1EE10FAB8BFCAF1000ABE42D8BFAE422E
:101610000EDDBE42A8BFAE420EDA4FF4A2711CFB33
:1016200001E10022C1F89020F4F7AEFD06E000BF12
:10163000B3F1FF3F02DCECE7012BEEDAAF42D8BF9B
:10164000B74217DDBE4204DCAF4202DBBBF1010F43
:1016500013DBD8E906014FF4A27219FB0211002234
:10166000C1F890204FF41C7119FB0100F4F78CFDB8
:1016700003E000BFBBF1FF3FE4DD009BB542D8BFF4
:10168000BD4219DDB54204DBAF4202DCBAF1010F05
:1016900015DBD8E906014FF4A27213FB02114FF4D7
:1016A0001C7213FB02000022C1F8902001B0BDE8BB
:1016B000F04FF4F769BD00BFBAF1FF3FE2DD01B0C2
:1016C000BDE8F08FC0F30060704700002DE9F04FD7
:1016D0008FB0804621F056FF21F064FF40F6683756
:1016E00008EB4802C1F2000707EB02194A4652F81C
:1016F00070CFD2E901E6D368D2E90654B0EB060A0E
:10170000C2E9040199410026BAEB0C00C2E9085471
:10171000C2E906A171EB0E0082F8286024BF012007
:1017200089F89A00B7F80451B7F802E128460EF09C
:101730000203CDE90D66CDE90B66CDE90966002D02
:1017400018BF012000EA530B44F2D024BBF1010F73
:10175000C1F2000462D104EB481353F810CFCDE975
:1017600002B958685CEA000605EB850606D0D3E9A5
:10177000025B5446D3E9069A019523E040F6AC7922
:10178000C1F2000919F808704FF0000B44F240252F
:1017900009A8002F54461ABF0DF1300757F828C08A
:1017A0004FF0000CC0F20F0540F828C009F808B04F
:1017B00000204FF000094FF0000A0195C3E9025BD9
:1017C000C3E904BB19EB04074AEB0105C3E906753D
:1017D000019FA2461CF1010440F10000BAEB07078B
:1017E00071EB0B07C3E9004038BFC3E902A1D3E99D
:1017F0000407DDF80C90B0EB0A0077EB010044F22F
:10180000D024DDF808B040F668374FEA4606C1F24A
:101810000004C1F2000738BFC3E904A197F85010D3
:10182000002002294FF00305CDE90600059008BF0E
:101830000425B8F1020F049054D0B8F1010F40F024
:10184000A1805FEACE7024D092F82A00012820D12E
:10185000206841F28832411C9042216019DB00204F
:101860000C2120601AF026FF0490D4E90201ADF8A3
:1018700016A0CDE906010AF005FA4AF60C530DF15F
:10188000100CC0F6060329460022CDF800C00AF06D
:10189000C7F9BBF1000F00F0D8800A98D4E90C23F7
:1018A0003044101A73F10000C0F0CF80D4E9120167
:1018B000D4F838B0256C04F13008EFF7C7FE49F6CC
:1018C0009A11C1F69911A6FB0112C0EA0B4012EB66
:1018D000054540F10006002040211AF0EBFE04907F
:1018E00001279BE05FEACE7024D092F82A000128FD
:1018F00020D100200D211AF0DDFE049097F85C0045
:1019000097F85D10A26840EA0120A189ADF816A001
:1019100041EA0040CDE906200AF0B4F94AF60C533A
:101920000DF1100CC0F6060329460022CDF800C0C8
:101930000AF076F9BBF1000F00F087800B98D4E92C
:1019400014233044101A73F100007ED3D4E91A0135
:10195000D4F858B0256E04F15008EFF777FE49F639
:101960009A11C1F69911A6FB0112C0EA0B4012EBC5
:10197000054540F10006002040211AF09BFE022799
:101980004BE000BF5FEACE7022D092F82A00012817
:101990001ED100200B214FF000081AF08BFE49F6F3
:1019A0009A11C1F69911A6FB01120490ADF816A088
:1019B000CDE906280AF066F94AF60C530DF1100C31
:1019C000C0F6060329460022CDF800C00AF028F927
:1019D000BBF1000F39D00998D4E904233044101A20
:1019E00073F1000031D3D4E90A01D4F818B0256AA4
:1019F00004F11008EFF72AFE49F69A11C1F6991181
:101A0000A6FB0112C0EA0B4012EB054540F10006AF
:101A10000020402100271AF04DFE0490ADF816700A
:101A2000CDE906560AF02EF904A94AF60C530091A6
:101A3000C0F606030121002200240AF0F1F8C8E9EB
:101A4000004444F2D024C1F20004002089F89A0036
:101A5000D4E90201090441EA1041CAEA0040C4E99C
:101A600002010FB0BDE8F08F10B586B061B140F64D
:101A70007040C1F20000006940F60301C0F210415D
:101A8000C0F81110012116E002F0D4F902F08AF931
:101A900002F0D0F902F080F940F67041C1F2000185
:101AA000086940F60302C0F21052C0F81120092262
:101AB00081F82520002101744CF21810C0F60600B0
:101AC00090E80E5040698DE80E50059004208DF886
:101AD0000100002003210022012300241DF0EEFC60
:101AE000CDE901041AF0B8FE69461BF003F906B00F
:101AF00010BD000010B586B061B140F67040C1F273
:101B00000000006940F60311C0F21141C0F8111045
:101B1000012116E003F0CEFD03F084FD03F0CAFDC1
:101B200003F07AFD40F67041C1F20001086940F609
:101B30000312C0F21152C0F811200A2281F82520A8
:101B4000002101744CF21810C0F6060090E80E5007
:101B500040698DE80E50059004208DF801000020AA
:101B600003210022012300241DF0A8FCCDE901047B
:101B70001AF072FE69461BF0BDF806B010BD0000F9
:101B800010B586B061B140F67040C1F20000006946
:101B900040F20371C0F20D41C0F81110012116E0AE
:101BA00011F02EF911F09CF911F02AF911F0B0F8AA
:101BB00040F67041C1F20001086940F20372C0F2C0
:101BC0000D52C0F81120082281F82520002101744F
:101BD0004CF21810C0F6060090E80E5040698DE8EF
:101BE0000E50059004208DF80100002003210022F2
:101BF000012300241DF062FCCDE901041AF02CFE43
:101C000069461BF077F806B010BD000010B586B02D
:101C100061B140F67040C1F20000006940F203611A
:101C2000C0F20C41C0F81110012116E012F064F866
:101C300012F0D2F812F060F811F0E6FF40F67041B1
:101C4000C1F20001086940F20362C0F20C52C0F810
:101C50001120072281F82520002101744CF2181070
:101C6000C0F6060090E80E5040698DE80E500590D1
:101C700004208DF80100002003210022012300240C
:101C80001DF01CFCCDE901041AF0E6FD69461BF0CD
:101C900031F806B010BD0000F0B58FB001291FD19A
:101CA00040F24054C1F20004207D0E2873D142F668
:101CB0002D20657DE68AC0F60300CDE9040404F01A
:101CC000A7F9D4F8C81502680D9145EA06410E91AE
:101CD00017680DA904AB0122B8470FB0F0BD00BFD3
:101CE00040F24055C1F2000505200C46287313F060
:101CF00079F92A7B0021002613F062F9C5E95F66B5
:101D0000C5F8846105F5BC77CDE90A66CDE90866BA
:101D1000CDE90666CDE9046621F038F921F040F9F5
:101D200042F2B16104AE0346C0F6030130462A46D2
:101D300006F076FC05204E211AF0BCFCC5F87801AF
:101D4000042085F8880109F09DFF95F888114AF66E
:101D50003D53C0F606030022009709F061FFD5F855
:101D6000741181B14CF2F002C0F60602FF27D5F8DB
:101D70007001D2E9002385F889710127CDE90017A8
:101D8000029617F063F86A682AB140F24050C1F237
:101D90000000214690470FB0F0BD0000F0B58FB0B5
:101DA00001291BD140F24054C1F2000442F6051053
:101DB000657DE68AC0F60300CDE9040404F028F945
:101DC000D4F8C81502680D9145EA06410E911768CE
:101DD0000DA904AB0122B8470FB0F0BD40F2405549
:101DE000C1F2000505200C46287313F0FBF82A7B8E
:101DF0000021002613F0E4F8C5E95F66C5F88461A8
:101E000005F5BC77CDE90A66CDE90866CDE9066639
:101E1000CDE9046621F0BAF821F0C2F842F2B161CE
:101E200004AE0346C0F6030130462A4606F0F8FB2E
:101E300005203C211AF03EFCC5F87801042085F805
:101E4000880109F01FFF95F888114AF63D53C0F646
:101E500006030022009709F0E3FED5F8741181B162
:101E60004CF2F002C0F60602FF27D5F87001D2E965
:101E7000002385F889710127CDE90017029616F035
:101E8000E5FF6A682AB140F24050C1F200002146E5
:101E900090470FB0F0BD000010B586B061B140F6BC
:101EA0007040C1F20000006940F20321C0F2054118
:101EB000C0F81110012116E00DF092F80DF008F9AC
:101EC0000DF08EF80DF01CF840F67041C1F20001E3
:101ED000086940F20322C0F20552C0F81120022224
:101EE00081F82520002101744CF21810C0F606007C
:101EF00090E80E5040698DE80E50059004208DF852
:101F00000100002003210022012300241DF0D6FA45
:101F1000CDE901041AF0A0FC69461AF0EBFE06B008
:101F200010BD000010B586B061B140F67040C1F23E
:101F30000000006940F20331C0F20741C0F81110FF
:101F4000012116E013F07AFE13F00AFF13F076FE7B
:101F500013F0FAFD40F67041C1F20001086940F249
:101F60000332C0F20752C0F81120032281F8252065
:101F7000002101744CF21810C0F6060090E80E50D3
:101F800040698DE80E50059004208DF80100002076
:101F900003210022012300241DF090FACDE9010461
:101FA0001AF05AFC69461AF0A5FE06B010BD0000F2
:101FB000F0B58FB040F24054C1F2000401290DD1B8
:101FC000207D022868D107F029F8D4F8981104F58B
:101FD000CE720FB0BDE8F04007F074B90520207351
:101FE00013F000F8227B0021002512F0E9FF207D8C
:101FF0001A26022808BF1226C4E95F55C4F8845186
:1020000004F5BC77CDE90A55CDE90855CDE906556B
:10201000CDE9045520F0BAFF20F0C2FF42F2B161D1
:1020200004AD0346C0F603012846224606F0F8FA3E
:10203000052031461AF03EFBC4F87801042084F8EC
:10204000880109F01FFE94F888114AF63D53C0F646
:1020500006030022009709F0E3FDD4F8741181B162
:102060004CF2F002C0F60602FF27D4F87001D2E964
:10207000002384F889710127CDE90017029516F035
:10208000E5FE62682AB140F24050C1F20000002132
:1020900090470FB0F0BD00BF42F65530657DE68A2F
:1020A000C0F60300CDE9040403F0B2FFD4F8C8156C
:1020B00002680D9145EA06410E9117680DA904AB1F
:1020C0000122B8470FB0F0BDF0B58DB040F24055D9
:1020D0001446012AC1F2000510D10320287312F022
:1020E00081FF2A7B002112F06BFFA87801280DD117
:1020F00005F1140128460EF0C1FA07E00520287307
:1021000012F070FF2A7B002112F05AFF0020C5E96F
:102110005F00C5F88401CDE90A00CDE90800CDE9EA
:102120000600CDE9040020F031FF20F039FF42F233
:10213000B16104AF0346C0F6030138462A4606F0F3
:102140006FFA012C1ED1022085F8880105200D218F
:102150001AF0B0FAC5F8780105F5BC7609F092FDE1
:1021600095F888114AF63D53C0F606030022009602
:1021700009F056FD95F88A617EB3D5F87411E9B976
:102180002BE000BF4CBB05200E211AF093FAC5F8D6
:102190007801042005F5BC7685F8880109F072FD08
:1021A00095F888114AF63D53C0F6060300220096C2
:1021B00009F036FDD5F8741179B1FF264CF2F00222
:1021C000C0F60602D5F87001D2E9002385F88961CE
:1021D00001268DE8C20016F039FE6A682AB140F285
:1021E0004050C1F200002146904700200DB0F0BDE4
:1021F000F0B58DB040F240551446012AC1F20005F9
:1022000010D10320287312F0EDFE2A7B002112F07A
:10221000D7FEA87801280DD105F1140128460EF04B
:102220002DFA07E00520287312F0DCFE2A7B00213E
:1022300012F0C6FE0020C5E95F00C5F88401CDE9B3
:102240000A00CDE90800CDE90600CDE9040020F040
:102250009DFE20F0A5FE42F2B16104AF0346C0F638
:10226000030138462A4606F0DBF9012C1ED1022074
:1022700085F88801052010211AF01CFAC5F87801AC
:1022800005F5BC7609F0FEFC95F888114AF63D5339
:10229000C0F606030022009609F0C2FC95F88A6198
:1022A0007EB3D5F87411E9B92BE000BF4CBB052013
:1022B00011211AF0FFF9C5F87801042005F5BC7664
:1022C00085F8880109F0DEFC95F888114AF63D533F
:1022D000C0F606030022009609F0A2FCD5F874119E
:1022E00079B1FF264CF2F002C0F60602D5F8700173
:1022F000D2E9002385F8896101268DE8C20016F035
:10230000A5FD6A682AB140F24050C1F200002146A2
:10231000904700200DB0F0BD10B586B061B140F619
:102320007040C1F20000006940F20311C0F20641A2
:10233000C0F81110012116E015F0AAF915F020FAE5
:1023400015F0A6F915F024F940F67041C1F200012C
:10235000086940F20312C0F20652C0F811200122AF
:1023600081F82520002101744CF21810C0F60600F7
:1023700090E80E5040698DE80E50059004208DF8CD
:102380000100002003210022012300241DF096F803
:10239000CDE901041AF060FA69461AF0ABFC06B008
:1023A00010BD000010B5044621F0ECF821F0FAF859
:1023B0005FFA84FE40F6683C4FEA4E01C1F2000C21
:1023C00051FA84F10CF17003621E03EB0114D4E99D
:1023D0000210BEF1000F08BF02220843D0B24FEA3C
:1023E000400050FA82F003EB001090F828109CF89F
:1023F000623094F828400BD0002901BF83EA020024
:102400002043C0B2B0FA80F008BF5FEA501007D096
:102410000CEB8E00406B0221BDE810401CF012BF97
:1024200010BD000010B586B061B140F67040C1F239
:102430000000006940F20341C0F20841C0F81110E9
:10244000012116E00BF04CF80BF0D6F80BF048F831
:102450000AF0DCFF40F67041C1F20001086940F269
:102460000342C0F20852C0F81120052281F825204D
:10247000002101744CF21810C0F6060090E80E50CE
:1024800040698DE80E50059004208DF80100002071
:1024900003210022012300241DF010F8CDE90104DE
:1024A0001AF0DAF969461AF025FC06B010BD0000F2
:1024B000B0B582B009F0E6FB40F6E055C1F2000588
:1024C00095F888114AF6535305F5BC74C0F6060317
:1024D0000022009409F0A4FB95F88901FF2804D09C
:1024E0000138010685F8890102D002B0B0BD00BFF5
:1024F000D5F8700102B0BDE8B04016F029BD00006B
:1025000070B58CB001290FD106F088FD40F2405221
:10251000C1F20002D2F8981102F5CE720CB0BDE8FB
:10252000704006F0CFBE00BF40F24054C1F200043C
:102530000520207312F056FD227B0021002512F0A9
:102540003FFDC4E95F55C4F8845104F5BC76CDE97C
:102550000A55CDE90855CDE90655CDE9045520F0D9
:1025600015FD20F01DFD42F2B16104AD0346C0F639
:1025700003012846224606F053F805200F211AF0E1
:1025800099F8C4F87801042084F8880109F07AFBEE
:1025900094F888114AF63D53C0F6060300220096CF
:1025A00009F03EFBD4F8741181B14CF2F002C0F690
:1025B0000602FF26D4F87001D2E9002384F889616D
:1025C0000126CDE90016029516F040FC62682AB19A
:1025D00040F24050C1F20000002190470CB070BDA5
:1025E00010B586B061B140F67040C1F200000069DC
:1025F00040F20351C0F20941C0F81110012116E068
:1026000015F0E4FD15F066FE15F0E0FD15F05AFD3D
:1026100040F67041C1F20001086940F20352C0F275
:102620000952C0F81120062281F8252000210174EA
:102630004CF21810C0F6060090E80E5040698DE884
:102640000E50059004208DF8010000200321002287
:10265000012300241CF032FFCDE901041AF0FCF83C
:1026600069461AF047FB06B010BD0000B0B505463C
:102670001CF018FF28461CF017FF044628461CF0E3
:102680001BFF012C0ED054B90E2808D8014601209A
:1026900000FA01F144F27402114218BFB0BD0020EB
:1026A000B0BD00BF0538B0FA80F04009B0BD0000F1
:1026B000B0B582B00446D0E9600104F5BC750130C4
:1026C00041F10001C4E9600109F0DCFA94F88811D5
:1026D0004AF63D53C0F606030022009509F0A0FA21
:1026E000D4F8780119F0CEFF0E2804D0286819F02C
:1026F000C9FF112803D106F091FC06F0CBFD94F838
:102700008901FF2804D00138010684F8890101D02D
:1027100002B0B0BDD4F8700102B0BDE8B04016F010
:1027200017BC000010B586B071B140F67040C1F220
:10273000000090F8261000690322C174042101757D
:102740000121A0F8112017E00EF006FD0EF0B2FDF9
:102750000EF002FD0EF0F0FB40F67042C1F20002F6
:1027600092F8261010690323C17405210175002118
:10277000A0F8113082F8251001744CF21810C0F640
:10278000060090E80E5040698DE80E500590042038
:102790008DF80100002003210022012300241CF0F9
:1027A0008DFECDE901041AF057F869461AF0A2FA35
:1027B00006B010BDC1B2490051FA80F040F6683150
:1027C000C1F2000101EB001090F89810012902BF3E
:1027D0007030012180F8291070470000F0B58DB0ED
:1027E00040F240550C460129C1F2000510D10320EA
:1027F000287312F0F7FB2A7B002112F0E1FBA87886
:1028000001280DD105F1140128460DF037FF07E02E
:102810000520287312F0E6FB2A7B002112F0D0FB82
:102820000020C5E95F00C5F88401CDE90A00CDE9C3
:102830000800CDE90600CDE9040020F0A7FB20F058
:10284000AFFB42F2B16104AF0346C0F60301384664
:102850002A4605F0E5FE012C1ED1022085F88801EC
:102860000520132119F026FFC5F8780105F5BC767F
:1028700009F008FA95F888114AF63D53C0F60603A8
:102880000022009609F0CCF995F88A617EB3D5F85C
:102890007411E9B92BE000BF4CBB0520142119F0DD
:1028A00009FFC5F87801042005F5BC7685F8880194
:1028B00009F0E8F995F888114AF63D53C0F6060389
:1028C0000022009609F0ACF9D5F8741179B1FF2611
:1028D0004CF2F002C0F60602D5F87001D2E90023EE
:1028E00085F8896101268DE8C20016F0AFFA6A68A2
:1028F0002AB140F24050C1F20000214690470DB08D
:10290000F0BD0000F0B58DB040F240550C460129F5
:10291000C1F2000510D10320287312F063FB2A7B5B
:10292000002112F04DFBA87801280DD105F114010A
:1029300028460DF0A3FE07E00520287312F052FB95
:102940002A7B002112F03CFB0020C5E95F00C5F89E
:102950008401CDE90A00CDE90800CDE90600CDE902
:10296000040020F013FB20F01BFB42F2B16104AF26
:102970000346C0F6030138462A4605F051FE012CF5
:102980001ED1022085F8880105203A2119F092FE17
:10299000C5F8780105F5BC7609F074F995F8881149
:1029A0004AF63D53C0F606030022009609F038F9B6
:1029B00095F88A617EB3D5F87411E9B92BE000BFB0
:1029C0004CBB05203B2119F075FEC5F878010420A9
:1029D00005F5BC7685F8880109F054F995F8881159
:1029E0004AF63D53C0F606030022009609F018F996
:1029F000D5F8741179B1FF264CF2F002C0F6060248
:102A0000D5F87001D2E9002385F8896101268DE8A7
:102A1000C20016F01BFA6A682AB140F24050C1F2B7
:102A20000000214690470DB0F0BD0000F0B58DB01C
:102A300040F240550C460129C1F2000510D1032097
:102A4000287312F0CFFA2A7B002112F0B9FAA87885
:102A500001280DD105F1140128460DF00FFE07E005
:102A60000520287312F0BEFA2A7B002112F0A8FA82
:102A70000020C5E95F00C5F88401CDE90A00CDE971
:102A80000800CDE90600CDE9040020F07FFA20F02F
:102A900087FA42F2B16104AF0346C0F6030138463B
:102AA0002A4605F0BDFD012C1ED1022085F88801C3
:102AB00005204C2119F0FEFDC5F8780105F5BC761E
:102AC00009F0E0F895F888114AF63D53C0F6060380
:102AD0000022009609F0A4F895F88A617EB3D5F833
:102AE0007411E9B92BE000BF4CBB05204D2119F052
:102AF000E1FDC5F87801042005F5BC7685F888016C
:102B000009F0C0F895F888114AF63D53C0F606035F
:102B10000022009609F084F8D5F8741179B1FF26E7
:102B20004CF2F002C0F60602D5F87001D2E900239B
:102B300085F8896101268DE8C20016F087F96A6878
:102B40002AB140F24050C1F20000214690470DB03A
:102B5000F0BD0000F0B58DB040F240550C460129A3
:102B6000C1F2000510D10320287312F03BFA2A7B32
:102B7000002112F025FAA87801280DD105F11401E1
:102B800028460DF07BFD07E00520287312F02AFA95
:102B90002A7B002112F014FA0020C5E95F00C5F875
:102BA0008401CDE90A00CDE90800CDE90600CDE9B0
:102BB000040020F0EBF920F0F3F942F2B16104AF28
:102BC0000346C0F6030138462A4605F029FD012CCC
:102BD0001ED1022085F888010520182119F06AFD10
:102BE000C5F8780105F5BC7609F04CF895F8881120
:102BF0004AF63D53C0F606030022009609F010F88D
:102C000095F88A617EB3D5F87411E9B92BE000BF5D
:102C10004CBB0520192119F04DFDC5F878010420A1
:102C200005F5BC7685F8880109F02CF895F888112F
:102C30004AF63D53C0F606030022009608F0F0FF66
:102C4000D5F8741179B1FF264CF2F002C0F60602F5
:102C5000D5F87001D2E9002385F8896101268DE855
:102C6000C20016F0F3F86A682AB140F24050C1F28F
:102C70000000214690470DB0F0BD000010B586B0B1
:102C80004AF6A441C0F606018A680968039240F634
:102C90006832C1F20002136952FA80F4CDE90113DF
:102CA00042F2A53194F84120C0F603010491059049
:102CB00001A9104600222CF041FB94F841002CF0B1
:102CC00078FB06B010BD000010B586B04AF6A441EE
:102CD000C0F606018A680968039240F66832C1F2BC
:102CE0000002136952FA80F4CDE9011342F2B57182
:102CF00094F84420C0F603010491059001A9104600
:102D000000222CF01BFB94F844002CF052FB06B080
:102D100010BD0000B0B54C680520C0F2010084422F
:102D20001CD18D6820F02EFC20F03CFCD5E900235E
:102D3000121A63EB0100511E70F1000116DB4CF218
:102D40000411C0F606010968511A70F1000005D39C
:102D500020F018FCD5E9002320F02CFCA4F58030ED
:102D60000538B0FA80F04009B0BD00BF4CF2041342
:102D7000C0F606031B6851424FF0000262EB0000F0
:102D8000C91A70F10000E3D2E8E7000040F2011137
:102D900081877047B0B52DED108B9CB00978DDF8B8
:102DA000CCC0002900F03A8190F83E40329D319924
:102DB0002CB940F201148487012480F83E40D1ED03
:102DC000002A4DF2882E91ED011AC0F6060E91ED03
:102DD000020AF5EE402A9EED0B3AF1EE10FAB5EE3E
:102DE000401A9EED0A2A9EED0C4ADFED8A3AD8BFC2
:102DF000F0EE632AF1EE10FAD8BFB0EE631AB5EE2A
:102E0000400A23EE016A9EED0D3A4DF2D821F1EE13
:102E100010FAD8BFB0EE630A22EE225A24EE002A3E
:102E20009EED104AC0F6060163EE221A91ED0C3AAF
:102E300091ED0F7A64EE220A91ED124A65EE034A93
:102E400066EE075A75EEA44A62EE045A75EEA44A7D
:102E5000CDED0A4ADEED064ADEED0E5A62EEA42AF8
:102E600065EE814ADEED0F5A61EE836A64EE877A81
:102E700065EE805A77EEA66ADEED117A25EE848A39
:102E800078EE266ACDED096A67EE816ADEED127A88
:102E900020EE838A26EE879A67EE807A39EE088ADA
:102EA00027EE849A39EE088A8DED0B8A91ED0D8A12
:102EB00091ED109A91ED13AA25EE08BA26EE09CAF3
:102EC0003CEE0BBA22EE0ACA3CEE0BBA8DED0EBAFE
:102ED00021EE88BA24EE89CA3CEE0BBA9EED07CAF1
:102EE00025EE8ADA3DEE0BBA8DED0DBA21EE0C1A05
:102EF00020EE88BA26EE89CA3CEE0BBA27EE8ACAC3
:102F00003CEE0BBA8DED0CBA91ED0EBA91ED11CAF3
:102F100091ED14DA25EE0B5A26EE0C6A36EE055AC0
:102F200022EE0D2A32EE052A8DED0F2A21EE8B2A94
:102F300024EE8C5A35EE022A25EE8D5A35EE022A01
:102F40008DED112A20EE8B2A26EE8C5A35EE022AC0
:102F500027EE8D5A9EED086A35EE022A8DED102A75
:102F600020EE060A23EE222A27EE013A33EE022A49
:102F700024EE003A73EE028A28EE222A29EE014A54
:102F800034EE022A2AEE004A34EE025A2BEE222AAE
:102F90002CEE011A31EE021A95ED002ADFED1E1A11
:102FA0002DEE000A70EE010AB5EE402AB0EE610A7D
:102FB000F1EE10FAC8BFB0EE420A90F83C409EED28
:102FC000091A70EE01AA9CB3309CB0EE63AA94ED8E
:102FD000000A0024B5EE400AF1EE10FAC8BFF0EE88
:102FE000401AB0EE632AB0EE618AF0EE632AF0EE8A
:102FF00063CAB0EE631AB0EE610AC0ED031AC0E90D
:1030000004448461C0ED071AC0E908448462C0ED3D
:103010000B1A1FE0000000000000003490F83E1082
:1030200000291EBF002180F84010C187A2E300BF25
:1030300090ED030A90ED041AD0ED05CAD0ED062AF2
:1030400090ED078A90ED082A90ED09AAD0ED0A3A92
:10305000D0ED0B1A91ED004AD1ED034A91ED067ABD
:103060008DED1B4A20EE044A21EE246AD1ED09FAC7
:10307000D1ED0AEA36EE044A2CEE876AD1ED0BDA7E
:103080008DED1A7A36EE044A20EE2F6A21EE2E7A62
:1030900037EE066A2CEEAD7A37EE066A91ED017ACC
:1030A000D1ED046AD1ED075ACDED194A8DED177AAD
:1030B00020EE077A61EE264A34EE877A6CEEA54A56
:1030C000CDED185A34EE877A62EEAF4A68EE2E5A8A
:1030D00075EEA44A62EE2D5A75EEA44A26EE2F6ACA
:1030E00064EEAE4A34EE866A6AEE2F4A63EEAE5A5A
:1030F00075EEA44A61EEAD5A75EEA44A64EEAD4A8F
:1031000034EE866A3AEE866A34EE284A84EE064A3F
:10311000D1ED024AD1ED055ACDED144ACDED155A47
:1031200060EE244A61EE255A75EEA44AD1ED085AA4
:10313000C0EE06BACDED135A6CEEA55A75EEA44A50
:10314000C1EE069A8DED084A37EE054A84EE064A2E
:10315000CCEE867ACDED166AD0ED046A90ED07FAD2
:1031600090ED09CA90ED0A3ACDED010A8DED125AA3
:10317000CDED028A90F83D108DED074A34EEA04A5D
:1031800084EE064AB7EE006AD0ED0B0A8DED064AD2
:103190002BEEAF4A36EE44EA29EEAE4A36EE44DA7A
:1031A00027EEAD4A36EE449A2BEEEE4A20EE0E0A9A
:1031B00021EE041A31EE000A2BEEED1A2CEE816A94
:1031C00076EE004A22EE8E0A28EE046A36EE000AF7
:1031D00022EE012A72EE005A2AEE0E0A23EE842A0B
:1031E00032EE000A21EE812A72EE003A24EE8E0AB7
:1031F00025EE842A32EE000A23EE812A32EE000AFE
:1032000029EEEF2A24EE826A25EE8D7A37EE067AD1
:1032100029EEED6A63EE861A8DED050A31EE870A16
:1032200027EEEF7A67EEEE1A64EE874A65EEA15A52
:1032300075EEA44A63EE893A8DED040A33EEA40AD2
:10324000D0ED035A8DED030A90ED050A65EE823A42
:1032500066EE8D4A90ED06AA74EEA33A60EE064A39
:10326000D0ED08CA74EEA34A6AEE023A2FEE0DBA08
:103270007BEE233A2CEE86BA3BEE23BA6CEE023A92
:1032800023EE0D5A35EE235A60EE863A33EE855A18
:1032900064EE8E3A6BEE042A72EEA32A65EE013AD2
:1032A00073EEA22A64EE823A2BEE0D8A78EE233A70
:1032B00025EE068A78EE233A64EE874A2BEE218AC1
:1032C00078EE244A25EE095A75EE244A25EE875AEF
:1032D00066EEA15A35EE855A60EE095A35EE855AEA
:1032E0006AEE075A6FEE216A76EEA55A6CEE896A8D
:1032F00076EEA55A6CEE076A23EE213A33EE263AB3
:1033000060EE890A30EE833A65EE0E0A25EE844AB5
:1033100034EE204A23EE011A31EE044A25EE021A59
:1033200025EE8D2A32EE011A23EE062A32EE016ACC
:1033300025EE071A25EEA12A32EE011A23EE092AFC
:103340002AEEAB5A9DED050A32EE013A25EE2B1A14
:103350002AEEA97A30EE011A2BEE870A32EE802A85
:1033600088EEAA0A6AEEA70A6BEEA01ADDED042A1F
:1033700074EE211A25EE294A72EE842A29EE874A34
:1033800073EE843A29EEA04ACDED049A76EE049AC3
:1033900025EE274A9DED035ACDED037A35EE048ADA
:1033A00027EE874A74EE84CA27EEA04A33EE049AC9
:1033B0009DED1B4A20EE2F3A34EE43DA9DED194A7B
:1033C00020EE2E3A34EE43FA21EE0D3A22EE0F4A69
:1033D0009DED1A5A34EE033A20EE2D4A35EE446A3A
:1033E00021EE864A34EE033A22EE8D4A23EE8F5ABE
:1033F00035EE044A9DED125A2CEE8F7A85EE2AEABC
:1034000029EE865A35EE045A28EE0D4A37EE044A64
:1034100029EE067ADDED017A77EE040A23EE0D4AF5
:1034200025EE0F7ACDED05BA37EE044A20EE867A06
:10343000C7EEAABA37EE044A9DED0A7A74EE07AADF
:103440009DED174A2EEE2F7A74EE474A9DED164AEF
:103450002EEE2E7A74EE475A23EE247A65EE256A14
:103460009DED184A36EE877A6EEE2D6A74EE666A26
:1034700020EEA6AA9DED094A3AEE077A37EE047AC5
:103480009DED144A2BEEAFAA74EE4AFA9DED154A53
:103490002BEEAEAA74EE4AEA23EE2F3A25EE2E5A10
:1034A0009DED134A35EE033A2BEEAD5A34EE45AAA4
:1034B00020EE8A5A9DED0B4A35EE033A73EE04DA9C
:1034C00021EE243A22EE255A35EE033A21EEA65A91
:1034D00035EE033A22EEA45A63EEA50A30EE855A81
:1034E00069EEA60A30EE855A68EE240A2CEEA5BADB
:1034F0007BEE200A29EE26BA7BEE200A23EE0DBAD7
:1035000025EE0FCA3CEE0BBA20EE86CA9DED0E4AA0
:103510003CEE0BBA3BEE04BA23EE24CA25EE254A54
:1035200034EE0C4A20EEA6CA3CEE044A9DED0DCACC
:1035300023EE2F3A34EE0CCA25EE2E4A34EE033A2F
:1035400020EE8A4A34EE033A9DED0C4A21EE2F1A02
:1035500022EE2E2A32EE011A21EE8A2A73EE048A16
:1035600032EE011A22EEAF2A23EEAE3A33EE022AF1
:1035700029EE8A3A33EE022A28EE2F3A2CEEAE4A92
:1035800034EE033A29EE0A4A34EE033A21EE0D4AAC
:1035900022EE0F5A35EE044A23EE065A35EE044A5F
:1035A0009DED0F5A22EE256A34EE055A21EE244A8B
:1035B00021EE2F1A22EE2E2A36EE044A23EE266A38
:1035C00032EE011A23EE0A2A36EE044A9DED116A04
:1035D00032EE011A9DED102A9DED023A74EE060AB4
:1035E00031EE021A20EE032A2EEE034A2BEE836AF6
:1035F0009DED123A6EEE274A60EE031A6EEE032A34
:103600006BEE833A20EE270A6BEEA75A3AEEC23AE7
:103610003BEE444A35EE465A37EE616A3CEE627A3A
:1036200070EEE30A7DEEC01A78EEE42A71EE653A98
:1036300061B193ED000A80ED0C0A93ED011A80ED63
:103640000D1A93ED022A80ED0E2A05E090ED0C0A8A
:1036500090ED0D1A90ED0E2A40F20111A0F83F10E6
:10366000D2ED004A80ED044A80ED055A9DED1B4ADB
:103670009DED195A24EE004A25EE015A35EE044A12
:103680009DED1A5A80ED066A25EE025A35EE044A7F
:103690009DED175A9DED166A25EE005A26EE016A39
:1036A00036EE055A9DED186ADDED056A26EE026AD2
:1036B00074EEC05A80ED033A9EED133A36EE055A89
:1036C0009DED146A66EEA56ADDED047A76EE806AF9
:1036D00030EE033A26EE000A9DED156A67EEA57AF4
:1036E000C0ED006A77EE816A26EE011A31EE000A1B
:1036F0009DED131A9DED038A21EE021A31EE000AA8
:103700009EED001A9DED086A68EE255A34EEC33A24
:1037100075EE825A9DED072A26EE036A31EE041AF1
:103720009EED014A36EE011A23EE022A80ED0C1AB4
:1037300034EE051A80ED077A9DED067A32EE011A15
:103740009EED022A23EE073A32EE000A33EE000A1B
:103750000021C0ED016AC0ED025AC0ED080AC0EDBB
:10376000091AC0ED0A2AC0ED0B3A80ED0D1A80ED62
:103770000E0A81870168CCF800104168CCF804106B
:103780008068CCF808001CB0BDEC108BB0BD000008
:10379000F0B589B00D46097A044601746868296855
:1037A000E060A1601AF0EAFF80B1287AAE880128B3
:1037B00022D11BF02DFA297AED88012902461DD16C
:1037C00017461BF025FA3A4619E000BF08F05AFAEE
:1037D0004BF260574EF690224AF68873C0F6060701
:1037E000C0F60602C0F606030521009708F018FA95
:1037F000287AAE880128DCD0AD790022002040F282
:103800000121CDE90010F0B2EBB28021802513F048
:1038100097FA60611BF0FCF9C4F824021BF0F8F978
:10382000C4F8280280200EF081FFE061002000260D
:103830000EF07CFF0021A0610EF0ACFF04F50F70CC
:1038400006A9CDE90665089603F010F846F69563DB
:103850002068C0F60203217A628947F6B9550493BD
:1038600047F6095308A7C0F60305CDE90206C0F6DE
:1038700003030120CDE9005605971BF02DFB0146FF
:103880000120616009B0F0BD646961676E6F737497
:1038900069630000B0B586B04CF21012C0F60602A3
:1038A0000446C169406912680025ADF8025013F062
:1038B00009FAD8B9E06905A90DF112020595ADF82C
:1038C00012500EF053FF0A20C6F60100039005982F
:1038D000BDF8121042F61553CDE9010104F50F7041
:1038E000C0F6030303A901AA02F0DAFF60690DF133
:1038F000020113F0AFFBBDF8020018B160680121AE
:103900001BF096FC06B0B0BD10B544F27450C1F285
:1039100000000078BFF35F8FC00705D044F2A450C9
:10392000C1F2000010BD00BF44F27450C1F20000AB
:1039300026F0BCF80028F1D044F2A454C1F20004EF
:10394000204600F017F843F6DD1040F20002C0F602
:103950000300C0F602022146EEF732FA44F2745038
:10396000C1F2000026F0B8F844F2A450C1F2000001
:1039700010BD000010B504464CF20410C0F606005D
:103980000068642148430021C4E900012920207215
:103990004FF40230C4F80A000120E0812074A074C2
:1039A0007F20C4E9891184F82C12C4F81310C4F8DC
:1039B0001710C4F81B10E177C0F200100A2142F67C
:1039C000F82204F50C73C6F60101C2F6F82207C30B
:1039D00004F50F7002F094FF204610BD10B50446A8
:1039E00000F50F7002F0AAFF204610BD026801F03A
:1039F0000103C1F343004FF0010C32F813100CFA2D
:103A000000F0084347F6FE710140012022F8131030
:103A100070470000026801F00103C1F343004FF05A
:103A2000010C32F813100CFA00F08143012022F847
:103A3000131070472DE9F04182B08046007E0028C7
:103A400000F0778002F0CEFE08F12007D8F80420BD
:103A5000F0CFD8F80C30121945F100059B1947F149
:103A600000071B1A77EB01034FF0000C38BF4FF033
:103A7000010C121A75EB01021CD2B8F83820B8F804
:103A80003A30C8E908011A4398F84130B2FA82F294
:103A90004FEA521223B37AB30022D8F8003088F8E4
:103AA000192098F80820C8E90E33012388F841301E
:103AB0000AE000BF98F81930032B3AD898F808208C
:103AC000DFE803F0022F4A2F033AB2FA82F25209DA
:103AD0000023002A18BFBCF1000F2AD048E000BF25
:103AE00062B3D8F80020032388F81930C8F83C20C6
:103AF0004FF0010C0DE000BFD8F83870D8F8002066
:103B000001234FF0000C88F81930C8E90C01C8F8FF
:103B10003C70C8F8382098F8082088F841C04FF069
:103B2000010C002A18BF0122002A18BFBCF1000FA7
:103B30001ED1012002B0BDE8F08100BF0222D8F8FA
:103B40003830D8F8007088F8192098F80820C8E9AB
:103B50000E73002388F8413002F0FE02023AB2FAF6
:103B600082F252090223002A18BFBCF1000FE0D0F4
:103B7000C8E90A01DFE803F002561C3498F8140083
:103B8000B8F83C10B8F83E20A8F84E0042EA0140D0
:103B90000021C8E9140100203C2118F08BFD48F8F1
:103BA000480F08F06FF858F8383C012152E000BF88
:103BB000D8E90C32C01A91414FF47A720023EDF724
:103BC00045FD98F81410B8F83C20B8F83E30A8F835
:103BD0004E1043EA0241C8E9141000203E2130E0B3
:103BE000D8E90C32C01A91414FF47A720023EDF7F4
:103BF0002DFD98F81410B8F83C20B8F83E30A8F81D
:103C00004E1043EA0241C8E9141000203F2118F089
:103C100051FD48F8480F08F035F858F8383C0321B2
:103C200018E000BF98F81400B8F83C10B8F83E202F
:103C3000A8F84E0042EA01400021C8E91401002022
:103C40003D2118F037FD48F8480F08F01BF858F8E8
:103C5000383C04210022CDF8008007F0E1FF01206C
:103C600002B0BDE8F081000001680022012081F867
:103C700041200A83C1E90822C1E90A228A63CA6392
:103C80007047000080B50068FFF7D4FE012080BDBA
:103C9000B0B505686C6864B12868C5E90E000120FC
:103CA00085F84100288302F09DFDC5E90801C5E9BA
:103CB0000A01002C18BF01242046B0BD0068027E16
:103CC0008AB101F0010230F812C0C1F343010123AF
:103CD00003FA01F111EA0C0F05D000EB4200028F4C
:103CE00022EA0101018701207047000010B5026837
:103CF00091E809500C6982E809501461087D00219F
:103D0000107582F84D00012082F84110C2E90811B7
:103D1000C2E90A11C2E90E1182F84C101183A2F80F
:103D20004E101165516510BD70B50446582026F03F
:103D3000A1FA48210546EEF7B3F948F2A060C0F2B7
:103D40000100686049F28060C0F2980009A1C5E9ED
:103D50000301FE202875002605F1200022216E7641
:103D6000EEF79EF92046C5E91266C5E9146625609E
:103D700070BD00BF64756D6D790000000168002999
:103D800008BF704710B504460846582104F055F89E
:103D90002046BDE81040704780B5006800F06CF820
:103DA000002080BD10B582B0046807F06BFF94F866
:103DB00090114AF6D87304F5C07CC0F606030022C1
:103DC000CDF800C007F02CFFD4F8800118F05AFCA1
:103DD000532803D105F022F905F05CFA002002B067
:103DE00010BD000080B500680968016000F052F95C
:103DF000002080BD70B5066814460D4607F042FFEE
:103E00004EF6A7514AF6D872C0F60601C0F6060271
:103E100007F072FF707A58B1D6F8B40144F24152FB
:103E2000C0F6030229462346BDE8704011F01EB8D3
:103E3000002070BD10B544F26444C1F20004207942
:103E4000BFF35F8FC00701D0206810BD201D25F093
:103E50002DFE0028F8D0042026F00CFA01F044FBD7
:103E6000214641F8040B084625F036FE206810BDB7
:103E7000006800F005BA00002DE9F04381B0044667
:103E800007F000FF4AF6D8727EA1C0F6060207F0DE
:103E900033FF607A002800F0E880E07A012802D140
:103EA000204600F0D5FF07F0EDFE4EF6A7514AF68A
:103EB000D872C0F60601C0F6060207F01DFF607A50
:103EC00048B1D4F8B40144F24152C0F603020021D3
:103ED000002310F0CBFF40F60128C0F2001805F0D7
:103EE00013FFD4F89C310221062205F01BFC05F0DB
:103EF0000BFFD4F8981106F001F9D4F8BC114AF67A
:103F0000A070C0F60600F9B190E84C0001F1080C71
:103F10008CE84C00D0E90423C568C1E90623D0E948
:103F200006C3D0E90A274D61D0E90865C1E90C272D
:103F3000C1E908C3D0E90C32C1E90A65C1E90E3212
:103F4000D4F8BC11C1F80080D4F8C0214FF0000CA7
:103F5000C4F8BCC1FAB1D0E90037D0E90265C2E9C2
:103F60000237D0E90437C2E90465C2E90637D0E96F
:103F70000A31D0E906E7D0E90865C2E90C31D0E999
:103F80000C31C2E90A65C2E908E7C2E90E31D4F88A
:103F9000C011C1F80080D4F8C421C4F8C0C1FAB17E
:103FA00090E88A0002F1080C8CE88A00D0E904133A
:103FB000C668C2E90613D0E906C3D0E90A155661FE
:103FC000D0E90876C2E90C15C2E908C3D0E90C3182
:103FD000C2E90A76C2E90E31D4F8C411C1F80080F2
:103FE000D4F8C8114FF00009C4F8C491F9B190E8B1
:103FF0008C0001F1080C8CE88C00D0E90423C56822
:10400000C1E90623D0E90A264D61D0E906C3D0E90B
:104010000875C1E90C26D0E90C02C1E90A75C1E9AD
:1040200008C3C1E90E02D4F8C801C0F800804FF0FF
:10403000FE30C4E9729004F11C004FF4AC71EEF74D
:104040002FF8D4F89801FF21217716F009F8D4F859
:104050009C0116F005F8D4F8A00104F0ADFED4F8E8
:10406000780114F075FF84F809900120207510F094
:10407000B9FF0821012210F0A3FF002001B0BDE824
:10408000F08300BF3A3A4465616374697661746590
:10409000282900002DE9F04385B00446007918B1C5
:1040A000002005B0BDE8F083382026F0E3F805468F
:1040B00002903820C8F2000004903120039063A1E0
:1040C00028463122EDF7CCFE002702A885F8317092
:1040D00002F0AEFB9DF91300B0F1FF3F05DC04993F
:1040E000029821F0004103F0A8FEFF202077042071
:1040F000042100220023CDE90077042515F0FCFF00
:10410000C4F898010220042100220023009701979F
:1041100015F0F2FFC4F89C0104200A21002204F0EB
:10412000F9FDC4F8A00104200421002204F0F2FDEE
:10413000C4F8B40114F016FEC4F878010520542127
:1041400084F8905184F8857118F0B4FA4FF00108A2
:10415000C4F88001A4F80880E77284F8148010F095
:1041600041FF0821012210F02BFFD4F8D061D4F8D0
:10417000D851C4E96F77A81B1F284FF0FE30C4F850
:10418000C471C4F8C871C4F8CC0150D8D4F8D47143
:104190002020A7EB060926F06DF800EB090CB742CA
:1041A00000F1200E3AD03546034600BFF5E8021272
:1041B000BD42C3E9001213D0F5E80212BD42C3E9C3
:1041C00002120DD0F5E80212BD42C3E9041207D075
:1041D000F5E80212C3E90612BD4203F12003E5D15E
:1041E000002300BF06F10805BD423380736011D083
:1041F00005F10806BE422B806B600BD006F1080566
:10420000BD423380736005D005F10806BE422B80A5
:104210006B60E7D1D4F8D061D4F8D851C4E9740CFC
:10422000C4F8D8E11EB1A91B304603F006FE14F015
:1042300099FDC4F8E40104F5F470C4F8080284F8A8
:104240000480002005B0BDE8F08300BF656D626F9B
:10425000743A3A6170703A3A6574683A3A746865CB
:104260004654736572766963653A3A496D706C3A83
:104270003A696E697469616C697365282900000088
:104280002DE9F04184B00D7A0C46052D804622D1EF
:1042900060686E460368827900F10801002506F126
:1042A00008000093082A28BF08228DF80420CDF8C2
:1042B0000550CDF809500395EDF717FE304602F092
:1042C000CDFA032826D0022805D16068007A183874
:1042D000B0FA80F04509012D28D198F8DE010028B8
:1042E00000F0A880636821781F785A7A1E265B89BF
:1042F00001F0010106EAD70739441BBA08F5E87056
:1043000040311B0C02F04CF9002040B204B0BDE873
:10431000F08100BF6068006800F00F000A380428D0
:104320009ABF60A10D5C0025012DD6D098F8090038
:10433000002800F07F806168207809781E2200F054
:10434000010002EAD101084400F1400705F0DCFC5D
:1043500039460222062305F0C9FBFF285ED0064637
:1043600008F508703946FFF7A9FC08EB8600D0F87D
:10437000BC71002F52D0A81E022855D2A91E384663
:1043800018BF032110F8183B6268012B58D115891A
:1043900007F1300CCBB2A5F5004500EE105A3CF801
:1043A0001350B8EEC00A01EE105AB8EE411A9FED54
:1043B0003F2A20EE010A20EE020A00EB830383ED80
:1043C000000A5389A3F5004300EE103A012353FA83
:1043D00081F33CF81350B8EEC00A01EE105AB8EE63
:1043E000411A20EE010A20EE020A00EB830383ED5E
:1043F000000A9289A2F5004200EE102A022252FA27
:1044000081F13CF81120B8EEC00A01EE102AB8EE96
:10441000411A20EE010A20EE020A30E0FF2040B2ED
:1044200004B0BDE8F08100BF042D03D16068B0F88E
:104430000900F882002040B204B0BDE8F08100BF5E
:104440001389CDB2A3F5004300EE103AB8EEC00ACE
:1044500000EB850383ED000A5589A5F5004500EEC4
:10446000105AB8EEC00A83ED010A9289A2F5004203
:1044700000EE102A0222B8EEC00A52FA81F100EBD7
:10448000810080ED000A02F0ADF9C7E90201404663
:104490002146324600F0EEF9002040B204B0BDE8FB
:1044A000F08100BF0203000004000000000000389B
:1044B0002DE9F04182B000F5DE77054657F821007E
:1044C000D8B30C460020FAB10DF107068DF80700AD
:1044D0003046002106F0A6FB43F60210A5F8AC0119
:1044E000022006212246FF2305F5D678C5F8B061E3
:1044F0001AF0E4FF064605F06FFF4146324606F02B
:1045000049F957F82400C0788DF8060043F60220D8
:10451000A5F8AC010DF10600C5F8B0010220062196
:104520002246FF2305F5D6761AF0C8FF044605F0AB
:1045300053FF3146224606F02DF902B0BDE8F08166
:104540000021C0F206210840401AB0FA80F040096C
:104550007047000070B582B0054601208DF8070055
:1045600040F20270A5F8AC01D5F8BC0105F5D6748F
:1045700000280DF10700C5F8B0010CD0022006217B
:104580000022FF231AF09AFF064605F025FF214678
:10459000324606F0FFF8D5F8C00160B102200621CE
:1045A0000122FF231AF08AFF064605F015FF214677
:1045B000324606F0EFF8D5F8C40160B102200621BA
:1045C0000222FF231AF07AFF064605F005FF214676
:1045D000324606F0DFF8D5F8C80160B102200621A6
:1045E0000322FF231AF06AFF054605F0F5FE214677
:1045F0002A4606F0CFF802B070BD000070B582B058
:10460000054600208DF8070043F60220A5F8AC010E
:1046100095F8CC0105F5D6740C280DF10700C5F806
:10462000B0010DD095F8CD010C281AD095F8CE0127
:104630000C2827D095F8CF010C2834D002B070BDDB
:10464000022006210022FF231AF038FF064605F05B
:10465000C3FE2146324606F09DF895F8CD010C28A0
:10466000E4D1022006210122FF231AF027FF06468B
:1046700005F0B2FE2146324606F08CF895F8CE01E0
:104680000C28D7D1022006210222FF231AF016FFA0
:10469000064605F0A1FE2146324606F07BF895F865
:1046A000CF010C28CAD1022006210322FF231AF0D1
:1046B00005FF054605F090FE21462A4606F06AF8F9
:1046C00002B070BD10B582B0044607F0DBFA94F872
:1046D00090114AF6D87304F5C07CC0F60603002298
:1046E000CDF800C007F09CFAD4F8800117F0CAFF9B
:1046F000532803D104F092FC04F0CCFD94F891010E
:10470000FF2804D00138010684F8910102D002B0DC
:1047100010BD00BFD4F8780102B0BDE8104014F01D
:1047200017BC00002DE9F04F87B0044601F10800E6
:10473000CDE90032029106F071FC054606F070FCEE
:10474000D4F8A01107460846039404F035FB15F091
:10475000ABFF00285ED0380652D004A8841D4FF06D
:1047600000085FFA87FA4FF0000B0BE0039804A9EA
:10477000D0F8A00104F000FB0BF1010B15F094FF41
:10478000834547D25FFA8BF0ADF81880CDE90488F5
:1047900015F082FF0746FE204FF0000900268DF835
:1047A0001000CDF8168000BF5FFA89F1284606F0A8
:1047B00033FC0178B94207D009F101095FFA89F0A9
:1047C0005045F1D318E000BF81888279ADF814100C
:1047D000016802F00100049104EB4000C2F34301C0
:1047E00006F02CFB09F101095FFA89F050454FF002
:1047F0000106D9D3BAE700BFF007B7D1BCE700BFC5
:10480000002400BFE0B215F047FF013415F04CFF63
:104810008442F7D3039DD5F8A00104F0FBFAB8B1A8
:10482000029805F5D274C5F8B80144F63570C0F6A3
:104830000300C5E9690504F0F1FBD5F8A011224693
:1048400004F040FD002040B207B0BDE8F08F00BF8B
:104850000520287510F0C6FB0821052210F0B0FBDA
:10486000019A12B1009800219047FF2040B207B092
:10487000BDE8F08F2DE9F04786B044F2644CC1F2F8
:10488000000C8A4600EB82000CEB8203D0F8BC11CE
:104890009F68DAF804007D1C87794978072F9D60AE
:1048A00078D190F80EE0BEF1000F73D09AF808604E
:1048B000032E0DD0022E6DD1CEF38107012F0CF106
:1048C000480811D0022F17D10CF118090DE000BFD4
:1048D000CEF38107012F0CF148082FD0022F35D1DC
:1048E0000CF118072BE000BFC14602EB420639F875
:1048F0002670013729F82670CEF30117012F03D057
:10490000022F08D10CF1180802EB420608EB8606CC
:104910007788013777804FEA9E17022F08D0012F42
:1049200038D102EB42070CEB87074C372FE000BF72
:1049300002EB42070CEB87071C3728E0474602EBE7
:10494000420607EB8606F7880137F780CEF301179A
:10495000012F03D0022F08D10CF1180802EB4206F8
:1049600008EB86063789013737814FEA9E17022FF9
:1049700008D0012F0ED102EB42070CEB870752370C
:1049800005E000BF02EB42070CEB870722373E88A9
:1049900001363E80002900F03B814FF4FA677943ED
:1049A0008D42C0F0358102EB42010CEB81052F46B0
:1049B00037F8181F00269E60CDE90466039602961C
:1049C00011B9B5F8481019B39AF80010022200295D
:1049D00008BF01220078022100098DF80D00012096
:1049E0008DF80C2017F066FE02903888B5F8481054
:1049F000ADF80E60CDE9041007F044F902AC0421D3
:104A000000220023009407F00BF93E80A5F84860CF
:104A10002F4637F81A0F0026CDE904660396029652
:104A200010B9B5F84A0030B39AF800000221002806
:104A3000DAF8040008BF012100788DF80C10000995
:104A40008DF80D0001200221012417F033FE0290A1
:104A50003888B5F84A10ADF80E40CDE9041007F0DB
:104A600011F902AC042100220023009407F0D8F8C9
:104A70003E80A5F84A602F4637F81C0F0026CDE986
:104A800004660396029610B9B5F84C0038B39AF84C
:104A90000000022400284FF0020008BF0120DAF8CD
:104AA00004108DF80C000878022100098DF80D0023
:104AB000012017F0FFFD02903888B5F84C10ADF8D2
:104AC0000E40CDE9041007F0DDF802AC042100220D
:104AD0000023009407F0A4F83E80A5F84C602F4610
:104AE00037F81E0F0026CDE904660396029610B92A
:104AF000B5F84E0030B39AF8000002210028DAF829
:104B0000040008BF012100788DF80C1000098DF811
:104B10000D000120022117F0CDFD02900320ADF819
:104B20000E003888B5F84E10CDE9041007F0AAF849
:104B300002AC042100220023009407F071F83E80AB
:104B4000A5F84E602F4637F8200F0026CDE9046601
:104B50000396029610B9B5F8500030B39AF80000E9
:104B600002210028DAF8040008BF012100788DF83E
:104B70000C1000098DF80D000120022117F09AFD9C
:104B800002900420ADF80E003888B5F85010CDE939
:104B9000041007F077F802AC0421002200230094EF
:104BA00007F03EF83E80A5F850602F4637F8220FF8
:104BB0000026CDE904660396029610B9B5F85200B6
:104BC00030B39AF8000002210028DAF8040008BF88
:104BD000012100788DF80C1000098DF80D000120DE
:104BE000022117F067FD02900520ADF80E0038880D
:104BF000B5F85210CDE9041007F044F802AC0421D6
:104C000000220023009407F00BF83E80A5F85260C4
:104C100006B0BDE8F087000070B58CB00446D0F84F
:104C2000B8510320207510F0DDF90821032210F09F
:104C3000C7F9A07A012803D12046294600F088FB55
:104C4000002004F5C076C4E96100C4F88C01CDE908
:104C50000A00CDE90800CDE90600CDE904001EF008
:104C600095F91EF09DF944F2C56104AD0346C0F606
:104C700003012846224603F0D3FC022084F8900169
:104C80000520522117F016FDC4F8800106F0FAFF46
:104C900094F890114AF6D873C0F6060300220096E5
:104CA00006F0BEFF94F8921191B1D4F87C617EB108
:104CB0004CF2F002C0F60602D4F87801D2E90023E3
:104CC00084F891110121CDE90061029514F0BEF83C
:104CD000E26812B12069012190470CB070BD00005C
:104CE00070B58CB004460520207510F07BF90821C2
:104CF000052210F065F9002004F5C076C4E96100D2
:104D0000C4F88C01CDE90A00CDE90800CDE9060020
:104D1000CDE904001EF03AF91EF042F944F2C561F3
:104D200004AD0346C0F603012846224603F078FC92
:104D30000520572117F0BEFCC4F88001042084F838
:104D4000900106F09FFF94F890114AF6D873C0F6D0
:104D500006030022009606F063FFD4F87C1181B1AF
:104D60004CF2F002C0F60602FF26D4F87801D2E930
:104D7000002384F891610126CDE90016029514F014
:104D800065F8E26812B12069002190470CB070BD4F
:104D90002DE9F04381B00546002A4FF0000050D0C5
:104DA0000C46697A00294CD005F5DE7656F82400C9
:104DB000002849D090421CBF11680160507806213C
:104DC0008DF8020040F60200A5F8AC010DF10200DA
:104DD000C5F8B001022091462246FF2305F5D6789A
:104DE0001AF06CFB074605F0F7FA41463A4605F023
:104DF000D1FC291991F8CC1199F8000056F824201B
:104E00000C2982F83C001BD100200DF103078DF81E
:104E100003003846002105F005FF43F60210A5F80F
:104E2000AC01022006212246FF23C5F8B0711AF01A
:104E300045FB044605F0D0FA4146224605F0AAFC9F
:104E4000012001B0BDE8F083002001B0BDE8F0838F
:104E500010B5044606F016FF4AF6D8720FA1C0F648
:104E6000060206F049FF607AA8B1E07A98B104F52D
:104E70000870FEF7F9FE2046FFF76CFB2046FFF7AF
:104E8000BDFB0020E0720420207510F0ABF8082173
:104E9000042210F095F8002010BD00BF3A3A537478
:104EA0006F7028290000000010B586B0044606F097
:104EB000E9FE4AF6D8721CA1C0F6060206F01CFFF5
:104EC000607A70B3E07A01282BD00120E0720620CE
:104ED000207510F087F80821062210F071F84AF6C4
:104EE000E870C0F606008168D0E904020291CDE9BD
:104EF00004020020009094F820004FF47A71484397
:104F00000190608C94F82120484304F508740390C4
:104F1000694620468DF80820FEF7E8FE2046FEF799
:104F2000B7FE002006B010BD3A3A5374617274287F
:104F3000290000002DE9F04F8FB0012A83465BD194
:104F4000DBE97412DBF8B8018A420BF5E8791BD073
:104F5000A2F12007002300BF3A4622F8183F8A42F8
:104F6000536011D03A4622F8103F8A4253600BD06A
:104F70003A4622F8083F8A42536005D03B807B6066
:104F80008F42A7F12007E7D14FF0000A0830CBF895
:104F9000D411CBF8DCA18BF8E0A106F03FF806466F
:104FA00006F03EF8002800F0818007460DF1100859
:104FB000002403E00134E0B2B84277D2E5B23046D3
:104FC000294606F029F8C179FF29F3D0807902211A
:104FD0008DF81100FE2006222B468DF81040CDF8EA
:104FE00014A01BF07FFB00280590E3D04846414603
:104FF00002F028FDDEE700BF05208BF814000FF05B
:10500000F1FF082105220FF0DBFF00200BF5C07631
:10501000CBE96100CBF88C01CDE90A00CDE90800AD
:10502000CDE90600CDE904001DF0B0FF1DF0B8FF8A
:1050300044F2C56104AD0346C0F6030128465A4652
:1050400003F0EEFA0520532117F034FBCBF8800172
:1050500004208BF8900106F015FE9BF890114AF69B
:10506000D873C0F606030022009606F0D9FDDBF8DF
:105070007C1181B14CF2F002C0F60602FF27DBF88A
:105080007801D2E900238BF891710127CDE900174F
:10509000029513F0DBFEDBF80C201AB1DBF81000F0
:1050A0000021904700200FB0BDE8F08F44F6194072
:1050B000C0F60300CDE9040B44F6E140C0F603005E
:1050C00048F2A063CDE90D0B04A90DAAC0F20103BB
:1050D000484601F0FDFA00200FB0BDE8F08F000057
:1050E0002DE9F04F85B01F4616468A46834606F0E6
:1050F000C9FD4AF6D87253A1C0F6060206F0FCFDBF
:10510000BAF1000F72D09AF8000010285CD19BF819
:1051100009000E9C012802D15846FEF7ADFE022080
:105120008BF814000FF05EFF082102220FF048FFF9
:10513000DBF8780113F00CFF0AF10800CBE90367F4
:105140008BF80A4005F06AFF054605F069FFD8B301
:105150000446CDE9027600260DF110084FF0010952
:10516000049600BFF1B2284605F056FF0746807945
:1051700000F0010148EA41010988C0F3430021FA27
:1051800000F0C0074AD1387815F07AFA002845D0E7
:10519000B879013600F0010148EA4101C0F343004B
:1051A0000A8809FA00F01043F2B2A2420880D9D36B
:1051B000DDE902320027584651460097FFF7B2FA60
:1051C00040B205B0BDE8F08F05208BF814000FF059
:1051D00009FF082105220FF0F3FE16B13846002121
:1051E000B047FF2040B205B0BDE8F08F05208BF836
:1051F00014000FF0F7FE082105220FF0E1FE3EB18A
:1052000038460021B047FE2040B205B0BDE8F08F1F
:10521000FE2040B205B0BDE8F08F00BF05208BF83E
:1052200014000FF0DFFE082105220FF0C9FE039ADB
:10523000002AD6D0029800219047FF2040B205B046
:10524000BDE8F08F3A3A5665726966792829000000
:105250002DE9F04182B00446002A4FF0000074D0DE
:105260000D46617A002970D004F5DE7151F82500F1
:10527000B0B3071D1378974236D03B7051F8250024
:10528000591EB1FA81F14FEA511890BB601990F89C
:10529000CC010C2804D1204629464246FFF708F9E4
:1052A0000026022006212A46FF238DF806601AF008
:1052B00005F9054604F028FD0DF1060229460023F4
:1052C000009604F08BFC00283ED19DF80610B8F142
:1052D000000F04F5087035D0FEF788FB34E000BFFE
:1052E000002002B0BDE8F081591EB1FA81F14FEA09
:1052F000511800780021002808BF032140F20270F5
:10530000B8F1000F08BF0121A4F8AC010DF10700AE
:105310008DF80710C4F8B001022006212A46FF23A9
:1053200004F5D6771AF0CAF8064605F055F839465E
:10533000324605F02FFA601990F8CC010C28AAD05B
:10534000AEE700BFFEF766FB012002B0BDE8F081CA
:105350002DE9F04F83B00C46824606F093FC4AF6E6
:10536000D8724AA1C0F6060206F0C6FC002C61D035
:105370002078102864D19AF80900012802D15046FB
:10538000FEF77AFD0AF11C0021464FF4AC72ECF7EF
:10539000EEFD04F1080005F041FE054605F040FE73
:1053A000002853D006460AF5E67B4FF002084FF07E
:1053B000000903E009F101094E4547D05FFA89F47D
:1053C0002846214605F028FE0028F3D0074600783D
:1053D00015F056F90128EDD10020B97902903878FE
:1053E00068F35F118DF80910B9888DF80800DAF8B4
:1053F0009801ADF80A1002A914F0C2FFB8790DF1B6
:10540000060168F35F108DF80600DAF89C018DF84C
:10541000079014F0B5FFFE200221062223461BF060
:1054200061F93A780BEB890141F8100C0BF809206F
:10543000C0E700BFFE2040B203B0BDE8F08F00BF60
:10544000FF2040B203B0BDE8F08F00BF04F05CFC69
:10545000DAF8981104F0F8FD04F056FCDAF89C3103
:105460000221062204F09AF801208AF8090004209B
:105470008AF814000FF0B6FD082104220FF0A0FDF9
:10548000002040B203B0BDE8F08F00BF3A3A41635C
:1054900074697661746528290000000080B5006891
:1054A000FFF7D6FC002080BD0068417A41B1C17A87
:1054B00031B180B500F50870FEF7E4FBBDE880402F
:1054C0000020704780B50068FFF7EEFC002080BD2B
:1054D00080B582B0DDF810C00068CDF800C0FFF7DD
:1054E000FFFD02B080BD00002DE9F04381B04FF018
:1054F00000098046C0F800904FF40C7024F0BAFE0A
:105500004FF40C71064600F10805ECF7C9FD4BF2AB
:105510002801C0F6060128464FF4B672ECF727FDC5
:105520004BF26040C0F6060090E82E0000F1100C2F
:105530009CE89010C06906F5BC7E8EE82E0006F54A
:10554000C47181E89010C6F8940106F5CC7034213E
:10555000ECF7A6FD4FF0FE3106F5F270C6E97319BF
:105560003821C6E97599C6F8DC9186F8E091ECF728
:1055700097FD48F2A060C0F20100C6F81C0206F5D3
:105580000870FEF7D1FBD8F80050C6F82892C6F88C
:105590002C92C8F80060DDB305F50870FEF7EEFB4D
:1055A000D5F8E401002818BF13F088FBD5F8D01116
:1055B00049B3D5F8D42108468A421DD0A2F1200073
:1055C000002200BF034623F8182F8B425A6011D0E7
:1055D000034623F8102F8B425A600BD0034623F862
:1055E000082F8B425A6005D0028042608842A0F1A9
:1055F0002000E7D1D5F8D001D5F8D821C5F8D411CD
:10560000111A02F01AFC28464FF40C7102F015FC36
:10561000404601B0BDE8F08380B5006800F06CF84A
:10562000002080BD10B582B0046806F02BFB94F812
:1056300090114BF2000304F5C07CC0F60603002273
:10564000CDF800C006F0ECFAD4F8800117F01AF893
:10565000592803D103F0E2FC03F01CFE002002B045
:1056600010BD000080B500680968016000F0C0F856
:10567000002080BD70B5066814460D4606F002FB9A
:105680004EF6A7514BF20002C0F60601C0F6060224
:1056900006F032FB707A58B1D6F8B40145F6E9123B
:1056A000C0F6030229462346BDE870400FF0DEBB7A
:1056B000002070BD10B544F2DC44C1F20004207932
:1056C000BFF35F8FC00701D0206810BD201D24F0FC
:1056D000EDF90028F8D0042024F0CCFD00F02EFCD9
:1056E000214641F8040B084624F0F6F9206810BD65
:1056F000006800F009B90000B0B5044606F0C2FA2F
:105700004BF2000236A1C0F6060206F0F5FA607A06
:1057100000285AD0E07A012802D1204600F09EF9F4
:1057200006F0B0FA4EF6A7514BF20002C0F60601A1
:10573000C0F6060206F0E0FA607A48B1D4F8B40187
:1057400045F6E912C0F60302002100230FF08EFB9C
:1057500004F0DAFAD4F89C310221072203F0E2FFC8
:1057600004F0D2FAD4F8981104F0C8FCD4F8BC01C3
:1057700060B10021C0E90211C0E90411C0E90611BD
:10578000C0E90811D4F8BC0164210160FE200025A5
:1057900084F8C00104F11C004FF4AC71C4F8BC5192
:1057A000ECF77EFCD4F89801FF21217714F058FC27
:1057B000D4F89C0114F054FCD4F8A00103F0FCFAD6
:1057C000D4F8780113F0C4FB6572012020750FF046
:1057D00009FC227D09210FF0F3FB0020B0BD00BFC2
:1057E0003A3A4465616374697661746528290000FA
:1057F000F0B585B00446007910B1002005B0F0BDC9
:10580000382024F037FD054602903820C8F2000009
:105810000490322003902EA128463222ECF720FB80
:10582000002602A885F8326001F002F89DF9130005
:10583000B0F1FF3F05DC0499029821F0004102F02D
:10584000FCFAFF2020770420012100220023CDE96B
:1058500000660427012514F04FFCC4F898010220CB
:105860000121002200230096019614F045FCC4F8A3
:105870009C0101200A21002203F04CFAC4F8A00187
:1058800001200421002203F045FAC4F8B40113F00A
:1058900069FAC4F8780105205A2184F8907184F8D7
:1058A000856116F007FFC4F880012581E672257531
:1058B0000FF098FB227D09210FF082FBFE20C4F837
:1058C000BC6184F8C0012571002005B0F0BD00BFA7
:1058D000656D626F743A3A6170703A3A6574683A0D
:1058E0003A746865424154736572766963653A3A01
:1058F000496D706C3A3A696E697469616C69736577
:105900002829000000000000427A002A44D0F0B5A7
:1059100081B00C466268097812781E2301F00101FB
:1059200003EAD202114400F5E27240310546104606
:10593000FEF7C4F9D5F8BC6196B3207A022839D0B5
:10594000012833D0002843D16768F88900EB800034
:1059500040003082B88900EE100AB8EEC00A86ED29
:10596000080AB7F90A0034F008FA9FED1D0B54EC51
:10597000105B2A46234634F02BFA34F043F8F061EA
:10598000388934F0FAF92A46234634F021FA34F003
:1059900039F8B06115E000BF002040B2704700BF89
:1059A000FF2001B0BDE8F04040B270476068007A67
:1059B00002E000BF60680089B08200F013FFC6E912
:1059C0000201002001B0BDE8F04040B2704700BFC6
:1059D000F12001B0BDE8F04040B2704700BF00BF09
:1059E0009A9999999999B93F0021C0F207210840E5
:1059F000401AB0FA80F040097047000010B582B03C
:105A0000044606F03FF994F890114BF2000304F5B8
:105A1000C07CC0F606030022CDF800C006F000F9F5
:105A2000D4F8800116F02EFE592803D103F0F6FABF
:105A300003F030FC94F89101FF2804D001380106EE
:105A400084F8910102D002B010BD00BFD4F87801F3
:105A500002B0BDE8104013F07BBA000070B582B010
:105A6000044606F00FF94BF200021BA1C0F6060235
:105A700006F042F9607A60B3E07A50B304F5E27060
:105A8000FEF7F2F80120D4F8BC118DF8070040F2BF
:105A90000270A4F8AC010DF10700C4F8B00171B1B7
:105AA000022007210022FF2304F5D67519F006FD18
:105AB000064604F091FC2946324604F06BFE0020B5
:105AC000E072042020750FF08DFA227D09210FF07D
:105AD00077FA002002B070BD3A3A53746F702829EB
:105AE0000000000010B586B0044606F0CBF84BF27B
:105AF000000218A1C0F6060206F0FEF8607A28B38C
:105B0000E07A012822D00120E072062020750FF0F3
:105B100069FA227D09210FF053FA4BF21000C0F60A
:105B2000060000F1040C40699CE80E100DF1040E13
:105B30000590002004F5E2748EE80E10009069468E
:105B40002046FEF7D3F82046FEF7A2F8002006B064
:105B500010BD00BF3A3A53746172742829000000E6
:105B60002DE9F0418CB01F4615460E46044606F05E
:105B700089F84BF2000258A1C0F6060206F0BCF804
:105B8000002E79D03078112840F08880607A012882
:105B900002D12046FFF7B0FD4FF0020884F81480D0
:105BA0000FF020FA227D09210FF00AFAD4F87801CB
:105BB00013F0CEF90320E560A77220750FF012FAFA
:105BC000227D09210FF0FCF9A07A012803D120469B
:105BD000314600F0EFF8002004F5C076C4E961001A
:105BE000C4F88C01CDE90A00CDE90800CDE9060032
:105BF000CDE904001DF0CAF91DF0D2F945F6FD11FA
:105C000004AD0346C0F603012846224602F008FD13
:105C10000520582184F8908116F04CFDC4F88001CD
:105C200006F030F894F890114BF20003C0F606032A
:105C30000022009605F0F4FF94F8921191B1D4F887
:105C40007C717FB14CF2F002C0F60602D4F8780104
:105C5000D2E9002384F891110121CDE90071029568
:105C600013F0F4F8E26812B10020012190470020FF
:105C700040B20CB0BDE8F081052020750FF0B2F9FC
:105C8000227D09210FF09CF9D5B100200021A84701
:105C9000FE2040B20CB0BDE8F08100BF05202075A9
:105CA0000FF0A0F9227D09210FF08AF975B10020CB
:105CB0000021A847FF2040B20CB0BDE8F08100BF32
:105CC000FE2040B20CB0BDE8F08100BFFF2040B222
:105CD0000CB0BDE8F08100BF3A3A5665726966794A
:105CE000282900002DE9F04182B00446002A4FF037
:105CF00000005CD00D46617A002958D004F5DE70B2
:105D000050F8251071B10B1D117893420ED0197007
:105D100050F825000139B1FA81F14FEA511850B914
:105D200024E000BF002002B0BDE8F081481EB0FAB8
:105D300080F04FEA501888F001008DF8070040F21B
:105D40000270A4F8AC010DF10700C4F8B001022004
:105D500007212A46FF2304F5D67619F0AFFB074644
:105D600004F03AFB31463A4604F014FD00260220C6
:105D700007212A46FF238DF8066019F09FFB054690
:105D800003F0C2FF0DF1060229460023009603F03E
:105D900025FF58B99DF80610B8F1000F04F5E27020
:105DA00002D0FDF723FE01E0FDF734FE012002B032
:105DB000BDE8F0812DE9F04F83B00C46824605F036
:105DC00061FF4BF200024AA1C0F6060205F094FF03
:105DD000002C61D02078112864D19AF8090001289C
:105DE00002D15046FFF788FC0AF11C0021464FF40F
:105DF000AC72ECF7BCF804F1080005F00FF90546A9
:105E000005F00EF9002853D006460AF5E07B4FF066
:105E100002084FF0000903E009F101094E4547D09F
:105E20005FFA89F42846214605F0F6F80028F3D0F9
:105E30000746007814F01CFC0128EDD10020B97948
:105E40000290387868F35F118DF80910B9888DF8E1
:105E50000800DAF89801ADF80A1002A914F090FAD7
:105E6000B8790DF1060168F35F108DF80600DAF8D5
:105E70009C018DF8079014F083FAFE20022107227E
:105E800023461AF02FFC3A780BEB890141F8040CF9
:105E90000BF80920C0E700BFFE2040B203B0BDE808
:105EA000F08F00BFFF2040B203B0BDE8F08F00BF0D
:105EB00003F02AFFDAF8981104F0C6F803F024FF83
:105EC000DAF89C310221072203F068FB01208AF8EE
:105ED000090004208AF814000FF084F89AF81420BE
:105EE00009210FF06DF8002040B203B0BDE8F08F3B
:105EF0003A3A4163746976617465282900000000AC
:105F000080B50068FFF7AAFD002080BD0068417AD7
:105F100041B1C17A31B180B500F5E270FDF7B2FE52
:105F2000BDE880400020704780B50068FFF7DAFDCB
:105F3000002080BD0068FFF713BE00002DE9F0438C
:105F400081B04FF000088146C0F800804FF4E8703F
:105F500024F090F94FF4E871054600F10806ECF7DB
:105F60009FF84BF29411C0F6060130464FF4B6721A
:105F7000EBF7FDFF4BF28040C0F6060090E8CE0044
:105F8000D0E9054CC06905F5BC7E8EE8CE00C5F8A9
:105F9000940105F5CC702821C5E9634CECF780F835
:105FA000FE2085F8C00105F5E270FDF7BDFED9F8C9
:105FB0000060C5F8C881C5F8CC81C9F8005046B169
:105FC00006F5E270FDF7DAFE30464FF4E87101F0B5
:105FD00034FF484601B0BDE8F083000080B5F7F714
:105FE00013FFF7F749FFB0FA80F0400980BD0000C9
:105FF00080B5F7F709FFF7F78DFFB0FA80F0400999
:1060000080BD000080B5F7F757FF012080BD00007C
:10601000B0B544F2E445C1F200052879BFF35F8FC3
:10602000C00701D02868B0BD281D23F03FFD00281F
:10603000F8D00C2024F01EF904464BF2F030C0F6E4
:10604000060000F108014430C4E90010012024F0EA
:1060500011F9A060284640F8044B23F03DFD286864
:10606000B0BD000080B5F7F7CFFEF8F737F9B0FA0A
:1060700080F0400980BD000080B5F7F7C5FEF9F754
:106080008BFCB0FA80F0400980BD000080B5F7F7C6
:10609000BBFEF9F791FF0138B0FA80F0400980BDEE
:1060A00070B51C4615460E46F7F7AEFE31462A4639
:1060B0002346F5F717F8B0FA80F0400970BD0000EC
:1060C00047F69A011220C3F25641C2E9001000219E
:1060D000012011727047000010B582B0D2E90002B1
:1060E0000C46CDE90002F7F78FFE217862786B4607
:1060F000F5F734FBB0FA80F0400902B010BD0000A3
:1061000070B582B01C4615460E46F7F77DFE226834
:10611000D6E900162B460096F6F700F8B0FA80F0A4
:10612000400902B070BD000010B50C46F7F76CFED8
:1061300021786278BDE81040F7F774BA10B50C46C4
:10614000F7F762FED4E90012F7F700FDB0FA80F02D
:10615000400910BD4BF2F031C0F6060101F1080212
:1061600044314160816802600022826041B110B513
:1061700004460846012101F060FE2046BDE81040BB
:106180000C2101F05ABE00004BF2F031C0F60601BE
:1061900001F1080244314160816802600022002957
:1061A000826008BF704710B504460846012101F01F
:1061B00044FE2046BDE8104070470000F0B599B09D
:1061C000054640F2077004AFCDE91200CDE9140096
:1061D000CDE91600189038463821EBF761FF95F8A5
:1061E00021106A780801072A4FEA014114D0AB78E0
:1061F0005C1E032C10D802F007040443E4B244EA06
:1062000002240C4312AE46F822406E6807EBC2022D
:1062100002EB430222F8026C6A7A072A14D0AB7AA6
:106220005E1E032E10D802F007060643F6B246EAB9
:1062300002260E4312AC44F82260EE6807EBC2025D
:1062400002EB430222F8026C6A7C072A14D0AB7C72
:106250005E1E032E10D802F007060643F6B246EA89
:1062600002260E4312AC44F822606E6907EBC202AC
:1062700002EB430222F8026C6A7E072A14D0AB7E3E
:106280005E1E032E10D802F007063043C0B240EA6B
:106290000220084312A941F82200E86907EBC20175
:1062A00001EB430121F8020C9DF849004AF6D16543
:1062B0000728C0F6040505D100209DF84D100729D8
:1062C0000FD11BE01298CDE90275009040F60170E5
:1062D000ADF80400684600F007F99DF84D10072955
:1062E0000CD0139807F10801009040F60170ADF84A
:1062F00004006846CDE9021500F0F6F89DF851104B
:10630000072911D19DF8551007291ED19DF8591064
:1063100007292BD19DF85D10072938D19DF8611010
:10632000072945D119B0F0BD149807F1100100906C
:1063300040F60170ADF804006846CDE9021500F0A2
:10634000D3F89DF855100729E0D0159807F11801EA
:10635000009040F60170ADF804006846CDE90215E2
:1063600000F0C2F89DF859100729D3D0169807F10C
:106370002001009040F60170ADF804006846CDE9B8
:10638000021500F0B1F89DF85D100729C6D01798E6
:1063900007F12801009040F60170ADF8040068464E
:1063A000CDE9021500F0A0F89DF861100729B9D0D9
:1063B000189807F13001009040F60170ADF8040024
:1063C0006846CDE9021500F08FF819B0F0BD000065
:1063D00080B584B050F8041B02904BF65140C0F6D3
:1063E000040000914FF4CA4103906846ADF80410D0
:1063F00000F07AF804B080BD80B584B050F8041B7A
:1064000002904BF6F130C0F6040000914FF4106199
:1064100003906846ADF8041000F066F804B080BD43
:1064200080B584B050F8041B02904BF60170C0F6A2
:10643000040000914FF4EE4103906846ADF804105B
:1064400000F052F804B080BD80B584B050F8041B51
:1064500002904CF2FD10C0F6040000914FF4D241BE
:1064600003906846ADF8041000F03EF804B080BD1B
:1064700080B584B050F8041B02904BF2E170C0F676
:10648000040000914FF4806103906846ADF8041059
:1064900000F02AF804B080BD80B584B050F8041B29
:1064A00002904BF61D40C0F6040000914FF490415D
:1064B00003906846ADF8041000F016F804B080BDF3
:1064C00080B584B050F8041B02904CF2CD00C0F6A9
:1064D000040000914FF4F24103906846ADF80410B7
:1064E00000F002F804B080BD10B58AB04378D91F1F
:1064F00018BF01218DF80810D0E9024C2146002C6C
:1065000018BF01218DF818106146BCF1000F18BFAB
:1065100001218DF800109DF8081009B39DF818109E
:10652000F1B19DF8001000294FF0000115D08288CC
:10653000012BADF80020ADF80210019414D880783A
:1065400000F00F0043EA400403F046FF694622468C
:1065500004F078F9B0FA80F0410908460AB010BD9D
:10656000002108460AB010BDD91EC9B201294FF05A
:106570000001F2D8DDE900328078CDE906321E2232
:1065800002EA40008DF82000CDE90411CDE90211A6
:1065900006A802A9E047012108460AB010BD000084
:1065A0002DE9F04184B0877B002F65D0052A63D8A0
:1065B000D0E9008646455FD0A6EB08074FEAE70C16
:1065C00001F00104C1F3430E0026002104E000BFE6
:1065D0000131CEB2B4454FD908EBC606777807F043
:1065E0000105AC42F4D1C7F34305AE45F0D1C9B2C1
:1065F000FF2941D07168054601EB420115F80C2FC7
:106600000B86511C6A78CBB29342297038D141690C
:106610000446084612F09CFCE16B20460022A2735F
:1066200011B1006C88472046D0E900128A421AD086
:10663000A2F1200700233A4622F8183F8A4253600D
:1066400011D03A4622F8103F8A4253600BD03A46A6
:1066500022F8083F8A42536005D03B807B608F421E
:10666000A7F12007E7D141600020286028710120B0
:1066700004B0BDE8F08100BF002004B0BDE8F081A7
:10668000C17B0131CAB2062AC17305D1027C002147
:106690000132C173027400E0027CD4B2A445E6D991
:1066A0000022039241F602028DF807100DF1070156
:1066B00002920391054603F08FFE296801EBC401A5
:1066C0004A7802A904F0BEF8012004B0BDE8F081C8
:1066D00070B586B0D1E900160446C0E90F16D2E9BC
:1066E000000104F144020BC2D4E900010026081A9B
:1066F0004FEAD00101EB900025464FEA400005F833
:106700000C6F60734FF00100A0732FD041F60200B0
:1067100004900DF10F00A4F80F6005968DF80F603E
:10672000059003F059FE21684A7804A904F08AF81C
:10673000A56B1CF02BFC1CF033FC46F2C571034624
:10674000C0F603012846224601F06AFF4CF2F00031
:10675000C0F60600D0E900236069A16BE56C0291E8
:10676000CDE9005612F072FB06B070BD606912F000
:10677000EFFBE16BA67309B1206C8847D4E90001F7
:10678000814219D0203900220B4623F8182F83426A
:106790005A6011D00B4623F8102F83425A600BD059
:1067A0000B4623F8082F83425A6005D00A804A60BE
:1067B0008142A1F12001E7D16060002028602871AA
:1067C00006B070BD10B5044640690021A17312F0F7
:1067D000BFFB616C002908BF10BDA06CBDE8104074
:1067E0000847000040F6A870C1F2000000680047AA
:1067F000B0B544F26454C1F20004217800291CBFF2
:106800000120B0BD416889B1026822B105469047B8
:106810006968284621B140F6A872C1F200021160F1
:106820008068606001202070B0BD00BF0020B0BD56
:1068300044F26451C1F200014968002904BF0020FC
:106840007047084744F2E87CC1F2000CDCE9000123
:10685000431C41F10002CCE9003270470068C0F3EC
:106860000220062808BFFE2070470000B0B505686A
:106870002C7B1CB1B4FA84F04009B0BDD1E9000210
:106880008968C5E900020420A96023F0F3FC00F048
:106890007FF9286101202873B4FA84F04009B0BD63
:1068A00070B582B00568287B30B3106800284FF0BF
:1068B00000001CD05668D6B128690C4611461E4609
:1068C00000F0E2F8286900F08BFC0146286989B1E4
:1068D00000F07CFC0020ADF806002869AA680DF1E4
:1068E00006032146002E18BF324600F005F902B01B
:1068F00070BD00BF00F040F9002002B070BD000084
:1069000070B50446482023F0B5FC054600268020DB
:10691000C5E9006005F118002821AE602E732E61D4
:10692000EBF7BEFB4FF0FF30E861A862C5E90C0051
:106930002046C5E91066256070BD0000B0B504684A
:10694000002C08BFB0BD0546206920B100F032F927
:10695000042101F072FA2046482101F06EFA28461F
:10696000B0BD00002DE9F04100234FF0FF37C0E932
:106970000173C0E903370384D1F800C00370BCF190
:10698000000FC0E9067780F82230138077D04D6879
:10699000082D74D39CF800304BF2C44EC3F3C007EB
:1069A000C0F6060E9CF80180C3F380030EEB470788
:1069B000FB5C9C2727FA08F7BCF80260FF074BF244
:1069C000C04706F10304C0F6060724F00304FB5C8D
:1069D00004F1080408BF0824E718AF424FF0000391
:1069E0004DD816F003044AD11780DCF80420BCF817
:1069F000023042601A4680F80080C360002B18BF46
:106A00000CF1080282609CF80020140704D40023D3
:106A100054070AD414E000BF0A681A449268042399
:106A200002619CF8002054070AD50968BCF80220CE
:106A3000114419448A68C968C0E906219CF80020FD
:106A40000223C2F3800103EA92027244515C0DA357
:106A500080F821109CF80010C1F34012C1F300111E
:106A600003EB4202515C012380F822109CF80010D5
:106A700001F00301CA1E18BF0A4680F820201846FC
:106A8000BDE8F081000102030B6884464FF000006E
:106A900083B34A681C2A38BF704780B5DCF8001001
:106AA000B3F804C0C1E900320CF11C00CB6088606F
:106AB00018334FF0000E90424FF000000B6198BF6A
:106AC00001200DD803EB0C0253F80CC044F2213323
:106AD000C8F265739C454A618A6101D1012007E0D3
:106AE000C1E900EEC1E902EEC1E904EEC1E906EE3A
:106AF000BDE88040704700002DE9F04F8FB0D0F81E
:106B000000B000201880A2B3DBF80C608EB38A4678
:106B100004A828211C461546EBF7C2FAF1884FF06D
:106B2000FF30059008900B900A9009B3B688DBF807
:106B3000108004AF4FF000090020ADF80E00384679
:106B400001A90DF10E02CDE90186FFF70BFF78B127
:106B5000BDF80E002188804401442180504639460A
:106B6000A847DBF80C0009F10109C0888145E3D38F
:106B700001200FB0BDE8F08F016800220120C1E9BB
:106B80000022C1E90222C1E904228A61CA61704778
:106B900010B50446202023F06DFB01460020C1E91A
:106BA0000000C1E90200C1E90400C1E90600204675
:106BB000216010BD0168002908BF704710B5044668
:106BC0000846202101F039F92046BDE81040704701
:106BD000F0B5B1B012780D46002A044600F03E81AF
:106BE000298810AE304600F0C5FF0FF2CC52304677
:106BF0000021002700F0FCFB8268D0E90013159209
:106C0000CDE91313C0E9007787600FF2B05113A8E4
:106C100000F0A6FB8268D0E900131892CDE91613A4
:106C2000C0E900778760A9780DAE304600F0A2FF7A
:106C30009DF93F00DDE90D1200285CBF3146C2B26C
:106C400016A800F09AFB8268D0E900131B92CDE9E8
:106C50001913C0E9007787600FF2645119A800F09A
:106C60007FFB8268D0E900131E92CDE91C13C0E9B6
:106C700000778760E9780AAE304600F07BFF9DF927
:106C80003300DDE90A1200285CBF3146C2B21CA8FD
:106C900000F073FB8268D0E900132192CDE91F1345
:106CA000C0E9007787600FF21C511FA800F058FB65
:106CB0008268D0E900132492CDE92213C0E900775D
:106CC0008760297907AE304600F054FF9DF9270010
:106CD000DDE9071200285CBF3146C2B222A800F0ED
:106CE0004CFBD0E900138268CDE9251343F63061EF
:106CF0002792C0E900778760C0F6070125A800F059
:106D00002FFB8268D0E900132A92CDE92813C0E94D
:106D100000778760E98804AE304600F02BFF9DF9CC
:106D20001B00DDE9041200285CBF3146C2B228A86E
:106D300000F023FBD0E900138268CDE92B1343F662
:106D400089612D92C0E900778760C0F607012BA802
:106D500000F006FB8268D0E900133092CDE92E13D3
:106D6000C0E900778760298901AD284600F002FF5D
:106D70009DF90F00DDE9011200285CBF2946C2B26F
:106D80002EA800F0FAFA90E80E00C0E900778760BC
:106D90009DF90F002160B0F1FF3F6260A36040F3F6
:106DA000FF809DF9C300B0F1FF3F40F305819DF9DD
:106DB000B700B0F1FF3F40F30B819DF91B00B0F12C
:106DC000FF3F40F311819DF9AB00B0F1FF3F40F36D
:106DD00017819DF99F00B0F1FF3F40F31D819DF9A0
:106DE0002700B0F1FF3F40F323819DF99300B0F1FC
:106DF000FF3F40F329819DF98700B0F1FF3F40F349
:106E00002F819DF93300B0F1FF3F40F335819DF9AB
:106E10007B00B0F1FF3F40F33B819DF96F00B0F183
:106E2000FF3F40F341819DF93F00B0F1FF3F40F348
:106E300047819DF96300B0F1FF3F40F34D819DF91B
:106E40005700B0F1FF3F40F353819DF94B00B0F183
:106E5000FF3F40F3598131B0F0BD00BFE9782A7996
:106E6000A878C1EB011102EB81014FF4616210FBC4
:106E70000210298840F2A322514322AE00EBC11236
:106E800030460023002700F0AEFECFA2304600219E
:106E900000F0AEFAD0E900138268CDE9251343F67D
:106EA00030612792C0E900778760C0F6070125A806
:106EB00000F056FA8268D0E900132A92CDE928132F
:106EC000C0E900778760E9881FAE304600F052FEC7
:106ED0009DF98700DDE91F1200285CBF3146C2B270
:106EE00028A800F04AFAD0E900138268CDE92B13F4
:106EF00043F689612D92C0E900778760C0F60701EB
:106F00002BA800F02DFA8268D0E900133092CDE969
:106F10002E13C0E90077876029891CAD284600F050
:106F200029FE9DF97B00DDE91C1200285CBF294683
:106F3000C2B22EA800F021FA90E80E00C0E9007756
:106F400087609DF97B002160B0F1FF3F6260A36024
:106F500040F3E2809DF9C300B0F1FF3F40F3E880C9
:106F60009DF9B700B0F1FF3F40F3EE809DF9870037
:106F7000B0F1FF3F40F3F4809DF9AB00B0F1FF3F6B
:106F800040F3FA809DF99F00B0F1FF3F40F300818C
:106F90009DF99300B0F1FF3F3FF75DAF04E100BF03
:106FA0000399019821F0004100F047FF9DF9C300CB
:106FB000B0F1FF3F3FF7FBAE30992E9821F0004132
:106FC00000F03BFF9DF9B700B0F1FF3F3FF7F5AE92
:106FD0002D992B9821F0004100F02FFF9DF91B0007
:106FE000B0F1FF3F3FF7EFAE0699049821F0004162
:106FF00000F023FF9DF9AB00B0F1FF3F3FF7E9AE92
:107000002A99289821F0004100F017FF9DF99F0070
:10701000B0F1FF3F3FF7E3AE2799259821F00041FB
:1070200000F00BFF9DF92700B0F1FF3F3FF7DDAE09
:107030000999079821F0004100F0FFFE9DF99300A7
:10704000B0F1FF3F3FF7D7AE2499229821F00041DD
:1070500000F0F3FE9DF98700B0F1FF3F3FF7D1AE9E
:1070600021991F9821F0004100F0E7FE9DF93300BF
:10707000B0F1FF3F3FF7CBAE0C990A9821F00041E9
:1070800000F0DBFE9DF97B00B0F1FF3F3FF7C5AE9E
:107090001E991C9821F0004100F0CFFE9DF96F0071
:1070A000B0F1FF3F3FF7BFAE1B99199821F00041A7
:1070B00000F0C3FE9DF93F00B0F1FF3F3FF7B9AECE
:1070C0000F990D9821F0004100F0B7FE9DF9630083
:1070D000B0F1FF3F3FF7B3AE1899169821F0004189
:1070E00000F0ABFE9DF95700B0F1FF3F3FF7ADAEAA
:1070F0001599139821F0004100F09FFE9DF94B0077
:10710000B0F1FF3F3FF7A7AE1299109821F0004170
:1071100000F093FE31B0F0BD1E991C9821F00041A3
:1071200000F08BFE9DF9C300B0F1FF3F3FF718AFB1
:1071300030992E9821F0004100F07FFE9DF9B700B4
:10714000B0F1FF3F3FF712AF2D992B9821F000418E
:1071500000F073FE9DF98700B0F1FF3F3FF70CAFE1
:1071600021991F9821F0004100F067FE9DF9AB00C6
:10717000B0F1FF3F3FF706AF2A99289821F0004170
:1071800000F05BFE9DF99F00B0F1FF3F3FF700AFBD
:107190002799259821F0004100F04FFE9DF99300BA
:1071A000B0F1FF3F3FF757AE2499229821F00041FC
:1071B00000F043FE31B0F0BD440000003A4800004A
:1071C0003A4D00003A530000530000000068C068C8
:1071D000002812BFD0E90201002000217047000002
:1071E0000068C16891B1806980B1096845F2786230
:1071F000C1F23422914209D100684BF6DF41C7F653
:107200009A010844B0FA80F04009704700207047A6
:1072100043F6CE60C0F6070000F052F943F6CE60A8
:10722000C0F6070000F053F901A000F049F900BFD3
:10723000766563746F7200002DE9F0410E464FF6DB
:10724000F871C7F6FF718B4204461FD21F461546E0
:107250000A2B01D8E7720CE047F0070000F10108A3
:10726000404623F007F848F00041C4E90007A16058
:107270000446AE4206D000BF16F8010BAE4204F839
:10728000010BF9D100202070BDE8F0812046FFF706
:10729000BFFF2DE9F04F81B00E464FF6F671C7F6ED
:1072A000FF711F468B1B9342044656D394F90B0083
:1072B000DDF8288000284FF6F270D4F80090C3F66D
:1072C000FF7058BFA14686420DD89019B0EB460F0B
:1072D00098BF700040F0070101F1010B0B2838BF87
:1072E0004FF00B0B01E001F1010B584622F0C2FFF9
:1072F000B8F1000F054604D0284649464246EAF751
:10730000F4FDDDE90BA22AB10D9905EB0800EAF7BF
:10731000A7FD0C9A0AEB08003F1A0AD009EB0800F7
:1073200000EB0A0105EB080010443A46EAF7DDFDE0
:107330000C9A711C0B2903D0484600F07EFD0C9A74
:107340004BF0004002EB08013944A0600020C4E982
:107350000051685401B0BDE8F08F2046FFF758FF98
:10736000B0B5054608460C46EAF75BFD02462846DE
:107370002146BDE8B040AFF30080F0B585B01546BA
:10738000C27AD0E90163044650B223F000470A23D1
:1073900000284CBF7B1E16469A1BAA428C460DD273
:1073A0007019C21A0020CDE9006020461946334604
:1073B0000295CDF80CC0FFF76CFF16E0ADB1276861
:1073C000002858BF2746B81961462A46EAF78DFDBE
:1073D00094F90B00B0F1FF3F06EB0500C6BF00F0CB
:1073E0007F01E172606000213954204605B0F0BD94
:1073F00070B50646104614460D46EAF712FD0346E0
:10740000304629462246BDE87040AFF300802DE9A2
:10741000F04385B01D46C37A044658B2666800281A
:1074200058BF1E468E4247D30F46A168904621F0B2
:1074300000420A21002848BF511E8A1BAA420CD2D2
:107440007019421A0020CDE900702046334602959B
:10745000CDF80C80FFF71DFF2AE04DB3D4F8009063
:10746000002858BFA146BE420ED009EB0600404599
:10747000404609EB070188BF2844F21B414598BFED
:1074800080464819EAF731FD09EB070041462A46D4
:10749000EAF72BFD94F90B00B0F1FF3F06EB050076
:1074A000C6BF00F07F01E1726060002109F80010A2
:1074B000204605B0BDE8F0832046FFF7AFFE000090
:1074C00001464EF66550C0F6060000F007F801468A
:1074D00043F68C60C0F6070000F000F884B08446E4
:1074E00001A80EC044F2082001AAC1F200006146C2
:1074F0000092EAF78CFFEBF777FAB0B543F68932E2
:10750000C5F2E652A1FB02234FEA536C4EF2001380
:10751000C0F2F5530CFB13114DF68363C4F21B3319
:10752000A1FB0332920C43F609535343A1EB83159D
:1075300041F25971CDF2B711A5FB011E4BF2283172
:10754000C0F6060101EB4C0411F81C30647800F819
:107550000A3B00F8094C01EB420311F812205B785A
:1075600000F8082C00F8073C4FEA5E3211F8124090
:1075700001EB42035B7800F8064C42F2107402FB08
:10758000145200F8053C93B29B0841F27B456B43D3
:107590005B0C11F8134001EB43056D7800F8044CC7
:1075A000642403FB142200F8035C92B201EB420353
:1075B00011F812105A7800F8021C00F8012CB0BD26
:1075C00070B54EF20016C0F2F5561946154604463F
:1075D000104632460023EAF739F800FB16514DF603
:1075E0008362C4F21B32A1FB02239A0C43F60953B7
:1075F0005343A1EB831341F25971CDF2B711A3FBB1
:1076000001164BF22831C0F6060101EB400511F8D6
:1076100010006D7804F80A0B04F8095C01EB4200D5
:1076200011F81220407804F8082C04F8070C700BAD
:1076300011F8106001EB4002527804F8066C42F237
:10764000107600FB163004F8052C82B2920841F245
:107650007B435A43520C11F8126001EB42035B78F2
:1076600004F8046C642602FB160004F8033C80B2A4
:1076700001EB400211F81000517804F8020C20468A
:1076800004F8011C70BD10B544F2402CC0F20F0C80
:1076900061450ED242F20F72914258D8632900F22E
:1076A000E180092900F26F8141F0300100F8011BEF
:1076B00010BD4EF20013C0F2F55399427BD24DF645
:1076C0008363C4F21B33A1FB033249F27F63C0F230
:1076D000980399424FEA924300F2E38043F609523D
:1076E0005A43A1EB821C48F6B952C0F20602ACFB29
:1076F000022103F130024BF2283E0270C0F6060E62
:107700001EF811200EEB41035B78427042F21072BA
:1077100001FB12C183708AB2920841F27B435A4343
:10772000520C1EF812300EEB420C9CF801C0C370D4
:10773000642302FB131180F804C089B20EEB4102EE
:107740001EF81110527841718271073010BD41F25C
:107750005972CDF2B712A1FB022348F29F62C0F228
:10776000010291424FEA533200F2DC8042F03003D2
:10777000037042F2107302FB131141F27B424A4341
:107780004BF2283CD20CC0F6060C1CF812300CEB65
:10779000420E9EF801E04370642302FB131180F84F
:1077A00002E089B20CEB41021CF811105278C17052
:1077B0000271053010BD4CF6FF12C3F69A329142A9
:1077C00000F2DD8043F68932C5F2E652A1FB0224C5
:1077D000620E02FB13114DF68362C4F21B32A1FB51
:1077E00002239A0C02FB1C1E41F25971CDF2B71113
:1077F000AEFB011C302141EA546101704BF228318B
:10780000C0F6060101EB420411F8122064784270C0
:1078100084704FEA5C3211F8123001EB4204647854
:10782000C37042F2107302FB13E2047193B29B081F
:1078300041F27B4463435B0C11F8134001EB430CB2
:107840009CF801C04471642403FB142280F806C034
:1078500092B201EB420311F812105A78C171027210
:10786000093010BD8AB2920841F27B435A43CB08DB
:107870007C2B4FEA524200F29380642302FB1311E7
:1078800042F0300202704BF2283289B2C0F6060292
:1078900002EB410312F811105A78417082700330E4
:1078A00010BD03FB1C1E41F25971CDF2B711AEFBA6
:1078B000011C4BF22831C0F6060101EB430211F81E
:1078C00013305278037042704FEA5C3211F8123074
:1078D00001EB420C9CF801C0837042F2107302FB72
:1078E00013E480F803C0A3B24FEA930C41F27B4348
:1078F0000CFB03F35B0C642201EB430C03FB124211
:1079000011F813E09CF801C092B280F804E080F80E
:1079100005C001EB420311F812105A788171C2714F
:10792000083010BD4BF2283CC0F6060C1CF8123093
:107930000CEB420E9EF801E0037042F2107302FB62
:10794000131141F27B438AB292085A4380F801E056
:10795000520C1CF812300CEB420E9EF801E08370C2
:10796000642302FB131180F803E089B20CEB41029F
:107970001CF81110527801714271063010BDBDE83B
:107980001040FFF7BABD4BF22832C0F6060202EBF8
:10799000410312F811105A7801704270023010BD84
:1079A0004BF2283CC0F6060C1CF812300CEB420ED1
:1079B0009EF801E00370642302FB131180F801E0DC
:1079C00089B20CEB41021CF8111052788170C27020
:1079D000043010BD2DE9F047144606462BB9304659
:1079E0002146BDE8F047FFF74EBE4EF2FF3AC5F222
:1079F0000B4A4FF00209BAEB04001D4679EB030075
:107A000019D24EF20042C5F20B422046294602230B
:107A1000E9F71CFE0746884630463946FFF733FE35
:107A20000AF10101A7FB012307FB0933064608FB06
:107A30000130A41A8541304622462B46BDE8F04766
:107A4000FFF7BEBD2DE9F04F81B0D0E9015B814663
:107A50005D450BD2D1E9000105F10808C5E9000137
:107A6000C9F8048001B0BDE8F08F00BFD9F80070FC
:107A70000120A5EB070800EBE804B4F1005F73D226
:107A8000ABEB07004FF6F872B4EBA00FC7F6FF722E
:107A900038BF8410904228BF6FF0604444B1B4F105
:107AA000005F65D2E0008A4622F0E4FB514600E028
:107AB00000204FEAE80200EBC203D1E9001600EB18
:107AC000C404AF4203F1080840F832105E6039D0B8
:107AD0003B460246F3E80216AB42C2E9001613D059
:107AE000F3E80216AB42C2E902160DD0F3E8021623
:107AF000AB42C2E9041607D0F3E80216C2E9061643
:107B0000AB4202F12002E5D1002200BF07F10803D9
:107B1000AB423A807A6011D003F10807AF421A8075
:107B20005A600BD007F10803AB423A807A6005D067
:107B300003F10807AF421A805A60E7D1D9F8005024
:107B4000D9F808B0002DC9E90008C9F808403FF489
:107B500087AFABEB0501284600F06FF9C9F8048048
:107B600001B0BDE8F08F00BF4846FFF75DFB00BFE6
:107B700000F06CF82DE9F04184B00DF10505804668
:107B8000B1F1FF3F05F10B0201DD284604E0681C5E
:107B90002D2349428DF80530131A092B18DC41F0CA
:107BA0000104B4FA84F4C4F1200440F2D1466643DF
:107BB0004BF20037340BC0F6060757F824704FF02D
:107BC000FF3C8F4288BF0CEB1634671C9F4202DCDF
:107BD000FFF759FD0246531B40462946FFF72CFB91
:107BE00004B0BDE8F081B0B586B00DF103050446E0
:107BF0002846FFF7EFFE0246431B20462946FFF7C3
:107C00001BFB06B0B0BD44F2F070C1F2000000688A
:107C10007047000001A0FFF761FC00BF6261645F74
:107C2000616C6C6F6320776173207468726F776E1C
:107C300020696E202D666E6F2D657863657074699E
:107C40006F6E73206D6F64650000000001A0FFF788
:107C500045FC00BF6261645F61727261795F6E654D
:107C6000775F6C656E6774682077617320746872E3
:107C70006F776E20696E202D666E6F2D6578636557
:107C80007074696F6E73206D6F64650047F69A01BA
:107C90001220C3F25641C2E90010002101201172E6
:107CA0007047000010B504464BF2F030C0F60600F5
:107CB00000F108014430206060680022626044F8EE
:107CC000041D10B1012100F0B8F820460C21BDE8D8
:107CD000104000F0B2B8000001464BF2F030C0F6A0
:107CE000060000F1080244300860486841F8042C9E
:107CF000002200284A6008BF704780B5012100F0CB
:107D00009CF8BDE88040704770B58CB044F2745068
:107D1000C1F200000078BFF35F8FC0072AD044F2A1
:107D2000A456C1F20006726804AC00252046012169
:107D30000B95CDE90955CDE90755CDE905550495D4
:107D400000F07CFC7069B6F83A1203220023CDE9FA
:107D5000005402950FF080F803F094FF4EF6643162
:107D60004AF68872C0F60601C0F6060203F0C4FFA8
:107D70000CB070BD44F27450C1F2000021F096FEC8
:107D80000028CCD044F2A454C1F200042046FBF7F2
:107D9000F1FD43F6DD1040F20002C0F60300C0F62C
:107DA00002022146EAF70CF844F27450C1F20000D6
:107DB00021F092FEB3E70000B0B544F27450C1F276
:107DC000000000780C46C007BFF35F8F12D020463A
:107DD000012103F01BF8012805D144F2A450C1F29F
:107DE0000000FBF757FD20460221BDE8B04003F03C
:107DF0000DB800BF44F27450C1F2000021F056FEED
:107E00000028E4D044F2A455C1F200052846FBF74F
:107E1000B1FD43F6DD1040F20002C0F60300C0F6EB
:107E200002022946E9F7CCFF44F27450C1F2000087
:107E300021F052FECBE7E9F784BBFFF7FCBF00005F
:107E400010B540F6AF74C1F2000420782AF0D4FCDB
:107E50000021217010BD00002AF010BDEAF7C4FD1A
:107E600044F63870C1F20000016891F82010002932
:107E700008BF70474068022117F0DAB9D0B152EA62
:107E8000030149F67023C0F20B03C2F30F2143EA4A
:107E9000026204BF03F1085222210A23C6F2013311
:107EA0006FF07F4CC0E90021C0E9023C002040B2E5
:107EB000704700BFFF2040B27047000060B180B53E
:107EC000383007A1EAF714F9002818BF4FF0FF3047
:107ED000BDE8804040B27047FF2040B2704700BF0D
:107EE0004558540021F062B921F08AB921F014BA42
:107EF00021F03CBAB0B54EF24845C0F6060545F251
:107F00004054002818BF05464EF2D830C1F2000494
:107F1000C0F606002146402221F0E0F8207804282F
:107F200012D1607880B9A07803280DD1287921F08A
:107F30002BF810BB21F022FB30BB21F053FA50BBD1
:107F4000002040B2B0BD00BF4EF2D834C0F60604E7
:107F50004EF29831C0F606012046402221F0ECF89E
:107F600045F24051C1F200012046402221F0B6F80E
:107F7000287921F009F80028DCD0286890B18047E2
:107F800021F0FCFA0028D8D0286858B1804721F0A9
:107F900029FA0028D4D0286820B18047002040B2B8
:107FA000B0BD00BFFF2040B2B0BD000021F01CB842
:107FB00021F032B821F04AB821F06EB800207047A5
:107FC00021F0D6BB21F0F8BB21F01CBC21F068BC2D
:107FD00021F08CBC21F0E2B8E0B14168002908BF73
:107FE000704780B584B0D0E90012806844F2F47321
:107FF000C1F20003986040F2B100C0F603000390A4
:1080000001A8C3E90012CDE90112FEF7F1FB04B0AB
:10801000BDE880407047000010B584B02BF034F804
:1080200044F26C54C1F200042060022000212BF0C5
:1080300035F9606029208DF806004FF40230029077
:108040000120ADF80C008DF80E00FBF75DFC0DF182
:108050000601FBF79DFB04B010BD00002DE9F04FB9
:10806000DBB01C4616468A46804614F071FF90F835
:108070004900012840F0828144F645704FF0000B22
:10808000C0F23F008DF868B0199003F0FBFD414647
:1080900003F0F0FD0DF1640911902EB1706896F8AF
:1080A00000B0002818BF8146FEF79CFB4FF47A729F
:1080B000002307460E464FF47A75E9F7C7FA00FB2E
:1080C00015720023ADF862204FF47A72E9F7BEFA18
:1080D000ADF8602044F24022C0F20F02384631462B
:1080E0000023E9F7B3FA820842EA817212EB9101A8
:1080F00048F6890541F10001C8F68805A1FB052372
:10810000DA08A2EB0212114400F0030040EA8100F9
:1081100048F200728DF85E00C0F293323846314664
:108120000023E9F793FA820842EA817212EB910187
:1081300041F10001A1FB0523DA08A2EB0212114470
:1081400000F0030040EA81004AF200428DF85D0031
:10815000CDF29362384631460023E9F777FAC20838
:1081600042EA417212EBD1014AF6AB2241F1000121
:10817000CAF6AA22A1FB022323F0010202EB53025A
:10818000891A00F0070040EAC10046F200028DF8AB
:108190005C00C1F6D752384631461423E9F756FA47
:1081A000B8F1000FADF85A0024D05AEA040045D1C6
:1081B000002013AE8DF84B000DF15A010DF14B026A
:1081C0003046FEF705FD9DF95700139F002858BF64
:1081D0003746119BCDE9009BC6A21AA84FF48071C7
:1081E0000297E9F7C1FA9DF95700B0F1FF3F00F39C
:1081F000C280BAE00020BAF1000F5BD013AE8DF858
:108200004B000DF15A010DF14B023046FEF7E0FC38
:108210009DF95700139F002858BF3746BCA21AA8E3
:108220004FF480714B46CDE9007AE9F79DFA9DF94C
:108230005700B0F1FF3F00F39E8096E0BAF1000FC7
:1082400018BF002C54D1BAF1000F40F00D81002C62
:1082500000F00A8100208DF84B0013A80DF15A019F
:108260000DF14B02FEF7B4FC9DF95700276800287A
:10827000E088139D1090D4E902600F9020790E9051
:1082800060790D9013A858BF0546384614F0C2F91E
:108290000F9943F6E35207910E99C0F60702089131
:1082A0000D990696CDE90910CDE9009BCDE902575D
:1082B0004EE000BF13AE8DF84B000DF15A010DF1E9
:1082C0004B023046FEF784FC9DF95700139F0028AF
:1082D00058BF374694A21AA84FF480714B460097B6
:1082E000E9F742FA9DF95700B0F1FF3F43DC3CE06B
:1082F00000208DF84B0013A80DF15A010DF14B022F
:10830000FEF766FC9DF9570027680028E088139E59
:108310001090D4E902500F9020790E9060790D9062
:1083200013A858BF0646384614F074F90F9943F65F
:10833000336207910E99069508910D99CDF82CA0FE
:10834000CDE90910CDE9009BCDE90267C0F607022F
:10835000DDE910731AA84FF480710497E9F704FA65
:108360009DF95700B0F1FF3F05DC1599139821F0F6
:108370000041FFF762FD1AA827F02FF8B8F1000FAF
:108380006FD06CB120796179382202EAC00001F027
:108390000F012268D4E90237E688890106E000BFB0
:1083A0000022002600200021002300271A92ADF8A9
:1083B0006E605246A8F10106BAF1000F18BF012203
:1083C000CDE91C3706F0070343EA8222104340EA56
:1083D000010244F26C564AF2D411C1F20006C0F612
:1083E000060130680968ADF86C202AF0D9FE05F066
:1083F0004DFE1AA9524605F063FF14F02DFA14F051
:108400004FFC30682AF0AAFEB8F1050F29D10020F0
:10841000012100220323002517F050F80146FE2019
:108420001AF042FB0221817515F030FA214615F051
:1084300091FA14F011FA012114F026FC15F026FA35
:1084400015F02EFA4FF0804116F0F2FE8DF86850CC
:1084500014F002FA1AA914F0EDF99DF86800022848
:108460002ED15BB0BDE8F08FBAF1000F3FF483AFBF
:10847000002C7FF480AF002013AE8DF84B000DF17F
:108480005A010DF14B023046FEF7A2FB9DF9570051
:108490001399002858BF3146119B02910BA21AA8CC
:1084A0004FF48071CDE9009BCDF80CA0E9F75CF9A1
:1084B0009DF95700B0F1FF3F3FF75DAF55E700BFB3
:1084C00070684FF0FF312AF099FE00BF5B25735DA5
:1084D000202825732074736B256420402573292D73
:1084E0003E207B7D3A202E2E2E20494E464F203DA9
:1084F000202573005B25735D202825732074736B22
:10850000256420402573292D3E202E2E2E000000AC
:108510005B54524143455D20282573204025732933
:108520002D3E2025732E00005B54524143455D20B3
:1085300028257320402573292D3E202E2E2E000045
:1085400000280EBFFE210021017048B270470000D4
:1085500000284FF0FE0218BF002901D150B2704729
:1085600091E80C10C96880E80C100022C16050B27C
:108570007047000030B30B460178032912D002295E
:1085800008D001291ED18268E2B1416810461BF073
:10859000D7B900BF8268AAB1416810461A461BF0DD
:1085A000BDB900BF416869B1D0E90220002818BFF9
:1085B0001BF09CB980B5104688470020BDE880407C
:1085C00040B27047FF2040B270470000002814BF3F
:1085D000007800207047000070B1017803290DD0A9
:1085E000022906D0012907D14168002904BF0020D3
:1085F0007047082103E000BF002070470421405865
:10860000002818BF0120704780B507F0C7FC04217F
:108610001022012307F0CCFC0021017080BD000076
:1086200000280FBFFE204FF0030C80F800C004307C
:108630001CBF0EC0002040B27047000000280FBFD2
:10864000FE2001230370C0E9011218BF002040B2D0
:1086500070470000002814BF4068002070470000E9
:10866000002814BF00680020704700002DE9F04783
:1086700082B04FF0FE04E8B18946D9B19846CBB13B
:108680000746404616460BF0F9FF48460BF07EFFC2
:10869000044648460BF080FF054620460CF088F85B
:1086A00060B18DB1786820B109F14002314602F025
:1086B00061FC002460B202B0BDE8F087FF2460B224
:1086C00002B0BDE8F08700BF2046002100220CF078
:1086D0002FF83868D9F8041009F12006324609F05D
:1086E0003DFF10B1304609F033FCD7F808A04046F2
:1086F0000BF0C4FFD9F8300090B199F801000128BF
:1087000026D1022088F8010099F8001098F800009E
:10871000890630D500F0FC00013088F800002AE01E
:1087200099F8000000248006C4D598F80000A8F845
:10873000024000F0FC00013088F80000D9F8041075
:1087400099F80120C8F8041088F8012013E000BF50
:1087500099F80010890603D44FF0000855E000BFD7
:1087600098F8000000F0FC00013088F8000099F84B
:10877000011088F80110746996E8AE0008F1200C29
:10878000C8F834408CE8AE00B16900F0F700C8F8D2
:10879000381099F80010042211F00801014488F8FB
:1087A000001099F8000001F0FB0102EA900001447A
:1087B00088F80010D9F804204FF00001A8F8021042
:1087C000C8F8042014BFD9F80C104FF0FF31C8F8D6
:1087D0000C1028B94FF0FF304FF0FF3104E000BF1C
:1087E0001AF0D0FE1AF0DEFEC8E9040108F14000DC
:1087F00041460022002300240BF0BEFFD9F83000D0
:1088000000283FF457AF99F80100052801D003284C
:1088100005D1304609F03AFD00283FF44AAF304612
:1088200009F0F8FBBAF1000F05D0012803D130465A
:1088300009F0D2FB70B399F8010000210138042837
:10884000ADF806103FF635AF09F14007DFE800F05C
:108850002E044604280000BFD9F808103046022232
:108860003B4609F01DFD99F80100022803D130466E
:10887000394609F04DFCB8F1000F1CBF99F8000013
:1088800010F020003FF415AF99F8010004287FF4A0
:1088900010AF3FE05046494642460AF093FE08E7D3
:1088A000304601213A4609F049FC26E0D8F8082074
:1088B0000DF106033046002109F05CFBBDF806000F
:1088C00098F80010A8F80200A8F84200D8F80800AC
:1088D000C8F8480021F0030021E000BFD9F83000BB
:1088E000B9F80210008881427FF4E3AED9F808108D
:1088F000304601223B4609F05DFC00287FF4D9AEEA
:10890000B8F1000F3FF4D5AE99F8000010F0200048
:108910003FF4CFAE98F80000022161F3010088F81F
:108920000000C6E6B0B582B04BF280550446C0F6F2
:10893000060550B903F0A6F94DF6E86310A2C0F69B
:1089400006030521009503F06BF903F09BF92168FC
:108950004DF6E86311A2C0F60603002918BF0121F5
:10896000009503F035F907F019FB04210C220123CF
:1089700007F01EFB94E80E0080E80E0002B0B0BDC8
:10898000656F5F6167656E745F4E657728293A2071
:108990004E554C4C2063666700000000656F5F61B8
:1089A00067656E745F4E657728293A204E554C4CAA
:1089B000206366672D3E6E767365740070B584B073
:1089C0000E46002A4FF0FE0118BF002E02D148B219
:1089D00004B070BD0028FAD01C46002BF7D020460A
:1089E00015460BF04BFE2878698800F03C008DF8A6
:1089F00008006878ADF80A1069688DF809000391DD
:108A00000BF0D6FEF0B1D6E900CED6E90223D6E9C6
:108A10000410C4E90A23C4E90C10C4E908CEB06903
:108A2000DDE90212A06302A8C4E900120BF072FE95
:108A300001280BD1A96859B16A88A0686280E9F75A
:108A40000FFA0FE0FF2148B204B070BD002008E02B
:108A5000A2680DF106033046002109F08BFABDF83B
:108A600006006080287800074CBFE8684FF0FF30B0
:108A7000E0602878089D400708D44FF0FF304FF0A1
:108A8000FF31C4E9040145B90DE000BF1AF07AFDD9
:108A90001AF088FDC4E904012DB12078617862885C
:108AA0000BF00CFE2880002148B204B070BD00001D
:108AB00042F23001C1F200010868002818BF0846E0
:108AC00070470000F0B581B042F23006C1F20006F6
:108AD00032682AB142F23000C1F2000001B0F0BDAC
:108AE0000C46054603F0CEF84BF280574DF6C153C5
:108AF0002946C0F6060732A2C0F60603002D18BFAD
:108B00000121009703F064F828786F7802280BD1D0
:108B1000FF2F09D07560022FB460377517D14FF45D
:108B2000003030612DE000BF03F0ACF84BF260552F
:108B30004DF6C153C0F606052BA2C0F6060305216B
:108B4000009503F06DF8022FB4603775E7D0012F60
:108B500004D03FB90020306113E000BF4FF4004063
:108B600030610EE003F08EF84BF260574DF6C153C2
:108B7000C0F6060726A2C0F606030521009703F0FB
:108B80004FF844F2FD1744F2213044F2ED1144F263
:108B90009D2244F20D23C0F60507C0F60500C0F67D
:108BA0000501C0F60502C0F6050300971AF088FA21
:108BB000306042F23000C1F2000001B0F0BD00BFF1
:108BC000656F5F61726D656E765F496E697469612C
:108BD0006C69736528293A204E554C4C206D6F64A2
:108BE000696E666F00000000735F656F5F61726D94
:108BF000656E765F7072657061726528293A2077BC
:108C0000726F6E67206D6F64696E666F00000000A2
:108C1000735F656F5F61726D656E765F70726570B0
:108C200061726528293A20756E737570706F727461
:108C300065642070726F6300F0B581B0002818BFC2
:108C4000002A01D101B0F0BD002BFBD0047803EB6A
:108C5000010CA445F6D890F802E0F44522D95FFA59
:108C60008CF5AC421ED35FFA8CF4A6451AD025468B
:108C700038BF754688BF7446477880F802C017FB36
:108C8000050606F1040C661B06FB07FE044660465B
:108C90000D46714616461F46E9F7E0F9294620467B
:108CA0003B463246477817FB01007B4304301146B0
:108CB0001A4601B0BDE8F040E9F7D2B840B1827879
:108CC0008A4205D9427812FB01000430704700BF88
:108CD0000020704700280FBF002001788078081A14
:108CE000C0B27047002814BF007800207047000011
:108CF000002804BF0120704701788078401AB0FA3C
:108D000080F0400970470000002814BF4078002020
:108D1000704700002DE9F04116460C4605464FF01D
:108D200000084FF000075AB907F038F9042114FB86
:108D300005118AB204210123012707F039F90646FB
:108D4000301D04FB05F1F7703570747086F80280F1
:108D5000E9F784F93046BDE8F081000040B1817840
:108D600000290FBFFF2001398170002040B27047F9
:108D7000FE2040B27047000000284FF0FE0218BFEE
:108D8000002901D150B2704702788378934202BF24
:108D9000FF2250B2704710B54278044612FB03031D
:108DA00004331846E9F75CF8A07800220130A0707F
:108DB000BDE8104050B2704710B548B10178427814
:108DC0000024847004305143E9F748F960B210BDC3
:108DD000FE2460B210BD000010B182788A4201D139
:108DE000704700BF03788B4238BF704780B50B4691
:108DF0008C468A4238BF134688BF944642788170B9
:108E000012FB0300ACEB030104305143E9F726F9F0
:108E100080BD0000002814BF80780020704700004B
:108E200041F27001C1F200010868002818BF08462D
:108E30007047000041F27001C1F20001496800284A
:108E400018BF08467047000041F27001C1F20001EE
:108E50000968002818BF0846704700002DE9F04156
:108E60008EB04BF2F05141F27008C0F60601C1F22B
:108E70000008D1E9082CD8F800600A92002ED1E948
:108E8000002601F10807B0CF4B690292D1E9062113
:108E9000CDE90364CDE90557CDE907320991CDF855
:108EA0002CC007D041F27000C1F200000EB0BDE846
:108EB000F08100BF4BF2D846C0F60606002818BF66
:108EC000064630684BF28054C0F6060410B1708933
:108ED00068B916E002F0D6FE4DF6FB632EA2C0F68E
:108EE00006030521009402F09BFE708948B1B08909
:108EF00038B1F08928B1308A18B1708A08B1B08AC7
:108F000050B902F0BFFE4DF6FB6330A2C0F6060377
:108F10000521009402F084FED8F804406CB9707FFB
:108F2000B16909F0A3FB33687F220127C0F2001268
:108F300000210446009709F0F3F9D6E90001D6F8BC
:108F40000E300078D6F80A2088F80800D6F812000B
:108F50000292CDE90330308906F12002ADF8180005
:108F600000200591089007CA337F0990B069C8F8BE
:108F700004400A9002A807948DF82C30CDE90C1219
:108F800010F044F8C8F8000041F27000C1F200008F
:108F90000EB0BDE8F08100BF656F5F626F61726403
:108FA0007472616E736365697665725F496E697428
:108FB00069616C69736528293A204E554C4C206EC6
:108FC000767365746272646366670000656F5F62E2
:108FD0006F6172647472616E736365697665725FE6
:108FE000496E697469616C69736528293A2061204A
:108FF0006366672D3E73697A65732E6669656C6476
:10900000206973203000000041F28001C1F20001AC
:10901000002818BF01F138007047000041F28001BC
:10902000C1F200010878002818BF08467047000008
:10903000B0B541F28004C1F200042178012932D098
:109040004BF20451C0F60601002818BF01464CF24D
:109050000C10C0F60600D1E900120068C4E9011244
:10906000904218BFB2FBF1F020740FF07BFEE0607D
:1090700003200A2100220025FFF74CFEA062FFF723
:109080009BFE04F12C004FF48A71C4E90655C4E933
:109090000855E9F705F8FFF7B7FAC4F84001FFF7FC
:1090A0004FFA0120207041F28000C1F20000B0BDF3
:1090B00000284FF0FE0200F0DF802DE9F04F85B070
:1090C0009A46002B00F0D58041F28008C1F20008DA
:1090D00098F82220002A00F0C78001F0010608EB72
:1090E000460B0490BBF82C00C1F34309494601F03C
:1090F00099FE002800F0B88008F1380404EB46001F
:109100000430494601F09AFEC6EB061004EBC0009D
:10911000BAF8041000EBC905A983DAF80000A861C9
:109120001AF030FA1AF03EFAD8E90623D8F82840A7
:10913000801A99414FF47A720023E8F787FAE8839E
:109140002046FFF767FE002874D00446002503E0A0
:109150000135E8B2A0426DD2D8F82800E9B2FFF795
:10916000ADFD0028F4D0074600EB4600C088494614
:1091700001F058FE0128EBD138789AF800108842A7
:10918000CDE9021004D00BF14400494601F056FE2F
:109190003C4614F8040F08B97979C9B1554635F839
:1091A000041F2288914205D00BF14C00494601F082
:1091B00045FE20782978814204D19AF80500797912
:1091C000884205D001223C4614F8016F56B904E0EC
:1091D00000223C4614F8016F26B9B87810B9F87827
:1091E00000284BD00AF101050192284621460322AE
:1091F000E8F7EBFD28B10BF14800494601F01EFEEF
:1092000026782878B04215D19AF80200B9788842B9
:1092100010D1DDE902100023401A18BF01209AF88E
:109220000310FA78914238BF01230199184308438B
:10923000C00707D0012088F839000BF140004946EB
:1092400001F0FCFDB8F82C00B8F83C1088420DD1B4
:10925000B8F82E00B8F83E10884207D1012088F8EF
:109260003800049800F030F9002202E0002288F86B
:10927000382005B0BDE8F04F50B27047DDE902106C
:10928000401AB0FA80F0400982F001010842D1D0C2
:10929000D8E7000090B180B541F28000C1F2000033
:1092A00090F8391090F83800B1FA81F149091BF0B3
:1092B000EFF90020BDE8804040B27047FE2040B288
:1092C000704700002DE9F04F8FB000284FF0FE07E7
:1092D00000F0C8800D46002900F0C48004462846EE
:1092E0009046FFF797FD002800F0C08041F280060D
:1092F000C1F20006814696F82200012802D12046DC
:1093000000F0E2F8B06A0594FFF756FD002406F17C
:109310002C004FF48A71C6E90644C6E90844E8F710
:10932000BFFEB76A28460021FFF7C8FC0146384651
:10933000FFF722FDB9F1010F14D0B76A28460121C9
:10934000FFF7BCFC01463846FFF716FDB9F1030FE5
:1093500008D3B76A28460221FFF7B0FC0146384619
:10936000FFF70AFDD8E9000186F82340C6E90C01A1
:109370004FF48070A6F8210034871AF003F91AF030
:1093800011F9C6E90601B06ACDE90844CDE9064401
:1093900086F82440F462FFF73DFD00285AD04DF6D0
:1093A000576A83460DF11808C0F6060A06F1240034
:1093B0004FF0000904900DE0F888B18D09F1010922
:1093C0000843B0853889F18D08435FFA89F1594522
:1093D000F0853FD2B06A5FFA89F42146FFF76EFC50
:1093E00007460520002113F065F906903889002111
:1093F000ADF81C10ADF81E0078887A7840BA39783C
:109400003B797D7940EA0240FA8843EA012140EA4B
:10941000056041EA0241CDE9080102F033FC012177
:1094200000225346CDF8008002F0FAFB787800283D
:10943000C2D1B8780028BFD1F8780028BCD13879DB
:109440000028B9D178790028B6D10498214601F0D6
:10945000E9FBB1E71BF050F896F83800059D4FF096
:10946000000748B178B20FB0BDE8F08FFF2778B29F
:109470000FB0BDE8F08F00BFCDE90C77CDE90A77DA
:10948000CDE90877CDE9067719F080FD19F088FD60
:1094900044F2A54106AC0346C0F6050120462A4623
:1094A000FFF7BEF84CF2F002C0F606027168F068F1
:1094B000D2E900230126CDE9001602940FF0C6FC84
:1094C00078B20FB0BDE8F08F20B370B51AF05AF83B
:1094D0001AF068F841F28004C1F20004D4E90623CE
:1094E000801A99414FF47A720023E8F7AFF894F8A4
:1094F000381094F839600129608708BF002E0DD01C
:10950000E068B6FA86F14D090FF022FD94F83800B4
:10951000294608E0FE2040B2704700BFE0680FF027
:1095200017FD012001211BF0B3F8236B0020C4E9D3
:1095300006002062606263B194F83810B6FA86F0D3
:109540004209002918BF0121606B0A402146984753
:109550000020BDE8704040B270470000D0B141F239
:109560008002C1F2000292F8231000294FF000019E
:109570000ED092F822305BB192F82110012908BF79
:10958000FFF7A2BF80B51AF0B7FF0021BDE8804009
:1095900048B27047FE2148B27047000040B103292D
:1095A0004FF0FF0098BF072A06D940B2704700BFAE
:1095B000FE2040B2704700BF2DE9F04F85B01C4639
:1095C000002B4FF0FF0000F0A2804BF2A043C0F64A
:1095D000060303EBC1039B5CDDB20A2D00F297800A
:1095E00020461746039101F023FD002800F09480E7
:1095F000204601F01DFD010600F088804BF26861F5
:10960000C0F606014E5D039987F0060381F0020261
:109610001A4301F0FD0118BF0122013918BF0121D1
:1096200040F2FC4B1140C1F2000B02910BEB8501A3
:109630001031019100215FFA80F94FF0000A11E02A
:10964000F98860F30301F9800199096851F8200055
:1096500004A9FFF791FB00BF0AF1010A5FFA8AF142
:10966000494553D289B2204601F0E0FC4178B1422D
:10967000F2D280460078DBF80C1000F0010251F8BD
:109680002210C0F3430051F8200000280490E3D0DA
:109690000778384611F080F811F080F80028DBD008
:1096A0004BF23C60C0F6060050F82500394601F048
:1096B00003FC0028D0D0049F2946381D01F0BEFBD2
:1096C000029998F801000029BED198F800200221E3
:1096D000A02A38BF5109039A012AB1D13A78112A38
:1096E00001D0032AACD1012908D00329A8D1F988D7
:1096F0006FF31F3141EA0031A5E700BFF98800F0A0
:109700000F0221F0F00141EA02119CE7002005B0B0
:10971000BDE8F04F40B27047FF2005B0BDE8F04F04
:1097200040B2704740B103294FF0FF0098BF072AAD
:1097300006D940B2704700BFFE2040B2704700BF5C
:109740002DE9F04F81B01C46002B4FF0FF007AD07E
:109750004BF2A043C0F6060303EBC1039A5C5FFA29
:1097600082FBBBF10A0F6ED820460D4601F060FC6B
:10977000002867D0204601F05BFC010668D04BF260
:10978000686140F2FC48C0F60601C1F2000811F819
:109790000B9005F0FD0108EB8B02012902F110018D
:1097A00000914FF0000159D15FFA80FA012D40F08D
:1097B000818000271BE000BF0F21032A04BF4FF266
:1097C0000001CFF6FF71012A08BFF021009B40780D
:1097D0001B68EA8853F820001143B046E980FFF780
:1097E000BDFA0137F9B251454FF000002BD289B2D2
:1097F000204601F01BFC41784945F2D20178D8F8A7
:109800000C2001F0010352F82320C1F3430152F868
:109810002150002DE5D0291D464680460846594670
:1098200001F004FB98F800302978A02B4FF00202D9
:10983000404638BF5A090329BED01129BCD00F2198
:10984000C4E700BFFF2001B0BDE8F04F40B2704751
:10985000002001B0BDE8F04F40B27047C5B200270C
:1098600006E000BF0137F9B2A9424FF00000EAD28A
:1098700089B2204601F0DAFB41784945F2D20178FD
:10988000D8F80C2001F0010352F82320C1F3430162
:1098900052F821100029E5D0043106460846594601
:1098A00001F0C4FA00997078096851F82000FFF7B8
:1098B00055FAD7E7002505E00135E9B251454FF0EB
:1098C0000000C0D289B2204601F0B0FB4178494582
:1098D000F2D20178D8F80C2001F0010352F82320CD
:1098E000C1F3430152F82170002FE5D0391D06461F
:1098F0000846594601F09AFA009AF8887178126879
:1099000040F00F0352F82100FB80FFF727FAD3E75E
:1099100040F2FC40C1F20000C06801F0010250F8C2
:10992000220001F01E0150F81100002814BF007839
:10993000FF207047F2B12DE9F04F83B01046144676
:109940000E469946FFF738FA304615F0ABFDC7B220
:10995000304615F0A9FD0546304615F0A9FD032F48
:109960004FF0FF0198BF072D08D903B0BDE8F04FB5
:1099700048B27047FF2148B2704700BF4BF2A04188
:10998000C0F6060101EBC70111F805A0BAF10A0FF4
:109990001CD84BF26861C0F6060111F80A10884223
:1099A00014D840F2FC41C1F2000101EB8A010969BF
:1099B00051F8205055B101902846FFF72BFA28B1F5
:1099C0008346012F54D14FF0000817E0FF2103B068
:1099D000BDE8F04F48B27047002100F01F00084377
:1099E0008DF80B0020460DF10B01FFF7C5F900BF04
:1099F00008F101085FFA88F058456BD25FFA88F1E8
:109A00002846FFF75BF90028F2D001680029EFD063
:109A10000F780646384610F0BFFE10F0BFFE002853
:109A2000E6D04BF23C60C0F6060050F82A003946FA
:109A300001F042FA0128DBD13068019AC1884078F0
:109A400001F00F039342C7D0C1F30313934201D136
:109A50002021C2E7C1F30323934201D16021BCE777
:109A6000B2EB113F4FF0400108BF6FF07F01B4E748
:109A7000002603E00136F0B258452BD2F1B2284659
:109A8000FFF71CF90028F5D001680029F2D00F7803
:109A90008046384610F080FE10F080FE0028E9D0A5
:109AA0004BF23C60C0F6060050F82A00394601F03F
:109AB00003FA0128DED1D8F800000221407861F3D2
:109AC0005F108DF80B0020460DF10B01FFF754F9E4
:109AD000D0E700BF0021B9F1000F18BF89F800706E
:109AE00003B0BDE8F04F48B270470000F0B581B058
:109AF00040F2FC40C1F20000C06801F0010750F8DC
:109B0000270001F01E0750F81740002C57D0032AF9
:109B10004FF0FF0098BF072B02D9C0B201B0F0BDD3
:109B20004BF2A040C0F6060000EBC20010F803C0E4
:109B3000BCF10A0F43D8A0880D46614617461E4661
:109B400001F070F900283AD0032F29D03846012FB0
:109B500020D12078C11E12294FF0FF00DDD8EAB2D3
:109B6000DFE801F0280A0A0A0A0C0A0A0A0A0A0AA5
:109B70000A0A320C0A0A0C00CFE700BFE08800F0A6
:109B80000F00C1B20F2908BF4FF0FF30C0B201B0C3
:109B9000F0BD00BF02284FF0000008BF062EBCD168
:109BA000A07900F00F000F2808BF4FF0FF30C0B2BF
:109BB00001B0F0BD500901280BD00028DED0FF20F5
:109BC000C0B201B0F0BD00BF5009032804D0012885
:109BD000F3D1A0790009D4E7E079D0E7E2B12DE92B
:109BE000F04F81B008460E4691461F4615F05AFCCC
:109BF0000546304615F058FC0446304615F058FC32
:109C0000032D4FF0FF0198BF072C09D901B0BDE823
:109C1000F04F48B2704700BFFF2148B2704700BF05
:109C20004BF2A041C0F6060101EBC5010C5D0A2C08
:109C30003AD84BF26861C0F60601095D884233D814
:109C400040F2FC41C1F2000101EB8401096951F8C5
:109C500020604EB382463046FFF7DCF820B38346DF
:109C600030460021FFF72AF8804600680678304623
:109C700010F092FD10F092FDB0B14BF23C60C0F6D6
:109C8000060050F82400314601F016F960B1D8F80A
:109C900000200A985178012D0CD1D38803F00F02CF
:109CA00052451DD1002206E0FF2101B0BDE8F04F72
:109CB00048B27047402201F01F01114389F800109B
:109CC00018B1D8F80010097801700021002F18BFD2
:109CD00087F800B001B0BDE8F04F48B2704700BF50
:109CE000C3F30312524501D12022E4E7C3F3032258
:109CF000524501D16022DEE74022BAEB133F08BF94
:109D00006FF07F02D7E7000040F2FC40C1F2000094
:109D10000830704710B540F2FC44C1F20004E1681D
:109D200011B104F1080010BD4BF20C51C0F6060150
:109D3000002818BF014608680421C4E90204012074
:109D40000022FEF7E7FF21690022086001200421BC
:109D5000FEF7E0FF21690022486001200421FEF7A0
:109D6000D9FF21690022886001200421FEF7D2FF7B
:109D700021690022C86001200421FEF7CBFF216980
:109D80000022086101200421FEF7C4FF216900229E
:109D9000486101200421FEF7BDFF2169002288618E
:109DA00001200421FEF7B6FF21690022C8610120CD
:109DB0000421FEF7AFFF216900220862012004217F
:109DC000FEF7A8FF21690022486201200421FEF766
:109DD000A1FF21690022886201200421FEF79AFF79
:109DE00021690022C86201200421FEF793FF616906
:109DF0000022086001200421FEF78CFF6169002227
:109E0000486001200421FEF785FF61690022886017
:109E100001200421FEF77EFF61690022C860012055
:109E20000421FEF777FF6169002208610120042107
:109E3000FEF770FF61690022486101200421FEF7EE
:109E400069FF61690022886101200421FEF762FF39
:109E500061690022C86101200421FEF75BFF61698E
:109E60000022086201200421FEF754FF61690022EC
:109E7000486201200421FEF74DFF616900228862DB
:109E800001200421FEF746FF61690022C86201201B
:109E90000421FEF73FFFA169002208600120042190
:109EA000FEF738FFE1690022086001200421FEF777
:109EB00031FF216A0022086001200421FEF72AFFF9
:109EC000616A0022086003200421FEF723FFA16AD3
:109ED0000022086003200421FEF71CFFE16A002233
:109EE000086001200421FEF715FF216B00220860A5
:109EF00001200421FEF70EFF216B002248600120A3
:109F00000421FEF707FF216B002288600120042155
:109F1000FEF700FF216B0022C86001200421FEF73C
:109F2000F9FE616B0022086008200421FEF7F2FEB2
:109F3000A16B0022086008200421FEF7EBFEA16B54
:109F40000022486044F64410C1F20000FE21CFF622
:109F5000FF72017042608173C0F8122001770262C3
:109F600080F82A10C0F82E2080F83810C26380F8DC
:109F70004610C0F84A2080F85410826580F86210BC
:109F8000C0F8662080F87010426780F87E10C0F834
:109F9000822080F88C10C0F8902080F89A10C0F8C9
:109FA0009E2080F8A810C0F8AC2080F8B610C0F849
:109FB000BA2080F8C410C0F8C82080F8D210C0F8C9
:109FC000D62080F8E010C0F8E42080F8EE10C0F849
:109FD000F22080F8FC10C0F8002180F80A11C0F8C7
:109FE0000E2180F81811C0F81C2180F82611C0F845
:109FF0002A2180F83411C0F8382180F84211C0F8C5
:10A00000462180F85011C0F8542180F85E11C0F844
:10A01000622180F86C11C0F8702180F87A11C0F8C4
:10A020007E2180F88811C0F88C2180F89611C0F844
:10A030009A2180F8A411C0F8A82180F8B211C0F8C4
:10A04000B62104F1080010BD00284DD02DE9F04FD5
:10A0500081B08B46002941D0584600F0E9FF010647
:10A060003CD040F2FC4A44F6441840F2000900217A
:10A07000C1F2000AC1F20008CFF6FF79C6B200278C
:10A0800004E000BF0137F9B2B14231D289B258467B
:10A0900000F0CCFF4378DAF80C1003F0010251F81D
:10A0A0002250C3F3430355F82350002DEAD1C2EBED
:10A0B000C20208EB4212C3EBC303056802EB430480
:10A0C00042F81350C4F80490407800F0010251F8AF
:10A0D0002210C0F3430041F82040D3E7FF2001B035
:10A0E000BDE8F04F40B27047FE2040B2704700BF5D
:10A0F000002001B0BDE8F04F40B2704700284DD0BD
:10A100002DE9F04F81B00C46002941D0204600F0E7
:10A110008FFF01063CD044F6441B40F2FC4A002568
:10A12000C1F2000B4FF6FF784FF0FE09C1F2000AB2
:10A13000C7B20020002603E00136F0B2B84231D2A7
:10A1400081B2204600F072FF417801F00102C1F3B4
:10A150004301C2EBC2020BEB4212C1EBC10102EBA5
:10A1600041018A88002AE7D14D600D608D818D60A4
:10A17000A1F8068081F800904078DAF80C1000F021
:10A18000010251F82210C0F3430041F82050D3E7F8
:10A19000FF2001B0BDE8F04F40B27047FE2040B252
:10A1A000704700BF002001B0BDE8F04F40B27047DB
:10A1B00039B30878062824D84FF0000CDFE800F007
:10A1C00016041C040904040091F801C0BCF10F0F2F
:10A1D00017D84BF21453C0F6060353F8200050F87A
:10A1E0003C3073B108461146184700BF91F801C0D2
:10A1F000BCF1790FEDD904E091F801C0BCF1540F26
:10A20000E7D94FF0FF30704744F60430C1F2000048
:10A21000704700004BF21051C0F60601002818BF2D
:10A220000146096844F60430C1F20000016070473D
:10A230002DE9F04387B000284FF0FE0518BF002934
:10A2400004D168B207B0BDE8F08300BF087810F011
:10A25000F00F29D044F26055C1F200056878D0B9FA
:10A260004FF0010802200F46012116460022FF236D
:10A2700085F801804FF0000915F020F90446FFF73A
:10A2800043FDAA1C21460023CDF80090FFF7A6FC51
:10A290003946324670B12878012849D1A87800F0B3
:10A2A000010393420DD043E0002568B207B0BDE83A
:10A2B000F08300BF85F80080A87800F00103934286
:10A2C00036D10B6813F4C06F32D1C3F30313C0F35C
:10A2D000430083422CD100200C462E210025164637
:10A2E00012F0E8F902902068A1796FF31F3040EA7C
:10A2F0000130ADF80E00204600F09CFCCDE90401D1
:10A300000220002E08BF012021788DF80C000809DA
:10A310008DF80D0001F0B6FC02AF032100220023EE
:10A32000009701F07DFC68B207B0BDE8F08300BF84
:10A330008B79082B04D9FF2568B207B0BDE8F083FC
:10A340000868ABB1C0F3022404234FF0000CFF25D2
:10A35000DFE804F0062014282F2C240471E700BF46
:10A36000087A00F07F0C0020BCF1790F0CE000BFF0
:10A37000114607B0BDE8F0431AF03EBC087A00F081
:10A380007F0C0020BCF1540F88BF0120234680B110
:10A3900057E700BF00F00F0C01230AE000F00F0C9C
:10A3A000062306E000F00F0C032302E000F00F0C80
:10A3B00005234BF21450C0F6060050F8230000EBC2
:10A3C000CC004368002B3FF43CAF0846114607B071
:10A3D000BDE8F0431847000044F60C30C1F200001D
:10A3E0000178012918BF002070470000B0B588B07F
:10A3F00044F60C34C1F200042178012900F0808079
:10A400004BF23051C0F60601002818BF0146D1E9D1
:10A4100000CED1E90235D1E90420C4E90335C4E90D
:10A420000520C4E901CE8869E0610020CDE906007D
:10A43000CDE90400CDE90200CDE90000A4F8010057
:10A4400022F0C6FE01282AD1207B40B3A17B31B384
:10A450008DF8051044F609518DF804000020C0F66F
:10A460000501CDE9021044F62D51C0F60501CDE9F4
:10A47000041044F605510122C0F60501C0F60B3266
:10A48000CDE90610694600928DF8060022F0AEFD77
:10A49000A8BB002022F07EFD88BB01206070012057
:10A4A00022F096FE012830D1607B70B3E17B61B36E
:10A4B0008DF8040000208DF8060044F609508DF850
:10A4C0000510C0F6050044F62D5102900120C0F69B
:10A4D0000501CDE9041044F605510122C0F605013D
:10A4E000C0F60B32CDE9061069460092039022F0C7
:10A4F0007DFD20B90120012522F04CFD20B1002472
:10A50000204608B0B0BD00BFA5704CF20810C0F6E0
:10A5100006000168A06801EB8101B0EB410F84BF28
:10A520004CF6C070C0F26A0029F024F9207B60B1BB
:10A53000A07B50B1002084F8200084F82100FF2087
:10A54000002128F0ABFE6062A0B1607B60B1E07BCF
:10A5500050B1002084F8280084F82900FF20002151
:10A5600028F09CFEE06228B101202070204608B04F
:10A57000B0BD00BF0024204608B0B0BD002857D0B1
:10A580002DE9F04F8BB0084440780D46002853D099
:10A590009146002A4FF0000754D098464FF0020A27
:10A5A00007AE0DF1080B0024002D08BF4FF0010A83
:10A5B00003E000BF01344C4546D228463146002214
:10A5C000CDE90977CDE9077722F0F9FC00283CD1E5
:10A5D000FFF71AFE31462A46FFF72AFE0028E9D087
:10A5E00000201B21CDE90477CDE9027712F062F853
:10A5F000029007989DF822106FF31F3040EA013057
:10A60000ADF80E00304600F015FBCDE904019DF8D1
:10A610001C008DF80CA000098DF80D0001F032FB34
:10A62000032100220023CDF800B001F0F9FAC1E7C0
:10A63000FE2040B2704700BFFF200BB0BDE8F04FD6
:10A6400040B27047002401E04C4643460020002BF6
:10A6500018BF1C700BB0BDE8F04F40B2704700004F
:10A66000B0B582B040B30446407870B100200DF11F
:10A6700007018DF8070022F097FD9DF8072022B111
:10A68000204600210023FFF779FFA078002578B14C
:10A690000DF1070101208DF8075022F085FD9DF88E
:10A6A00007202AB12046012100230025FFF766FF7D
:10A6B00068B202B0B0BD00BFFE2568B202B0B0BD46
:10A6C0002DE9F0478CB000284FF0FE0718BF002995
:10A6D00004D178B20CB0BDE8F08700BF16468146C1
:10A6E0000C46002707AA102001210B97CDE9097716
:10A6F000CDE90777FEF70EFB8246FFF705FB3146F3
:10A7000052460023FFF716F9C0B100201D2111F0B9
:10A71000D1FF02900020C0F69910CDE904670390A4
:10A7200001F0B0FA02AF042100220023009701F0EB
:10A7300077FAFF2778B20CB0BDE8F087208861680F
:10A740000297ADF80800504604970391FEF762FBAC
:10A750000028BED0064609F1010400250DF10808C5
:10A76000002703E00135E8B2B042B2D2E9B2504668
:10A77000FEF7A4FA007800F00101615C0129F1D133
:10A780008DF81000484641461AF058FA002818BFC4
:10A790000746E7E72DE9F0418AB014460246002853
:10A7A0004FF0FE0018BF002904D140B20AB0BDE846
:10A7B000F08100BF002607A8884617460996CDE914
:10A7C000076600F10805FFF79FFA21462A46002395
:10A7D0000096FFF703FAC8B100201D2111F06AFFAF
:10A7E00002900020C0F26660CDE90446039001F0BB
:10A7F00049FA02AF042100220023009701F010FA69
:10A80000FF2040B20AB0BDE8F08100BF9DF82400EF
:10A8100000F001013944497871B1B8F80010D8F856
:10A8200004203846ADF81C1007A908921AF006FA61
:10A8300040B20AB0BDE8F081FF2040B20AB0BDE8E6
:10A84000F081000000284FF0FE0318BF002901D15D
:10A8500058B2704702F0010303445B7893B180B5AE
:10A8600084B0D1E900134FF0000C8DE80A1069465E
:10A870008DF808201AF0E2F9034604B0BDE88040E4
:10A8800058B27047FF2358B27047000000280EBF2F
:10A89000FE200171002040B27047000000284DD01A
:10A8A00070B582B005464078144610B32879002868
:10A8B00048D000208DF8060013200E4624F02EFD0F
:10A8C0000DF10601002022F041FC9DF8060085F8FC
:10A8D000210085F82000132024F022FD9DF80600B9
:10A8E00010B1002022F076FC002E1CBF9DF806005F
:10A8F0003070A87888B3287960B300208DF80700FD
:10A900003F2024F00BFD0DF10701012022F01EFC79
:10A910009DF8070085F8290085F828003F2024F0DD
:10A92000FFFC9DF8070010B1012022F053FC002C21
:10A930001CBF9DF8070020700FE000BFFE2040B252
:10A94000704700BF002022F045FCA8780028D2D133
:10A9500003E000BF012022F03DFC002002B0BDE872
:10A96000704040B27047000070B568B10C460021DD
:10A9700022460546002600F00BF828460121224613
:10A9800000F006F870B270BDFE2670B270BD000017
:10A99000E0B343185B78EBB30379002B3ED070B57E
:10A9A00088B000EBC10515F8200FD8B368680C46D5
:10A9B000114628F023FC4FF00006C8B30DF11F012B
:10A9C00020468DF81F6022F0C1FB0020192111F0F4
:10A9D00071FE9DF81F10029008020130ADF80E00C4
:10A9E0000220CDE90466002C08BF01208DF80C0080
:10A9F0008DF80D6001F046F902AC0421002200231D
:10AA0000009401F00DF9FF2013E000BFFE2040B2DA
:10AA1000704700BFFF2040B2704700BF002040B227
:10AA2000704700BF002008B0BDE8704040B27047DA
:10AA300000202E7008B0BDE8704040B270470000A2
:10AA40004EF23040C0F6060070470000704700002C
:10AA500010B588B00020012100220323002414F047
:10AA60002DFD0146FE2018F01FF88475CDE906443F
:10AA7000CDE90444CDE90244CDE9004412F05EFC86
:10AA800012F066FC6C46024620460121FDF7D6FD19
:10AA900013F0B2FB21460022002313F047FC13F011
:10AAA000ABFB13F02BFC30B112F048FC12F050FC61
:10AAB000012114F0BDFB40F6D070C1F2000012F08D
:10AAC00047F908B010BD000010B588B00020012182
:10AAD00000220323002414F0F1FC0146FE2017F0AD
:10AAE000E3FF02218175CDE90644CDE90444CDE9B7
:10AAF0000244CDE9004412F0C9FE12F0D1FE6C46CA
:10AB0000024620460121FDF799FD13F075FB214611
:10AB10000022002313F00AFC13F06EFB13F0EEFB8F
:10AB200030B112F0B3FE12F0BBFE012114F080FB35
:10AB300040F6D070C1F2000012F028F908B010BD44
:10AB4000B0B588B000200121002203230124002594
:10AB500014F0B4FC0146FE2017F0A6FF8475CDE981
:10AB60000655CDE90455CDE90255CDE9005512F061
:10AB700027FF4DF6D5416C460246C0F6040120463B
:10AB80000023FDF74DFD13F037FB00212246002383
:10AB900013F0CCFB12F014FF13F00CF940F6D07058
:10ABA000C1F2000012F050F908B0B0BD40F6D0700C
:10ABB000C1F2000012F06CB940F6D070C1F2000092
:10ABC00012F068B980B512F0FBFE13F0D7F940F629
:10ABD000D070C1F20000BDE8804012F05DB9000005
:10ABE0007047000070470000704700007047000089
:10ABF0007047000000EE100A9FED031AB8EEC00A7D
:10AC000020EE010A704700BF00008038C84000F005
:10AC1000010070470122037802FA01F123EA0101E1
:10AC2000017070470122037802FA01F119430170A3
:10AC300070470000002812BFD0E902010020002167
:10AC400070470000B0B58AB00D464FF00001B8B1B2
:10AC5000CDE90811CDE90611CDE9041105A906AA2F
:10AC600009AB04ACCDE90032029151A108AA07ABAF
:10AC70000394E6F771FF0998B0F5006F04DB00213B
:10AC800008460AB0B0BD00BF47F24A51C0F26C019D
:10AC9000089A01F5F6339A4202D14FF0010C67E0B1
:10ACA000089A46F24653C0F262039A4202D14FF02C
:10ACB000020C5DE0089A46F24D13C0F272039A420C
:10ACC00002D14FF0030C53E0089A47F24103C0F25F
:10ACD00072039A4202D14FF0040C49E0089A46F2FE
:10ACE0004D13C0F279039A4202D14FF0050C3FE0B8
:10ACF000089A01F500339A4202D14FF0060C37E072
:10AD0000089A8A4202D14FF0070C31E0089947F2C5
:10AD10004152C0F26702914202D14FF0080C27E085
:10AD2000089946F25352C0F27002914202D14FF09C
:10AD3000090C1DE0089946F24F32C0F274029142AC
:10AD400002D14FF00A0C13E0089946F64E72C0F299
:10AD50007602914202D14FF00B0C09E0089946F2BD
:10AD60004452C0F2630291427FF489AF4FF00C0C61
:10AD7000079A002A3FF483AF1F2A3FF780AF069B54
:10AD8000182B3FF77CAF05993D29BFF678AF6FF3DD
:10AD90001F3040EA0C308902288002F01F0063F364
:10ADA000491108440121688008460AB0B0BD00BFBF
:10ADB00025732025642025642025643A25643A25DE
:10ADC00064000000C2F12003D04001FA03F31843ED
:10ADD000203A58BF21FA02F000F00100704700004D
:10ADE0000123C1F12002B1F1200C23FA02F258BF75
:10ADF00003FA0CF203FA01F1D0E900C358BF0021B5
:10AE00001A4341EA0C01C0E9001270470840401A99
:10AE1000B0FA80F040097047002814BF0068002095
:10AE200070470000C84000F001007047012203880D
:10AE300002FA01F123EA010101807047012203882F
:10AE400002FA01F119430180704700004DF6337298
:10AE5000C1B2C0F60602000A515C105C0844C0B2E0
:10AE6000704700000122038802FA01F15940018075
:10AE700070470000002908BF704710B584B0C0F3C8
:10AE8000072CC0F3074ECDE900CE0FF2180CC3B269
:10AE9000040E0846114662460294E6F765FC04B0CB
:10AEA00010BD00BF25642E25642E25642E25640068
:10AEB00050F8040C70470000C84000F001007047D3
:10AEC00000284FF0FF0218BF002901D150B270478F
:10AED0000A7892060ED5026962B1B0B505461046F1
:10AEE0000C460FF0FDF848B1FF22BDE8B04050B26B
:10AEF000704700BF002250B2704700BF286921464A
:10AF00000FF03EFA0022BDE8B04050B2704700009A
:10AF100060B3F0B581B0044600690D460FF060FAE9
:10AF2000E8B120690FF05CFAB0B10646002703E0F3
:10AF30000137B8B2B0420FD22069B9B20FF084F82D
:10AF40000028F5D0014600788006F1D5A268002AD5
:10AF5000EED028469047EBE720690FF081F80020FB
:10AF600001B0BDE8F04040B2704700BFFF2040B2E2
:10AF70007047000000284FF0FF0318BF002A01D1DE
:10AF800058B2704713789B070AD0C36863B180B585
:10AF90000846114698470023BDE8804058B27047E4
:10AFA000FF2358B2704700BF002358B2704700001B
:10AFB000B0B582B04BF2C845C0F60605002818BFF0
:10AFC0000546287820B304F0E9FF04211822012364
:10AFD00004F0EEFF044695E80F004FF0000C84E803
:10AFE0000F00698849B1182000220023CDF800C065
:10AFF000CDF804C00FF080F884466868C4F810C02B
:10B0000000280CBF002080476061204602B0B0BD20
:10B010000024204602B0B0BDFDF750BE70470000CE
:10B02000002814BF80780020704700000FF00CB893
:10B030000FF0D6B944F26031C1F2000191F86C0012
:10B04000002818BF01F1080070470000B0B500F0FB
:10B05000ADFA00F0A3FB0428014644F2603428BF97
:10B060000421C1F20004217668B3002500F09EFAA5
:10B07000E9B200F005FB227E04EB85010135954223
:10B080008860F3D3002504F11C005021C4F86D50F2
:10B09000E7F706F8012084F86C00FE200121022267
:10B0A0000023258015F01EFB606018B104F1080034
:10B0B000B0BD00BF00F0E6FD4AF61C5204A1C0F688
:10B0C000060200F019FE0020207604F10800B0BD51
:10B0D000656F5F63757272656E74735F77617463B9
:10B0E00068646F675F496E697469616C697365282C
:10B0F000293A204E554C4C206E765F636F6E747209
:10B100006F6C6C65725F707472000000002A18BF6B
:10B11000002801D1704700BF2DE9F04F81B02DED1F
:10B12000068BA2B044F26036C1F20006307E0028E1
:10B1300000F0A8809FED578A9FED579A40F238554E
:10B140009146C1F20005B6EE00AA4FF0000B0027B1
:10B1500002914DE00020CDE92000042000210026CE
:10B1600011F0A8FA1E904D48ADF87C604BA60590F2
:10B17000AC46D6E90550D6E903230490F069D6E938
:10B180000181039008A82CC006F12403D6F820E022
:10B19000CDE906810FCBADF87E70CDE90DE00398C7
:10B1A00065460C900498CDE90F120B9096F8340088
:10B1B00011938DF8480000F065FD1EAE022105AA2E
:10B1C0000023009644F26036C1F2000600F028FD2C
:10B1D00000208AF86D0000BF35F917000BF1040B51
:10B1E0008442C8BF25F81740307E013787423DD2E0
:10B1F00039F9174038462146EAF79CFE00EE104A1E
:10B2000006EB0B00B8EEC00A90ED072A20EE001AFC
:10B2100090ED173A31EE421A21EE081A90ED0B0A22
:10B2200033EE011AB5EE401AF1EE10FAB8BFB0EEE7
:10B23000491AB4EE401AF1EE10FA06EB070A80ED57
:10B24000171A03DD01208AF86D000BE09AF86D00F3
:10B250000028C1D020EE0A0AB4EE401AF1EE10FA2E
:10B260007FF778AF3846EAF7DDFBB5E73088013085
:10B2700081B2B1F5FA7F0299308003D37068018200
:10B280000020308022B0BDEC068B01B0BDE8F04F4D
:10B29000704700BF6F12833A000000004570203CE9
:10B2A000204932542F323A206E6F7720697420691A
:10B2B0007320706F737369626C6520707574206998
:10B2C0006E2069646C6520746865206D6F746F72A0
:10B2D0000000000050B344F26030C1F20000027E72
:10B2E0008A429EBFFF2040B2704700EB8100816818
:10B2F000B1F95C20B1F95E1000EE102A01EE101ACF
:10B30000B8EEC00AB8EEC11A20EE000A21EE011A0A
:10B3100080ED070A30EE410AB8EE081A20EE010A65
:10B3200080ED0B0A002040B2704700BFFE2040B203
:10B3300070470000002814BF0089002070470000FB
:10B3400040B1018831B1C1684288C08800FB021059
:10B35000704700BF00207047002804BF01207047DD
:10B3600001880089081AB0FA80F04009704700008F
:10B370002DE9F04F83B0984691460E46834604F07F
:10B380000DFE0421202201234FF0010A04F010FEDB
:10B39000054600202860A88000F074FC4DF6D647D2
:10B3A0004BF28054C0F606075946C0F606044BA27D
:10B3B0003B46BBF1000F18BF0121009400F008FCD0
:10B3C00000F060FC31464CA23B46002E18BF012124
:10B3D000009400F0FDFB0C98BBF1010FA8610D98E3
:10B3E000A5F806B0A5F80AB02E81C5E90498E86171
:10B3F00015D0BBF1020F03D14FF0020A0FE000BFDE
:10B40000BBF1040F04D84FF0040AA5F80AA006E027
:10B410000BF1070020F007004FF0080A688104F0E4
:10B42000BDFD51465A46334604F0C2FDE8604EB1B8
:10B430000746B9F1000F09D038464146C847013EDA
:10B440005F44F9D1284603B0BDE8F08F042E06F022
:10B450000300019002D2002424E000BF26F0030084
:10B460000BEB4B0A4FEA8B084FEA4B0900243E4690
:10B47000029000BFE9883046E6F7F0FDE98806EB68
:10B480000B00E6F7EBFDE98806EB0900E6F7E6FDC1
:10B49000E98806EB0A00E6F7E1FD02980434A042D1
:10B4A0004644E7D1019E002ECCD004FB0B70E98806
:10B4B000E6F7D4FD012EC5D0601C00FB0B70E988B7
:10B4C000E6F7CCFD022EBDD0A01C00FB0B70E98876
:10B4D000E6F7C4FD284603B0BDE8F08F656F5F64F2
:10B4E000657175655F4E657728293A20302069744B
:10B4F000656D5F73697A6500656F5F646571756519
:10B500005F4E657728293A20302063617061636956
:10B5100074790000E0B10188002908BF704710B5B8
:10B52000C2694AB1C1684388C48804FB0311044658
:10B530000846904721882046428803890132B2FBA1
:10B54000F3F4013904FB132201804280BDE810406E
:10B5500070470000002818BF002901D1704700BFC4
:10B56000028903889A4208BF704770B58488C288F0
:10B57000C5688369064602FB04500BB1984701E099
:10B58000E6F76EFCB08831890130B0FBF1F202FBC6
:10B5900011003188B080481C3080BDE87040704791
:10B5A000002814BF008800207047000010B544F642
:10B5B0003C34C1F200042078012803D000F01EF9C9
:10B5C0000120207044F63C30C1F2000010BD0000A4
:10B5D00044F63C30C1F2000090F88B208A4292BFC2
:10B5E000002000EB8100806F7047000044F63C3083
:10B5F000C1F2000090F884208A4292BF002000EB44
:10B60000810040687047000044F63C30C1F2000001
:10B6100090F884208A4292BF002000EB81004068AD
:10B620007047000044F63C30C1F2000090F88420DE
:10B630008A4286BF00EB810040680020002818BFC6
:10B64000F030704744F63C30C1F2000090F888209A
:10B650008A4292BF002000EB8100006F704700001B
:10B6600044F63C30C1F2000090F888208A4286BF40
:10B6700000EB8100006F0020002818BF08307047E1
:10B6800044F63C30C1F2000090F885208A4292BF17
:10B69000002000EB8100406B7047000044F63C3016
:10B6A000C1F2000090F885208A4286BF00EB81003D
:10B6B000406B0020002818BF7830704744F63C30BB
:10B6C000C1F2000090F88D208A4292BF002000EB6A
:10B6D0008100D0F88000704744F63C30C1F2000091
:10B6E00090F88C208A4292BF002000EB8100C06F4E
:10B6F0007047000044F63C30C1F2000090F886200C
:10B700008A4292BF002000EB8100406E704700002B
:10B7100044F63C30C1F2000090F887208A4292BF84
:10B72000002000EB8100C06E7047000044F63C3002
:10B73000C1F2000090F889208A4292BF002000EBFD
:10B740008100406F7047000010B544F63C34C1F2F0
:10B7500000042078012803D000F050F80120207068
:10B7600044F63C30C1F2000010BD000044F63C300D
:10B77000C1F2000090F88B007047000044F63C30A6
:10B78000C1F2000090F884007047000044F63C309D
:10B79000C1F2000090F888007047000044F63C3089
:10B7A000C1F2000090F885007047000044F63C307C
:10B7B000C1F2000090F88D007047000044F63C3064
:10B7C000C1F2000090F88C007047000044F63C3055
:10B7D000C1F2000090F886007047000044F63C304B
:10B7E000C1F2000090F887007047000044F63C303A
:10B7F000C1F2000090F889007047000070B544F66F
:10B800003C35C1F20005281D7C21E6F749FCFE20ED
:10B8100001210022002614F039FF002885F88460F9
:10B820006AD00446FE2001210022002314F05AFFB2
:10B83000012C686060D0FE2001210022012314F059
:10B8400051FF022CA86057D0FE20012100220223C4
:10B8500014F048FF032CE8604ED0FE2001210022A6
:10B86000032314F03FFF042C286145D0FE20012162
:10B870000022042314F036FF052C68613CD0FE2022
:10B8800001210022052314F02DFF062CA86133D0DE
:10B89000FE2001210022062314F024FF072CE8617A
:10B8A0002AD0FE2001210022072314F01BFF082CC0
:10B8B000286221D0FE2001210022082314F012FF6B
:10B8C000092C686218D0FE2001210022092314F0FF
:10B8D00009FF0A2CA8620FD0FE20012100220A23B2
:10B8E00014F000FF0B2CE86206D0FE20012100229C
:10B8F0000B2314F0F7FE2863FE200121012214F02F
:10B90000C5FE002885F885606AD00446FE20012126
:10B910000122002314F0E6FE012C686360D0FE20B3
:10B9200001210122012314F0DDFE022CA86357D06F
:10B93000FE2001210122022314F0D4FE032CE8632F
:10B940004ED0FE2001210122032314F0CBFE042C53
:10B95000286445D0FE2001210122042314F0C2FEF8
:10B96000052C68643CD0FE2001210122052314F03F
:10B97000B9FE062CA86433D0FE2001210122062343
:10B9800014F0B0FE072CE8642AD0FE200121012229
:10B99000072314F0A7FE082C286521D0FE200121E2
:10B9A0000122082314F09EFE092C686518D0FE20A1
:10B9B00001210122092314F095FE0A2CA8650FD05D
:10B9C000FE20012101220A2314F08CFE0B2CE865D5
:10B9D00006D0FE20012101220B2314F083FE2866ED
:10B9E000FE2003210022002614F050FE85F8866018
:10B9F00080B10446FE2003210022002314F072FED1
:10BA0000012C686606D0FE2003210022012314F0D9
:10BA100069FEA866FE200221002214F037FE85F898
:10BA2000876030B1FE2002210022002314F05AFE6C
:10BA3000E866FE200221012214F028FE002485F889
:10BA4000884030B1FE2002210122002314F04AFE7A
:10BA50002867FE200221022214F018FE85F8894092
:10BA600030B1FE2002210222002314F03BFE686761
:10BA7000FE200221032214F009FE002485F88B40E9
:10BA800030B1FE2002210322002314F02BFEA86710
:10BA9000FE200221042214F0F9FD85F88C4030B11B
:10BAA000FE2002210422002314F01CFEE867FE2081
:10BAB0000221052214F0EAFD002185F88D1038B12D
:10BAC000FE2002210522002314F00CFEC5F88000A0
:10BAD000002070BD01298FBFFF2044F63C30C1F229
:10BAE000000080F88B1098BF002040B27047000023
:10BAF0000C298FBFFF2044F63C30C1F2000080F8D3
:10BB0000841098BF002040B27047000001298FBF09
:10BB1000FF2044F63C30C1F2000080F8881098BF46
:10BB2000002040B2704700000C298FBFFF2044F670
:10BB30003C30C1F2000080F8851098BF002040B270
:10BB40007047000001298FBFFF2044F63C30C1F24E
:10BB5000000080F88D1098BF002040B270470000B0
:10BB600001298FBFFF2044F63C30C1F2000080F86D
:10BB70008C1098BF002040B27047000002298FBF90
:10BB8000FF2044F63C30C1F2000080F8861098BFD8
:10BB9000002040B27047000001298FBFFF2044F60B
:10BBA0003C30C1F2000080F8871098BF002040B2FE
:10BBB0007047000001298FBFFF2044F63C30C1F2DE
:10BBC000000080F8891098BF002040B27047000044
:10BBD000B0B582B011B102B0B0BD00BF00201546B3
:10BBE000CDE9000317F0CEFC17F0D6FC00280CBFFF
:10BBF000022017F0BFFD41F6D471C1F200010C68BC
:10BC00008DF8000034B1069B29466A460520A047FE
:10BC100002B0B0BD17F0B6FC17F0DCFCFEE7000088
:10BC200070B582B0002016460D46CDE9000317F02E
:10BC3000A9FC17F0B1FC00280CBF022017F09AFDF8
:10BC400041F6D471C1F200010C688DF800003CB1DE
:10BC5000069B6A4628463146A04702B070BD00BF29
:10BC6000052D01D202B070BD17F08CFC17F0B2FCAC
:10BC7000FEE7000041F6D470C1F2000000EBC10005
:10BC80000430704741F6D470C1F2000070470000E4
:10BC900070B582B000201E460D46CDE9000217F0B7
:10BCA00071FC17F079FC00280CBF022017F062FD30
:10BCB00041F6D471C1F200010C688DF8000024B186
:10BCC0006A46012029463346A04702B070BD0000F5
:10BCD0004BF24C51C0F60601002818BF0146096816
:10BCE00041F6D470C1F200000160704741F6D47093
:10BCF000C1F2000001607047B0B582B000200D466F
:10BD0000CDE9000217F03EFC17F046FC00280CBFFE
:10BD1000022017F02FFD41F6D471C1F200010C682A
:10BD20008DF8000024B16A46002029460023A04770
:10BD300002B0B0BD13F07EBA44F2D831C1F20001B6
:10BD40000A7D0020012A08BF01F1080070470000A9
:10BD50002DE9F04186B044F2D834C1F20004217DCF
:10BD6000012948D04BF2A057C0F60607002818BF9B
:10BD7000074697E8070004F1080307C300200025E1
:10BD800009F036FD012001214FF0010827F086FA65
:10BD90007B68E0614BF6355039787A88C0F603004D
:10BDA00044F66956CDE9023544F6896314A7C0F616
:10BDB00005060490C0F605030520CDE9006505974A
:10BDC00013F08AF8A061012001212575A57527F0DF
:10BDD00065FAC4E9080504F13C003021A56284F845
:10BDE0002C50E6F75DF900202587C4E90C5524F0B6
:10BDF000F1F884F8148004F1080006B0BDE8F08181
:10BE00006574686D6F6E69746F720000B0B586B04E
:10BE100050B344F2D835C1F20005687D00240128F2
:10BE20001ED044F6C160C0F605002C87C5E90C445D
:10BE300024F0D0F8012068750620042110F03AFCA7
:10BE4000CDE90204CDE90444FFF71CFF4DF67E6303
:10BE500002ADC0F60603042100220095FFF7E0FEC4
:10BE600060B206B0B0BD00BFFE2460B206B0B0BD87
:10BE7000F0B587B0B0B344F2D834C1F20004607DAD
:10BE800060B3D4E90C0108431DD00620032110F053
:10BE900011FC0290208F0025ADF80E00D4E90C01B2
:10BEA000ADF80C50CDE90401FFF7ECFE4DF67E63D2
:10BEB00002AFC0F60603042100220097FFF7B0FE90
:10BEC0002587C4E90C55A07D40B14AF2D011C0F6D7
:10BED0000601E069096827F091F938B1002460B2E1
:10BEE00007B0F0BDFE2460B207B0F0BDA07D002811
:10BEF00000F018810026CDE90466CDE9026611F054
:10BF00005FFD11F0E1FE4FF08055012808BF4FF0B2
:10BF1000405594F83C1094F83D00012926D14FF08B
:10BF20000007A0B90620002110F0C4FBCDE90207EC
:10BF3000CDE90475FFF7A6FE4DF67E6302AFC0F6AD
:10BF40000603042100220097FFF76AFE012794F8F8
:10BF50004800800724D5606C10B30620022110F041
:10BF6000A9FB02900021606C03910AE001284FF0C8
:10BF7000000715D10620012110F09CFBCDE9020736
:10BF80000020CDE90405FFF77DFE4DF67E6302AF8C
:10BF9000C0F60603042100220097FFF741FE0127A7
:10BFA00094F84C1094F84D00012929D1B8B9062015
:10BFB0000021002710F07EFB02904FF480300595A1
:10BFC000CDE90307FFF75EFE4DF67E6302AFC0F6D4
:10BFD0000603042100220097FFF722FE012794F8B0
:10BFE0005800800726D5606D20B30620022110F08E
:10BFF00061FB0290606D4FF4803103910BE000BF54
:10C00000012817D10620012110F054FB02904FF4B3
:10C01000803003900020CDE90405FFF733FE4DF694
:10C020007E6302AFC0F60603042100220097FFF7EB
:10C03000F7FD012794F85C1094F85D00012925D1E3
:10C04000B8B906200021002610F034FB02904FF40E
:10C0500000300595CDE90306FFF714FE4DF67E632B
:10C0600002AFC0F60603042100220097FFF7D8FDB7
:10C07000012794F86800800721D5606EF8B106208A
:10C08000022110F017FB666E06E000BF012816D1F2
:10C090000620012110F00EFB02904FF400300390B7
:10C0A000CDE90465FFF7EEFD4DF67E6302AFC0F605
:10C0B0000603042100220097FFF7B2FD012727F0B5
:10C0C00067F9D4E900232669821A61EB0303921B06
:10C0D00073F1000224D3C4E900010FBB062005213F
:10C0E00010F0E8FA94F83C1094F84C2094F85C3086
:10C0F00041EA42010290002041EA8301ADF80C00C0
:10C10000ADF80E10CDE90405FFF7BCFD4DF67E63DA
:10C1100002AFC0F60603012100220097FFF780FD61
:10C120000020A075E0690021002427F095F860B296
:10C1300007B0F0BD2DE9F04F9DB00446E0B944F6DC
:10C14000D034C1F200042078012815D04EF61450E6
:10C15000CEF20000016841F010010160016941F474
:10C16000E02101614EF20800CEF20000016841F0CA
:10C17000020101600120207000208DF8330004F1DD
:10C1800020000DF133011022FBF714FF10B11DB098
:10C19000BDE8F08FFBF70CFF9DF833000F28F6D8B1
:10C1A00094F82E006628F2D194F82450D4E9086758
:10C1B000042000214FF0000910F07CFAA04648F856
:10C1C000300FC8E90196C8F80C70FFF75BFD4DF61B
:10C1D000D8630FF2A452C0F606030421CDF8008004
:10C1E000FFF71EFD062D25D10DAD28464021E5F7B0
:10C1F00057FF236A4EF66E42C0F6060228464021DB
:10C20000E5F7B2FAFFF73EFD4DF6D863C0F6060338
:10C2100004212A46CDF80080FFF702FD94F824009F
:10C220000B282DD84EF24021C0F6060151F82030DF
:10C230002AE000BF0DAD28464021E5F731FF236A13
:10C240004EF66E42C0F6060228464021E5F78CFA0B
:10C25000FFF718FD4DF6D863C0F6060304212A4601
:10C26000CDF80080FFF7DCFC94F824000B2800F2E6
:10C270008F804EF24021C0F6060151F820308BE04D
:10C280004EF62043C0F6060394F825704EF6A842F9
:10C290000DADC0F60602284640210097E5F764FA86
:10C2A000FFF7F0FC4DF6D863C0F6060304212A46DA
:10C2B000CDF80080FFF7B4FC94F824004EF69633D6
:10C2C0000328C0F6060311D194F8250000F12001DF
:10C2D000C9B205290AD84EF27021C0F6060101EB59
:10C2E00080004FF68041CFF6FF7143584EF666420C
:10C2F0000DADC0F6060228464021E5F735FAFFF7F6
:10C30000C1FC4DF6D863C0F6060304212A46CDF8D9
:10C310000080FFF785FC44F6D030C1F2000090F8B1
:10C32000C07094F82660029790F8D07094F8275067
:10C33000049790F8E07090F84020069790F8F0701D
:10C3400090F85010089790F8007190F860B003973B
:10C3500090F8107190F870A0059790F8207190F8FF
:10C36000809090F890E090F8A03090F8B0C00797D7
:10C3700090F830710F2E09970B9663D837464EF21E
:10C380008826C0F6060656F827600A965FE000BFCA
:10C390004EF62043C0F6060394F825704EF6A842E8
:10C3A0000DADC0F60602284640210097E5F7DCF9FE
:10C3B000FFF768FC4DF6D863C0F6060304212A4651
:10C3C000CDF80080FFF72CFC94F824004EF696334D
:10C3D0000328C0F6060311D194F8250000F12001CE
:10C3E000C9B205290AD84EF27021C0F6060101EB48
:10C3F00080004FF68041CFF6FF7143584EF66642FB
:10C400000DADC0F6060228464021E5F7ADF9FFF76D
:10C4100039FC4DF6D863C0F6060304212A46CDF850
:10C420000080FFF7FDFB94F8265094F827900F2D1D
:10C4300000F2A4804EF28820C0F6060050F82530A5
:10C44000A0E000BF4EF66057C0F606070A97AA4262
:10C450004FF0000208BF00F14102A94208BF00F1FD
:10C460005102AB4508BF00F16102AA4508BF00F1C7
:10C470007102A94508BF00F18102AE4508BF00F175
:10C480009102AB4208BF00F1A102AC4508BF00F128
:10C49000B10202994EF67B37A94208BF00F1C102F2
:10C4A0000499C0F60607A94208BF00F1D102069917
:10C4B0000DAEA94208BF00F1E1020899A94208BFE8
:10C4C00000F1F1020399A94208BF00F20112059997
:10C4D000A94208BF00F211120799A94208BF00F251
:10C4E00021120999A9424EF69E3108BF00F231127D
:10C4F0004EF6A430C0F60601022DC0F6060008BFB5
:10C500000146012D18BF0F46002A18BF17464EF6E8
:10C5100052420A9BC0F60602304640210097E5F7DA
:10C5200023F9FFF7AFFB4DF6D869C0F606090421E1
:10C5300032464B46CDF80080FFF772FB4EF6BE3216
:10C540000B9BC0F60602304640210095E5F70CF93A
:10C55000FFF798FB042132464B46CDF80080FFF7E9
:10C560005FFBA36A8BA230464021E5F7FDF8FFF799
:10C5700089FB042132464B462DE000BF4EF6605346
:10C58000C0F606034EF652420DAE04F12807C0F67F
:10C590000602304640210097E5F7E6F8FFF772FB08
:10C5A0004DF6D867C0F60607042132463B46CDF863
:10C5B0000080FFF735FB4EF6BE32C0F6060230466D
:10C5C00040212B46CDF80090E5F7CEF8FFF75AFB57
:10C5D000042132463B46CDF80080FFF721FBD4E929
:10C5E000085604200021002710F064F844F8300FAA
:10C5F000C4E90175E660FFF745FB4DF6D86368A214
:10C60000C0F6060304210094FFF70AFB0DA84021A1
:10C61000E5F746FD4FF080500178662940F09280A2
:10C620000827C1F200073B6A7E6A4EF60B520DAD39
:10C63000C0F60602284640210096E5F795F8FFF778
:10C6400021FB4DF6D868C0F6060804212A46434669
:10C650000094FFF7E5FABB6AFE6A4EF64452C0F654
:10C660000602284640210096E5F77EF8FFF70AFB10
:10C6700004212A4643460094FFF7D2FA3B6B7E6BB7
:10C680004EF6EE42C0F60602284640210096E5F737
:10C690006BF8FFF7F7FA04212A4643460094FFF7A8
:10C6A000BFFABB6BFE6B4EF62852C0F60602284658
:10C6B00040210096E5F758F8FFF7E4FA04212A46EE
:10C6C00043460094FFF7ACFA3B687E684EF6BE42E4
:10C6D000C0F60602284640210096E5F745F8FFF728
:10C6E000D1FA04212A4643460094FFF799FABB6821
:10C6F000FE684EF6D642C0F6060228464021009655
:10C70000E5F732F8FFF7BEFA04212A4643460094C3
:10C71000FFF786FA3B697E692CA2284640210096E5
:10C72000E5F722F8FFF7AEFA04212A4643460094C3
:10C73000FFF776FABB69FF692BA2284640210097D4
:10C7400004E000BF037819A20DA84021E5F70CF81A
:10C75000FFF798FA4DF6D863C0F606030DAA042138
:10C760000094FFF75DFA4FF080504821E5F798FC00
:10C770001DB0BDE8F08F00BF52455354415254459F
:10C780004420616674657220464154414C206572B4
:10C79000726F7200434653522030782578000000B3
:10C7A0004D4F524520494E464F0000006D70752098
:10C7B000737461746520696E76616C696420736955
:10C7C000676E203D20307825303878007231322075
:10C7D0003D20307825303878206C72203D2030782C
:10C7E00025303878000000007063203D2030782527
:10C7F00030387820707372203D20307825303878BA
:10C800000000000044F6D030C1F200000430704750
:10C8100044F6D030C1F200000178012918BF002091
:10C820007047000044F6D030C1F2000001780129C1
:10C8300008BF70474EF61451CEF200010A6842F06C
:10C8400010020A600A6942F4E0220A614EF208010D
:10C85000CEF200010A6842F002020A600121017072
:10C860007047000070B544F6D035C1F20005687815
:10C870000F2888BF70BD05F14006144606EB001274
:10C880000846114626F06FFE68784EF64B2206EBFE
:10C8900000100130C0F606020F212346E4F764FFC2
:10C8A00068780130687070BD2DE9F04782B00C46A1
:10C8B00044F6D037C1F20007002908BF3C1D257897
:10C8C0004EF62858CEF2000825F042FF25F0FEFE75
:10C8D000062D05462AD140F22820C1F20000D0E9F9
:10C8E000006926F045FAA6FB002109FB001110465D
:10C8F0004FF47A7200230026E4F7A8FE386120780E
:10C900007E75387522F0E2FCB875FD75D8F8000028
:10C910000190019838760198000A78760198000C09
:10C92000B8760198000EF8769BE000BF97F84010AB
:10C9300097F85020002097F8603097F87060A9426F
:10C9400008BF07F14100AA4208BF07F15100AB42FE
:10C9500008BF07F1610097F88010AE4208BF07F1E9
:10C960007100A94297F8901008BF07F18100A94211
:10C9700097F8A01008BF07F19100A94297F8B010EE
:10C9800008BF07F1A100A94297F8C01008BF07F13E
:10C99000B100A94297F8D01008BF07F1C100A94221
:10C9A00097F8E01008BF07F1D100A94297F8F010FE
:10C9B00008BF07F1E100A94297F8001108BF07F18D
:10C9C000F100A94297F8101108BF07F20110A9421F
:10C9D00097F8201108BF07F21110A94297F83011FB
:10C9E00008BF07F22110A9424EF6A4314EF69E323E
:10C9F000C0F60601C0F6060208BF07F23110022D8C
:10CA000008BF0A464EF67B3640F22821C0F60606DD
:10CA1000C1F20001012D18BF1646D1E9009A002885
:10CA200018BF064626F0A4F9A9FB00210AFB001155
:10CA300010464FF47A720023E4F708FE386120783C
:10CA400038756078787522F041FC4EF64B22B87547
:10CA500007F11800C0F6060206213346FD75E4F71B
:10CA600083FE6622BA770820A1684FF08053C1F296
:10CA700000001A700022012300F8072C00F8063C81
:10CA8000022300F8053C40F8042C89B10A680260D2
:10CA90004A6842608A688260CA68C2600A69026144
:10CAA0004A6942618A698261C969C16108E000BF5F
:10CAB000C261826142610261C26082604260026062
:10CAC00058F8241C016258F8041C4162D8F8001080
:10CAD0008162D8F80410C162D8F808100163D8F850
:10CAE0000C104163D8F810108163D8F81410C1639A
:10CAF00007F110001021FBF75FFA02B0BDE8F04724
:10CB0000FBF768BA70B1B0B50C46416871B1054623
:10CB10000846114616F08EFC90B1FD20BDE8B040ED
:10CB200040B27047FE2040B2704700BF0068FEF779
:10CB300001FC20800020BDE8B04040B2704700BF3B
:10CB40002868FEF7F7FB69682080084616F064FC49
:10CB50000020BDE8B04040B270470000B0B50C46C0
:10CB600000284FF0FE0118BF002C01D148B2B0BD23
:10CB7000416849B105460846114616F05BFC48B1CC
:10CB8000FD2148B2B0BD00BF0068FEF7D9FB2060B0
:10CB900008E000BF2868FEF7D3FB2060686816F045
:10CBA0003BFC20680021002808BF6FF0040148B258
:10CBB000B0BD00002DE9F04F83B0DDF834A09846F9
:10CBC00091460E46074603F0E9F9042108220123A5
:10CBD00003F0EEF90446FFF755F84DF6DE454BF24B
:10CBE000805BC0F606053946C0F6060B12A22B463E
:10CBF000002F18BF0121CDF800B0FEF7E9FFFFF7C5
:10CC000041F8314613A22B46002E18BF0121CDF862
:10CC100000B0FEF7DDFF38460C9F31464A464346DA
:10CC2000CDE9007AFEF7A4FB0E9A01462046C4E93E
:10CC3000001203B0BDE8F08F656F5F6669666F5FD5
:10CC40004E657728293A2030206974656D5F7369D5
:10CC50007A650000656F5F6669666F5F4E6577286D
:10CC6000293A2030206361706163697479000000A3
:10CC7000B0B558B1044640680D4658B1114616F09B
:10CC8000D9FB78B1FD2568B2B0BD00BFFE2568B202
:10CC9000B0BD00BF2068FEF75FFB68B1FA2568B23F
:10CCA000B0BD00BF2068FEF757FB68B1FA25606889
:10CCB00016F0B2FB68B2B0BD20682946FEF74AFC08
:10CCC000002568B2B0BD00BF20682946FEF742FCCF
:10CCD0000025606816F0A0FB68B2B0BD60B110B569
:10CCE00042686AB10446104616F0A4FB80B1FD20EC
:10CCF000BDE8104040B27047FE2040B2704700BF10
:10CD00000068FEF707FC0020BDE8104040B2704705
:10CD10002068FEF7FFFB606816F07EFB0020BDE890
:10CD2000104040B270470000B0B50C4650B14168A9
:10CD300071B105460846114616F07CFB80B1FD2016
:10CD400040B2B0BD00202080FE2040B2B0BD00BF88
:10CD50000068FEF725FC2080002040B2B0BD00BF77
:10CD60002868FEF71DFC69682080084616F054FB11
:10CD7000002040B2B0BD000044F60000C1F2000047
:10CD8000017801291CBF01210170704700284FF074
:10CD9000FE0058D02DE9F0470D46002951D01C4621
:10CDA000002B4ED0DDF82080B8F1000F49D0687814
:10CDB000164607F0FDFCB0B1284607F0A5FC012897
:10CDC00004D1688807F09AFC074600E0002728781D
:10CDD00000F0080A00F0040907EB5A0000EB4900D4
:10CDE0000830B04202D9FF202BE000BFD5E9000196
:10CDF00020604FF008006160A8F8000057B1A968F2
:10CE000004F108003A46E5F72BF8B8F8000038447A
:10CE1000A8F80000BAF1000F05D0E96882B204302A
:10CE2000A150A8F80000B9F1000F09D0D5E904120B
:10CE300083B214FA80F70830E1507A60A8F8000055
:10CE40000020BDE8F04740B270470000002800F025
:10CE500073802DE9F0438BB04778002F00F0B1804C
:10CE6000C778002F00F0AD8090F8AC71002F00F073
:10CE7000A880814602201C460E4617468DF81C00ED
:10CE80000FF0EAFC07A90FF0D5FC9DF81C0000216B
:10CE9000012840F09780D9F8A402D6F800800A91C2
:10CEA000CDE9081107910DF01BF9012829D10720C0
:10CEB00000210FF0FFFB02903068B1796FF31F3053
:10CEC00040EA0130ADF80E0030463546FDF7B2FEBF
:10CED00005913178049008098DF80D000220002F8B
:10CEE00008BF01208DF80C00FEF7CCFE02AD032137
:10CEF000002200230095FEF793FE4846012100F032
:10CF000017FCA11E0C29BC4662D82046DFE801F0C0
:10CF10001818186060080808088808088E0000BF04
:10CF2000327AF37AB17A8DF81F201F020E230F2573
:10CF30000C240D220BE000BFFE2148B2704700BF59
:10CF4000727A317A17020C230D250A240B223943F9
:10CF5000B25C375DADF8261047EA0221725DF35CE2
:10CF6000ADF8281043EA02210D28ADF82A102FD879
:10CF70000121814043F69C72114229D05FFA88F169
:10CF80000D090CF00104C8F3031141EA04168DF8F1
:10CF90001D0016F0F7FA16F005FB4FF47A72002325
:10CFA000E4F754FB0890D9F8A40207A98DF81C6097
:10CFB0000DF0E6F909EB440000F537702946FDF75E
:10CFC00035FF00210BB0BDE8F04348B2704700BF09
:10CFD00007200121344665460FF06CFB0290306853
:10CFE000B1796FF31F3040EA0130ADF80E003046E2
:10CFF000FDF720FE05913178049008098DF80D00A9
:10D000000220002D08BF01208DF80C00FEF73AFE2B
:10D0100002AF0321002200230097FEF701FED0E7B4
:10D02000D6E90212CDE90912A8E700BF317A727A77
:10D03000B37AF77A8DF81F1002F0030163F38301CE
:10D0400067F305118DF81E1098E700002DE9F04FE9
:10D050008BB000284FF0FE0618BF002904D170B233
:10D060000BB0BDE8F08F00BF0446087808286BD1EC
:10D0700060780D46012802D1204600F0C7F9FEF77E
:10D0800095FA0121FEF726FDFEF790FAFEF76EFBFA
:10D0900000285FD0FEF78AFA00210026FEF798FAF2
:10D0A000C4F8A80204F1140029464FF4AC72E4F766
:10D0B0005EFFD5E901C1D5E90323D5E90507C4E938
:10D0C000AE23C4E9B007C4E9ACC1D5E90702696A77
:10D0D000C4E9B202D4F8D402C4F8D01205F1280190
:10D0E0008422E4F7BDFE94F8E702002800F02F81C7
:10D0F00094F8E50204F52C750028C4F8D862C4F849
:10D10000DC62C4F8E06273D004F53676002705E0EF
:10D11000013794F8E502F9B2814223D2D4F8D4025F
:10D12000F9B2FBF7CBFD0028F2D0417801F0030003
:10D130000128EDD1C1F3800006EB4000C1F3C3012B
:10D14000FDF77CFEE4E700BFFF2670B20BB0BDE840
:10D15000F08F00BF00206070FF2670B20BB0BDE8FA
:10D16000F08F00BF00210A914BF24041C0F606014A
:10D1700091E88C0001F10C0E9EE84050D1E9068147
:10D180000DF1080989E88C0005AA002882E84050C2
:10D19000CDF82080099140D000260DF128080DF12E
:10D1A000080905E0013694F8E502F1B2814234D273
:10D1B000D4F8D402F1B2FBF781FD0028F2D0417817
:10D1C00001F00302012AEDD1C1F3800248EA4202D4
:10D1D000C1F3C30107461046FDF730FE7878397871
:10D1E000C0F38002C0F3C30009EB02121154D9E767
:10D1F00000200A904BF24040C0F6060090E88E00F6
:10D2000000F1100E9EE84050C0690DF1080888E852
:10D210008E0006A981E84050099044F2FE0001907A
:10D220004020012702AE0DF104094FF0000B0DF173
:10D23000020AADF8020024E0017940798DF8061069
:10D240009DF805108DF8070001F0E00040EA470165
:10D25000D4F890018DF8051049460DF091F89DF82D
:10D260000200514600F0E00040EA47008DF802005D
:10D27000D4F894018DF803B00DF082F801370F2F28
:10D2800012D0BDF82800F9B2FDF7CCFD0128F5D188
:10D29000F15D28468DF804100DF026FA0028CBD158
:10D2A00000210020CAE700BF11270DF104094FF04B
:10D2B000000B0DF1020A26E0017940798DF8061085
:10D2C0009DF805108DF8070001F0E00040EA4800E5
:10D2D000411CD4F890018DF8051049460DF050F826
:10D2E0009DF80200514600F0E00040EA480001309D
:10D2F0008DF80200D4F894018DF803B00DF040F8D9
:10D3000001371F2F14D0BDF82A00A7F110085FFACB
:10D3100088F1FDF787FD0128F2D1F15D28468DF8EF
:10D3200004100DF0E1F90028C6D100210020C5E766
:10D33000FCF7EAFCD4F89011FCF786FEFCF7E4FC5D
:10D34000D4F8943102210322FCF728F90026204664
:10D350004FF0FF3117F0B6FD01206070042084F813
:10D36000AC61207307F03EFE227B042107F028FE0B
:10D3700070B20BB0BDE8F08F10B586B0044600283F
:10D380004FF0FE0018BF002902D140B206B010BD18
:10D390006078B0B308784968052884F8B001C4F80B
:10D3A000B41101D2052102E0C92824D3C82184F890
:10D3B000B01141EA00200021CDE90211ADF80E00C4
:10D3C000CDE90411052028210FF074F90290032003
:10D3D00084F88801FEF756FC94F888114DF6A46392
:10D3E0000DF1080CC0F606030022CDF800C0FEF7D0
:10D3F00017FCD4F8B411204617F064FD012084F81E
:10D40000AC01002040B206B010BD0000002863D07F
:10D41000B0B504464078002850D0E078012804D107
:10D42000204600F043F9607848B1D4F8AC0245F2E8
:10D430005512C0F605020021002307F017FDFCF786
:10D4400063FCD4F8943102210322FCF76BF9FCF75A
:10D450005BFCD4F89011FCF751FEFEF7A7F8002111
:10D460000025FEF737FBD4F8D402C4F8A852FBF726
:10D47000A3FCD4F8A4020CF0F3FD04F114004FF463
:10D48000AC71E4F70DFED4F89001FF2121750CF08A
:10D49000E7FDD4F894010CF0E3FDD4F89801FBF714
:10D4A0008BFCD4F870010BF053FDC4F8B45184F830
:10D4B000E752A4F8E5526570C4F8AC51012020731E
:10D4C00007F090FD227B042107F07AFD0020BDE8E3
:10D4D000B04040B2704700BFFE2040B2704700002D
:10D4E00041F2C810C1F200000178012918BF0020E4
:10D4F00070470000F0B583B041F2C814C1F20004D7
:10D500002078012871D0FF202075002504200F21EC
:10D5100000220023CDE9005504260CF0EDFDC4F8EF
:10D52000900102200F2100220023009501950CF0AC
:10D53000E3FDC4F8940106200A210022FBF7EAFB70
:10D54000C4F898014FF0FF30C4F88E024FF6FF7018
:10D55000A4F89202012004210022C4F8C851C4F8A2
:10D56000B85184F8CC51C4F8AC51C4E9B655C4F8EC
:10D57000E052C4F8A8520127FBF7CCFBC4F8AC0278
:10D5800004F52C702421E4F78BFD202004210022D7
:10D59000FBF7C0FBC4F8D4023220C4E96C051020AC
:10D5A000202100220023009501950CF0A5FDC4F870
:10D5B000A402002002F0B4FF0BF0D4FBC4F8700109
:10D5C0000520202184F88861A4F87C510FF072F8BE
:10D5D000C4F878012780E570C4F8E452277307F097
:10D5E00001FD227B042107F0EBFC41F2C810C1F2DF
:10D5F000000003B0F0BD0000B0B582B0F0B1044649
:10D60000FEF740FB94F8881104F5BC724DF6A46354
:10D610000092C0F6060300220025FEF701FBD4F8B5
:10D6200078010FF02FF82B2804D1FBF7F7FCFBF75C
:10D6300031FE002568B202B0B0BD00BFFE2568B261
:10D6400002B0B0BD50B1134642785AB1D0F8AC0226
:10D6500045F25512C0F6050207F008BCFE2040B2A4
:10D66000704700BF002040B27047000040B14178D1
:10D6700011B1C178012907D1002040B2704700BF25
:10D68000FE2040B2704700BF10B50121C1700621D5
:10D690000173044607F0A6FC227B042107F090FCEE
:10D6A0000020BDE8104040B270470000B0B5D8B3CC
:10D6B0004178A9B3C17899B390F8AC11F9B190F859
:10D6C000E71299B190F8B02100210446002517F027
:10D6D000D9FC94F8B0212046002117F045FD2046E2
:10D6E00084F8E452C4E9B655C4F8E05290F8E61262
:10D6F00029B1044602F00AFF02F0A6FF20460024EA
:10D700000421C4700173054607F06CFC2A7B0421D8
:10D7100007F056FCD5F8A4020CF0A2FC60B2B0BD34
:10D72000002460B2B0BD00BFFE2460B2B0BD0000F6
:10D73000F0B58BB0002800F09180044640780028B6
:10D7400000F0BA80E078002800F0B68094F8AC01D0
:10D75000002800F0B18094F8E402012835D1D4F813
:10D76000E002421CB0F57A7FC4F8E0222DD9B4F86B
:10D77000DC02B4F8DE2250EA020321D04FF4802309
:10D7800042EA004240F3C03007930023CDE908206D
:10D7900000200D46392106930EF08CFF06900320E1
:10D7A00084F88801FEF76EFA94F888114DF6A463A8
:10D7B00006AFC0F6060300220097FEF731FA2946AD
:10D7C000D4F8D8020022C4E9B70200294FF00006BD
:10D7D00045D0D4F8A80200F108052846FBF7ECFA7A
:10D7E0000896CDE906668DF81760CDE90366CDE9A8
:10D7F000016602F08BFE4CF21011C0F606010A68B9
:10D8000001A90DF11703009602F044FE50B3D4F8BD
:10D81000A4020CF055FC00284ED1D4F8A4020CF060
:10D82000DFFD07462846FBF75DFA0646F8B2B04230
:10D8300038BF064616B93FE0013E3DD0D4F8A402F9
:10D840000CF046FC0028F7D001462846FBF794FA76
:10D85000D4F8A4020CF066FDEEE700BFFE2670B21D
:10D860000BB0F0BD029944F6D3529DF81700C1F2F7
:10D870006202A1FB02120146002818BF012104EB3D
:10D88000410191F88E1200288DF818104FF0050113
:10D890004FF0000008BF06218DF81A0004988DF89B
:10D8A00019109109BDF80E200791099006A9284684
:10D8B000ADF82220FBF760FA002670B20BB0F0BD85
:10D8C0002DE9F04F85B000284AD004464078002862
:10D8D00000F0BB80E078002800F0B78094F8AC013D
:10D8E000002800F0B280012940F09280B4F8C8010D
:10D8F00038B9B4F8CA0120B994F8CC01002800F076
:10D90000A480D4F8B401002800F09F8094F8CC01E2
:10D910000021FDF77BF9012809D102F0F7FD04F59C
:10D92000257102F09FFD02F0F1FD02F05BFE94F81C
:10D93000E7020026A8B14FF48030029004F5D270BF
:10D94000019043F202400DF108094FF001084FF039
:10D95000400B0396A4F8A401C4F8A89119E000BFF5
:10D96000FE2670B205B0BDE8F08F00BF0BF0E100FD
:10D9700000EB480BFCF730FD2AF0FF0141EA0B0AEF
:10D9800001995246FCF75EFFB8F10E0F08F101084D
:10D9900060D2B4F8C8015FFA88F52946FDF742FA6B
:10D9A000B4F8C411074608462946FDF73BFA012F93
:10D9B00008BF0128E8D148460F21ADF80860FDF7FF
:10D9C0003DFA94F8E5020028D0D0002506E000BF1B
:10D9D000013594F8E502E9B28142C7D2D4F8D40205
:10D9E000E9B2FBF76BF90028F2D0417801F00702A9
:10D9F000012AEDD1C1F3C3014145E9D180780CF092
:10DA000067FE1028E4D001464846FDF717FADFE725
:10DA100094F8E70290B194F8B02120460021002547
:10DA200017F030FB94F8B0212046002117F09CFB42
:10DA300084F8E452C4E9B655C4F8E05294F8E6021A
:10DA400018B102F063FD02F0FFFD002670B205B0D0
:10DA5000BDE8F08F4BF0010B01264FF000080DF1EF
:10DA6000080911E00BF0E10000EB460BFCF7B4FCF9
:10DA70002AF0FF0141EA0B0A01995246FCF7E2FE47
:10DA80000E2E06F101063DD2B4F8CA01F5B22946C0
:10DA9000FDF7C8F9B4F8C611074608462946FDF750
:10DAA000C1F9012F08BF0128EAD148460F21ADF87E
:10DAB0000880FDF7C3F994F8E5020028D2D00025CC
:10DAC00006E000BF013594F8E502E9B28142C9D20F
:10DAD000D4F8D402E9B2FBF7F1F80028F2D041788B
:10DAE00001F00702052AEDD1C1F3C301B142E9D12A
:10DAF00080780CF0EDFD1028E4D001464846FDF793
:10DB00009DF9DFE794F8B02120460121012517F0A7
:10DB1000B9FA94F8B0212046012117F025FBD4F87A
:10DB2000C801002684F8E452C4E9B600C4F8E062F3
:10DB300070B205B0BDE8F08F2DE9F04F93B092467A
:10DB40000446002864D00E46002961D030780828A9
:10DB500040F0808060781D46012802D12046FFF702
:10DB600055FC0220207307F03DFA227B042107F0C8
:10DB700027FAD4F870010BF0EBF9C4E901A4A57001
:10DB8000371DAFCF04F52C7C8CE8AF00D6E9070237
:10DB9000716AC4E9B202D4F8D402C4F8D01206F112
:10DBA00028018422E4F75CF9D4F8D402002184F837
:10DBB000E712A4F8E512FBF72DF9002884F8E50236
:10DBC00048D004F52C7800250BE000BF94F8E7025C
:10DBD000013084F8E702013594F8E502E9B28142A8
:10DBE00034D2D4F8D402E9B2FBF768F80028F2D0B6
:10DBF000407800F00300012818BF0328E6D002286F
:10DC0000E9D194F8E602013084F8E602E3E700BFC8
:10DC10000520207307F0E6F9227B042107F0D0F9F4
:10DC2000BAF1000F0AD020460021D0474FF0FE0B7A
:10DC30004FFA8BF013B0BDE8F08F00BF4FF0FE0B32
:10DC40004FFA8BF013B0BDE8F08F00BF2138C0B29F
:10DC5000DF2815D80520207307F0C4F9227B0421A2
:10DC600007F0AEF9BAF1000F00F00982204600215A
:10DC7000D0474FF0FF0B4FFA8BF013B0BDE8F08F99
:10DC800094F8E602CDF81C80002845D04FF0000B38
:10DC90004FF001084FF000090025CDE910BB05E069
:10DCA000013594F8E502E9B281422BD2D4F8D402CE
:10DCB000EFB23946FBF702F80028F1D0417801F0C5
:10DCC00003010229ECD18178062909D100782028A6
:10DCD00006D102F01BFC002102F07CFC0128DFD001
:10DCE00010A83946FDF77CF8013594F8E512E8B242
:10DCF00009F101094FF0FF0B88424FF00008D5D31E
:10DD000030E000BF5FEAC8702CD094F8E702DDF87D
:10DD10001C80002800F04A81D4F89801FBF74CF8E9
:10DD200094F8E502002100281091CDE9046A77D02B
:10DD30000025002706E000BF013794F8E502F9B29C
:10DD400081420BD2D4F8D402F9B2FAF7B7FF002817
:10DD5000F2D00078202808BF0125EDE7B5FA85F05C
:10DD600040095EE000205FFA89F104F5BC75A4F873
:10DD70007C01A4F87E11C4E96000CDE90E00CDE974
:10DD80000C00CDE90A00CDE9080015F0FFF815F008
:10DD900007F945F2795108AE0346C0F60501304651
:10DDA0002246FAF73DFC0520272105270EF082FCCC
:10DDB000C4F87801042084F88801FDF763FF94F823
:10DDC00088114DF6A463C0F6060300220095FDF706
:10DDD00027FFD4F8741179B14CF2F002C0F60602B4
:10DDE000D4F87001D2E90023FF2584F88951012578
:10DDF0008DE862000BF02AF8277307F0F3F8227B16
:10DE0000042107F0DDF86268002A3FF411AF2046D4
:10DE1000002190474FFA8BF013B0BDE8F08F00BFA0
:10DE2000012006900CF08EFC00286BD008A8851D00
:10DE30004FF0000B4FF0000908E000BF09F10109A5
:10DE40005FFA89F60CF07EFC86425BD25FFA89F0BD
:10DE5000ADF828B0CDE908BB0CF06AFC0746404697
:10DE600039460CF041FC0028E8D081880068ADF804
:10DE7000241094F8E51208900029CDF826B0DDD0E2
:10DE80004FF0000A4FF0000808E000BF0AF1010A55
:10DE900094F8E5025FFA8AF1814227D2D4F8D402DD
:10DEA0005FFA8AF1FAF70AFF0028EFD0417801F013
:10DEB0000302012AEAD102789742E7D1C1F3800236
:10DEC00005EB4202C1F3C30106461046FCF7B6FF5C
:10DED000717810AAC1F3800042EA4000C1F3C30187
:10DEE000FCF7ACFF4FF00108D0E700BFB8F1010F1D
:10DEF000DDF81C80A2D1D4F8980108A9FAF73CFFFC
:10DF00009CE700BF069828B1D4F89801FAF782FF81
:10DF100000285FD0BDF84000FCF798FFBDF8421024
:10DF200007460846FCF792FF3844C1B2102925D3B2
:10DF30000002109A0F300021A4F87E01D01704F5DA
:10DF4000BC75A4F87C11C4E96020CDE90E11CDE9BF
:10DF50000C11CDE90A11CDE9081115F017F815F0EB
:10DF60001FF845F2795108AE0346C0F60501304668
:10DF70002246FAF755FB05202A214DE045F2AD3047
:10DF80000499C0F6050004F5CE75C4E96701FBF7F6
:10DF900045F8D4F898112A46FBF794F94FF0000B96
:10DFA0004FFA8BF013B0BDE8F08F00BFA0780128C6
:10DFB00003D120463146FFF749F8626812B1204686
:10DFC000012190474FF0000B4FFA8BF013B0BDE8E2
:10DFD000F08F00BF4FF48030002204F5BE7304F5CB
:10DFE000BC7594F8E51207C3CDE90E22CDE90C22E9
:10DFF000CDE90A22CDE9082214F0C8FF14F0D0FFC1
:10E0000045F2795108AE0346C0F605013046224676
:10E01000FAF706FB05202C2105270EF04BFBC4F870
:10E020007801042084F88801FDF72CFE94F888110B
:10E030004DF6A463C0F6060300220095FDF7F0FD3F
:10E04000D4F8741179B14CF2F002C0F60602D4F89B
:10E050007001D2E90023FF2584F8895101258DE85C
:10E0600062000AF0F3FE277306F0BCFF227B042156
:10E0700006F0A6FF059A12B12046002190474FF006
:10E08000FF0B4FFA8BF013B0BDE8F08F44F65851F8
:10E09000C1F200010868002818BF08467047000058
:10E0A000F0B583B044F65855C1F20005296829B18E
:10E0B00044F65850C1F2000003B0F0BD4BF2AC542E
:10E0C000C0F60604002818BF04462088002800F087
:10E0D0009F806068002800F0AE80218800264820DC
:10E0E00000220023009601960CF006F8286001F04B
:10E0F00055FF00214822012301F05AFF686001F01A
:10E100004DFF00214822012301F052FF6168C5E95B
:10E11000020108460BF008F9044603F081FF28616C
:10E12000002002210022032311F0C8F92A690146C8
:10E13000204604F013FA03F073FF68610020022107
:10E1400000220423042711F0B9F96A690146204628
:10E1500004F004FA68684821E3F7A2FF00201321C5
:10E160000EF0A8FA69684CF2141288608889C0F62B
:10E170000602147840F00300CE810E614E61888162
:10E18000204604211822182606F098FAE884204632
:10E190000421482206F092FAA88401F0FFFEAA8C1E
:10E1A0000021012301F004FF00F10801C5E9060088
:10E1B00029620178002201F0FC010170E869042362
:10E1C000017801F0FB010170E869017801F0F701C5
:10E1D0000170E869017801F0EF010170E8690178E8
:10E1E00001F0DF010170E869017801F03F01017081
:10E1F000E86902214770002011F060F9E969486080
:10E200004E8044F65850C1F2000003B0F0BD00BF8C
:10E21000FDF738FD4BF280574DF61F73C0F6060729
:10E220000DA2C0F6060305210097FDF7F9FC606812
:10E2300000287FF452AFFDF725FD4BF280574DF6D5
:10E240001F73C0F6060710A2C0F60603052100974B
:10E25000FDF7E6FC41E700BF656F5F696E666F64BE
:10E260006973706174636865725F496E697469612E
:10E270006C69736528293A2030206366672D3E63F8
:10E280006170616369747900656F5F696E666F6460
:10E290006973706174636865725F496E69746961FE
:10E2A0006C69736528293A204E554C4C206366678B
:10E2B0002D3E7472616E736D697474657200000036
:10E2C00000284FF0FE0018BF002901D140B270476E
:10E2D00070B544F65855C1F2000528680C4616463C
:10E2E0000BF0FEFE012813D16A68D2E90001084351
:10E2F00006D115F047F915F055F96A68C2E9000131
:10E30000D0890130D081FF20BDE8704040B2704715
:10E3100015F038F915F046F9AA68C2E90001E0687D
:10E3200061685061A06823681061C2E90231AC687D
:10E330002EB1314604F118003022E3F791FD286830
:10E3400021460CF01DF80020BDE8704040B2704737
:10E350002DE9F04F83B0914630B344F65854C1F2E2
:10E360000004656806468A46D5E9000198460843D8
:10E3700026D0206929460122002303F06DFEA889DA
:10E38000E16910F4406F21D0206948224A8003F0EF
:10E390001DFED4E907215060084629464822E3F7CC
:10E3A0005FFD242020E000BFB9F1000F4FF0FE0018
:10E3B00002D00027A9F8007040B203B0BDE8F08F8A
:10E3C0000027BAF1000F22D16CE000BF606918226B
:10E3D0004A8003F0FBFDD4E9072150600846294636
:10E3E0001822E3F73DFD2620325AF068B1690BF0A0
:10E3F000B7F908B100275DE0706800210127C0E986
:10E400000011C181C0E90411BAF1000F4AD0CDF862
:10E41000088007EB0A004FF0000B4FF0480801900E
:10E4200020680BF055FED8B3054620692946012225
:10E43000002303F011FEA889E16910F4406F0FD0AA
:10E440002069A1F8028003F0C1FDD4E907215060E2
:10E45000084629464822E3F703FD24200EE000BFCA
:10E46000606918224A8003F0B1FDD4E907215060A9
:10E47000084629461822E3F7F3FC2620325AF068B2
:10E48000B1690BF06DF958B920680BF04BFF0BF137
:10E49000010B1FFA8BF0504507F10107C0D3019F14
:10E4A000DDF8088020680BF09BFFB8F1000F18BF63
:10E4B000A8F800000020B9F1000F18BFA9F80070FB
:10E4C00040B203B0BDE8F08F42F29C00C1F2000000
:10E4D00090F85A10012918BF00207047B0B542F2D9
:10E4E0009C04C1F2000494F85A1009B12046B0BD52
:10E4F0004BF2B455C0F60605002818BF054628881B
:10E50000D0B16868C0B1A868B0B1E868A0B12869A6
:10E510004FF0000C80B195E80E00D5E9030E84E8B9
:10E520000E00C4E9030EC4E90ECC2888C10705D14A
:10E530000021A1610DE000BF0020B0BD0AF012FC77
:10E540006268A061002000219047E16800208847B0
:10E550002888810702D40021E1610AE00AF002FC68
:10E560006268E061012000219047E168012088474E
:10E570002888410702D4002121620AE00AF0F2FB58
:10E5800062682062022000219047E16802208847EB
:10E590002888010702D4002161620AE00AF0E2FB48
:10E5A00062686062032000219047E1680320884789
:10E5B0002888C10602D40021A1620AE00AF0D2FB39
:10E5C0006268A062042000219047E1680420884727
:10E5D0002888810602D40021E1620AE00AF0C2FB29
:10E5E0006268E062052000219047E16805208847C5
:10E5F0002888410602D4002121630AE00AF0B2FB18
:10E6000062682063062000219047E1680620884761
:10E610002888000602D40020606309E00AF0A2FB0B
:10E6200062686063072000219047E16807208847FF
:10E630000020A4F85800F9F7E7FF0546606114F0E0
:10E64000A5FC14F0ADFC45F2D9510346C0F6050116
:10E6500028460022F9F7E4FF012084F85A002046FA
:10E66000B0BD0000002812BFFF290020704742F211
:10E670009C00C1F20000B0F85800FCF7D3BB0000CA
:10E68000F0B581B0002818BFFF2901D101B0F0BD5D
:10E6900042F29C05C1F2000505EB8104274657F8BC
:10E6A000180F0028F2D00E460AF04EFB012802D1C6
:10E6B00038680AF04DFC0020E968A06330468847BE
:10E6C00005F15800314601B0BDE8F040FCF7AEBBA3
:10E6D000F0B581B0002818BFFF2901D101B0F0BD0D
:10E6E00042F29C05C1F2000505EB8104274657F86C
:10E6F000180F0028F2D00E460AF026FB012802D19E
:10E7000038680AF025FC0020A968A06330468847D5
:10E7100005F15800314601B0BDE8F040FCF78EBB72
:10E720002DE9F04383B0002844D00C46FF2941D0A6
:10E7300042F29C09C1F2000909EB84052F4657F803
:10E74000180FB8B31E4690460AF0FEFA012802D10F
:10E7500038680AF0FDFB7000002E08BF4FF0FF3054
:10E76000D9F80810A8632046884709F158002146C7
:10E77000FCF764FBD9F8145014F008FC14F010FCFA
:10E7800045F2D9510346C0F6050128462246F9F75D
:10E7900047FF4CF2F001C0F606013868D1E90023CA
:10E7A000D9F814104FEA58070126CDE900760291F6
:10E7B0000AF04CFB03B0BDE8F083000002460028DD
:10E7C0004FF0000018BF002900D17047908905283C
:10E7D00001F1080028BF006870470000002814BF3E
:10E7E0000068002070470000002814BF4089002006
:10E7F00070470000002808BF704710B50446206825
:10E8000030B100BF204600F0F7F920680028F9D1A8
:10E81000BDE810407047000000280FBF01200089AC
:10E82000B0FA80F040097047002818BF002901D1D4
:10E83000704700BF0268002A08BF704770B51346D2
:10E840008B4211D05B6863B18B420DD05B6843B1E2
:10E850008B4209D05B6823B18B4205D05B68002BEB
:10E86000EED1BDE8704070478A4207D042688A42C4
:10E870000CD0D1E9002353601A600DE04A68002AE9
:10E880001CBF00231360026006E000BF0A68002A74
:10E890001CBF002353604260828901F10804052AED
:10E8A000224628BF2268C3692BB1054610460E4692
:10E8B00098473146284642894FF6FF739A4209D05D
:10E8C000026A0023002AC1E9003218BF1160016208
:10E8D00016E000BF05468089052806D30E4601F0E4
:10E8E0005DFB216801F02EFB31460020C1E90000EC
:10E8F00088600C4601F052FB214601F023FB2846BC
:10E90000018901390A04018104BF00214160BDE889
:10E9100070407047002808BF7047F0B581B00E46C0
:10E9200079B10768054667B1144600BFA88921463A
:10E93000052807F1080028BF0068B0477F68002F4E
:10E94000F4D101B0BDE8F04070470000002908BFD5
:10E950007047F0B581B0074678B11C466BB11546DB
:10E960000E4600BFB8892946052804F1080028BFD3
:10E970000068B0476468002CF4D101B0BDE8F040F5
:10E9800070470000F0B581B0054600284FF0000048
:10E9900024D0144612B32F6807B30E4681B100BFCE
:10E9A000A8892146052807F1080028BF0068B0475C
:10E9B00010B37F68002FF3D1002001B0F0BD00BF7D
:10E9C000AD89042D0CD900BFB86821462A46E3F76B
:10E9D000FCF988B17F680020002FF5D101B0F0BDAF
:10E9E00007F1080021462A46E3F7EFF920B17F68D6
:10E9F0000020002FF4D1F1E7384601B0F0BD00004F
:10EA000070B54FF00004E0B10D46D1B10468BCB15F
:10EA10008689042E0AD900BFA06829463246E3F74A
:10EA2000D4F970B16468002CF6D109E004F1080053
:10EA300029463246E3F7C9F918B16468002CF5D1CC
:10EA40000024204670BD000050B1016841B18089AA
:10EA5000052801F1080024BF00687047704700BF17
:10EA600000207047002804BF0120704741890089B9
:10EA7000081AB0FA80F04009704700002DE9F04F05
:10EA800081B00A9D984691468A46064601F086FA6C
:10EA900004212422012301F08BFA04460020C4E95A
:10EAA00000002081FDF7EEF84DF6E5474BF2805B64
:10EAB000C0F606073146C0F6060B3DA23B46002EC7
:10EAC00018BF0121CDF800B0FDF782F8FDF7DAF8A4
:10EAD00051463EA23B46BAF1000F18BF0121CDF8C6
:10EAE00000B0FDF775F80B98BAF1000FA4F80AA072
:10EAF000A681C4E90498A561E0611FD04FF6FF70BC
:10EB000082451FD1FDF7BEF8054601F047FA01F036
:10EB1000A1FCB0FA80F04BF290574EF250424DF605
:10EB2000E5434109C0F60607C0F60602C0F6060333
:10EB300028460097FDF74CF800202062204601B0DF
:10EB4000BDE8F08F4FF0000800250CE03846E3F7F1
:10EB500085FA206A01350028C6E9008018BF0660E2
:10EB600055452662EAD201F019FA04210C2201234C
:10EB700001F01EFAA1890646052900F108070DD308
:10EB800001F00CFAA2890421012301F011FA226993
:10EB900038605AB161699047DBE700BF2269002AFB
:10EBA000D4D0616938469047D3E700BFA189CEE74A
:10EBB000656F5F6C6973745F4E657728293A203002
:10EBC000206974656D5F73697A650000656F5F6CBD
:10EBD0006973745F4E657728293A2030206361702D
:10EBE000616369747900000000284FF000001CBFC9
:10EBF0000029486870470000002808BF704770B5BA
:10EC000005680446B5B3686805F1080600281CBF0E
:10EC1000002101602060A0890528304628BF3068A7
:10EC2000E169002918BF884760894FF6FF71884263
:10EC300008D0206A00210028C5E9001018BF05602F
:10EC4000256210E0A089052804D301F0A7F93168F6
:10EC500001F078F90020C5E90000A86001F09EF9F4
:10EC6000294601F06FF9208901380104208104BF91
:10EC700000206060BDE8704070470000002818BFA9
:10EC8000002901D1704700BFB0B5044640892289F0
:10EC900090421FD020460D4616F0D6FCD0B1A28976
:10ECA000294605460830052A28BF0068A3690BB12C
:10ECB000984701E0E3F7D4F820890022002808BF34
:10ECC0002560616801300029C5E9001218BF4D6058
:10ECD00065602081BDE8B04070470000002818BF83
:10ECE000002901D1704700BFB0B504464089228990
:10ECF00090421FD020460D4616F0A6FCD0B1A28946
:10ED0000294605460830052A28BF0068A3690BB1CB
:10ED1000984701E0E3F7A4F820890022002808BF03
:10ED20006560216801300029C5E9002118BF0D6028
:10ED300025602081BDE8B04070470000002814BF66
:10ED4000008900207047000000284FF0FE0018BF27
:10ED5000002901D140B2704710B541F2B044C1F270
:10ED60000004D4F8B001A8B1083001F10802002B6A
:10ED700019BF0721082300210723F9F75DFF207839
:10ED800001284FF0000006D1617821B1D4F8BC0110
:10ED90000BF01AFC0020BDE8104040B270470000A4
:10EDA0002DE9F04182B000284FF0FE0518BF002980
:10EDB00004D168B202B0BDE8F08100BF0A78052A2C
:10EDC00038D14278012A3BD14A7A467FCB797240CA
:10EDD00002F01E060F7AB6FA86F6760953EA0705A0
:10EDE00026EA020206D0C67E057F73406F403B4391
:10EDF00018BF00220B794F7953EA070602D18F79A9
:10EE000077B10027067E457E73406F40807E89790A
:10EE10003B434FF0000318BF1A46814218BF1A4601
:10EE20000025002A08BF4FF0FF3568B202B0BDE8E8
:10EE3000F08100BFFF2568B202B0BDE8F08100BFDD
:10EE40000C460746FCF7B2FB01214FF00108FCF726
:10EE50005DFEFCF7ABFBFCF799FC002848D0FCF703
:10EE6000A5FB00210025FCF7EDFBC7F8B00107F179
:10EE7000140021464FF4AC72E3F779F807200190B3
:10EE8000607A022666F35F10B4F807108DF805006B
:10EE9000D7F89001ADF8061001A90BF071FAFAF756
:10EEA00033FFD7F89011FBF7CFF8607A0DF102012C
:10EEB00066F35F108DF80200D7F894018DF80350C7
:10EEC0000BF05EFAFAF720FFD7F894310221012205
:10EED000FAF764FB042087F80180387306F082F8A3
:10EEE0003A7B022106F06CF868B202B0BDE8F0810E
:10EEF00000207870FF2568B202B0BDE8F081000004
:10EF000010B3B0B50446407800285CD0E078012802
:10EF100011D194F8B80170B10138010684F8B80134
:10EF200009D10020E0700420207306F05BF8227BFA
:10EF3000022106F045F894F8B80148B10020BDE878
:10EF4000B04040B2704700BFFE2040B2704700BFE3
:10EF5000607848B1D4F8B40145F2D162C0F6050238
:10EF60000021002305F082FFFAF7CEFED4F8943199
:10EF700002210122FAF7D6FBFAF7C6FED4F8901167
:10EF8000FBF7BCF8FCF712FB00210025FCF7BEFDE7
:10EF900004F114004FF4AC71C4F8B051E3F780F8F9
:10EFA000D4F89001FF2121750BF05AF8D4F89401A0
:10EFB0000BF056F8D4F89801F9F7FEFED4F870017A
:10EFC00009F0C6FF65700120207306F00BF8227B64
:10EFD000022105F0F5FF0020BDE8B04040B27047C7
:10EFE00041F2B040C1F200000178012918BF0020B1
:10EFF00070470000F0B585B041F2B044C1F20004A2
:10F00000207801285DD0022001210022FF23012564
:10F010000026FF2710F052FAC4F8AC0104200121A9
:10F02000002200232775CDE9006604270BF064F861
:10F03000C4F89001022001210022002300960196CD
:10F040000BF05AF8C4F8940101200A210022F9F7C4
:10F0500061FEC4F89801022004210022C4F8B061C6
:10F06000F9F758FEC4F8B40149F640400396ADF8EC
:10F070000C0045F63900C0F60500049048F2A06087
:10F08000C0F20100029002A884F8B8610BF072FA95
:10F09000C4F8BC0109F066FEC4F8700105201E2109
:10F0A00084F88871A4F87C610DF004FBC4F8780141
:10F0B0002580E670257305F095FF227B022105F07F
:10F0C0007FFF41F2B040C1F2000005B0F0BD00008A
:10F0D000B0B582B0F0B10446FCF7D4FD94F88811C5
:10F0E00004F5BC724DF66A630092C0F60603002276
:10F0F0000025FCF795FDD4F878010DF0C3FA0B2834
:10F1000004D1F9F78BFFFAF7C5F8002568B202B011
:10F11000B0BD00BFFE2568B202B0B0BD70B582B010
:10F12000044600284FF0FE0026D00E4621B360783A
:10F13000002840D0707804F5D2758DF8060040F6AE
:10F140000200A4F8A4010DF10600C4F8A801FBF721
:10F1500043F9D4F8AC212946FBF71CFB9DF80610B7
:10F16000D4F8BC0142F2107251430BF065FAB17849
:10F17000204600F097F818B140B202B070BD00BF51
:10F18000607831788DF80710A8B140F20270A4F8C9
:10F19000A4010DF10700C4F8A801FBF71DF9D4F88C
:10F1A000AC212946FBF7F6FA9DF80710D4F8BC010C
:10F1B00031B10BF037FA002040B202B070BD00BF91
:10F1C0000BF01CFA002040B202B070BDB0B582B0A6
:10F1D0008DF8071000B34178D1B140F60201A0F8D4
:10F1E000A4110DF1070100F5D274C0F8A81105466D
:10F1F000FBF7F2F8D5F8AC212146FBF7CBFA9DF8E6
:10F200000710D5F8BC0142F2107251430BF014FA0A
:10F21000002040B202B0B0BDFE2040B202B0B0BD8E
:10F22000B0B582B08DF80710F0B1417811B340F25B
:10F230000271A0F8A4110DF1070100F5D274C0F815
:10F24000A8110546FBF7C8F8D5F8AC212146FBF715
:10F25000A1FA9DF80710D5F8BC0149B10BF0E2F90D
:10F26000002040B202B0B0BDFE2040B202B0B0BD3E
:10F270000BF0C4F9002040B202B0B0BD50B113464B
:10F2800042785AB1D0F8B40145F2D162C0F6050215
:10F2900005F0ECBDFE2040B2704700BF002040B238
:10F2A00070470000B0B582B08DF8071010B34178F8
:10F2B00091B341F20201A0F8A4110DF1070100F58C
:10F2C000D274C0F8A8110546FBF786F8D5F8AC2132
:10F2D0002146FBF75FFAFCF769F90021FCF7C0F95A
:10F2E00060B102469DF8070060B101280CD10F24DF
:10F2F00002210BE0FE2040B202B0B0BDFF2040B2C0
:10F3000002B0B0BD0F2400E0002401212046F9F72F
:10F3100001FD2146F9F760FD002040B202B0B0BD0A
:10F3200060B1417839B1C17801290BD190F8B81199
:10F33000013180F8B811002040B27047FE2040B281
:10F34000704700BF10B5012180F8B811C1700621C7
:10F350000173044605F046FE227B022105F030FED3
:10F360000020BDE8104040B270470000B0B598B131
:10F37000417869B1C17859B190F8B81141B10139FA
:10F3800080F8B81109064FF0000409D060B2B0BD92
:10F39000002460B2B0BD00BFFE2460B2B0BD00BFAB
:10F3A0000421C4700173054605F01CFE2A7B02216E
:10F3B00005F006FE60B2B0BD0021002808BF6FF066
:10F3C000010108467047000010B582B0A0B1427834
:10F3D000B2B101294FF000040BD1C17849B1D0F886
:10F3E000B011B1F801100194ADF8051001A9FFF7B3
:10F3F00095FE60B202B010BDFE2460B202B010BD36
:10F40000002460B202B010BDF0B585B015460446C8
:10F41000002818BF002915D141F2B046C1F20006FC
:10F420000520307305F0DEFD327B022105F0C8FDBA
:10F43000002D4FD020460021A847FE2670B205B00F
:10F44000F0BD00BF0878052832D16078012845D189
:10F45000487A677FCA79784000F01E070B7AB7FABE
:10F4600087F77F0952EA030627EA000006D0E77E05
:10F47000267F7A4073401A4318BF00200A794B79DF
:10F4800052EA030702D18B7963B10023277E667E9F
:10F490007A40734094F81AC01A4318BF0020897943
:10F4A000614563D1002861D0012600277DE000BFBF
:10F4B0000520207305F096FD227B022105F080FDDA
:10F4C000002D4FD020460021A847FF2670B205B07E
:10F4D000F0BD00BFFE2670B205B0F0BD0220207363
:10F4E0000F461E4605F07EFD227B022105F068FDD9
:10F4F000D4F8700109F02CFDC4E90154A6703A79E2
:10F5000007208DF80A008DF80B20D7F805007A7ACD
:10F510000390C2F3430001230DF10A058340D4F8A0
:10F520009801A91D002602F00102049621F812306C
:10F53000F9F742FCD4F898012946F9F71DFC45F289
:10F54000E560C0F6050004F5CE75C4E96707F9F774
:10F5500065FDD4F898112A46F9F7B4FE70B205B0EB
:10F56000F0BD00BFFF2670B205B0F0BD042084F8E6
:10F570008801002605200C2104F5BC77A4F87E61E3
:10F58000C4E960660DF096F8C4F87801A4F87C61CF
:10F59000FCF778FB94F888114DF66A63C0F6060311
:10F5A00000220097FCF73CFB012715B120463146AD
:10F5B000A8477E4270B205B0F0BD0000002804BF2D
:10F5C00000207047D0F8BC010AF0A0BF2DE9F0413F
:10F5D00080B344F68058C1F2000898F8010028B3BF
:10F5E0004FF49240A8F8040098F8020008F5B671AC
:10F5F000C8F80810D0B1002608F10404002700BFA5
:10F60000F2B20120002100230FF058FF0546FAF75F
:10F61000E3FE21462A46FBF7BDF8013698F80200C2
:10F62000F1B28142ECD378B2BDE8F081002778B224
:10F63000BDE8F081FE2778B2BDE8F08160B3F0B597
:10F6400081B044F68056C1F20006707800284FF071
:10F6500000001CD000904FF49240B080B078694612
:10F66000B16098B10027341DFAB2012000210023B7
:10F670000FF024FF0546FAF7AFFE21462A46FBF7B6
:10F6800089F80137B078F9B28142EDD3002001B09A
:10F69000BDE8F04040B27047FE2040B27047000025
:10F6A000002845D02DE9F04F81B044F68056C1F2D4
:10F6B0000006707800284FF0000034D0F17801295E
:10F6C00031D0B0780021317150B300274FF04A0893
:10F6D000341D06F5B2794FF00E0A06F5B37B00BF74
:10F6E000FAB20120002100230FF0E8FE054686F85B
:10F6F0000580C6F80890FAF76FFE21462A46FBF708
:10F7000049F886F805A0C6F808B0FAF765FE214664
:10F710002A46FBF73FF80137B078F9B28142DFD3D0
:10F720000120F070002001B0BDE8F04F40B27047FA
:10F73000FE2040B27047000010B544F68050C1F280
:10F740000000837800248B4236D900EE102A90F80E
:10F75000662190F867319FED191A1A440123B8EE1B
:10F76000C00A03FA02F220EE010A01EE102AB8EEF6
:10F77000C11A80EE010A01EB410100EBC10090EDDE
:10F78000031A80EE010A10EE100A2AF0D3FCD0F121
:10F7900000424FF0FF3272EB0103B8BF0124002C8E
:10F7A00004BF4FF0004011462AF03EFC00EE100A64
:10F7B000BDEEC00A10EE104A204610BD0024744968
:10F7C00044F68050C1F2000083788B429CBF002039
:10F7D000704701EB410100EBC10100EE102A91EDF1
:10F7E000031AB8EEC00A9FED142A21EE000A80EE3B
:10F7F000020AB0F86401012101FA00F001EE100ADA
:10F80000B8EEC11A9FED0D2A20EE010A9FED0C1AE9
:10F81000B4EE420AF1EE10FAB8BFB0EE420AB4EE0E
:10F82000410AF1EE10FAB8BFB0EE401ABDEEC10ABF
:10F8300010EE100A704700BF0024744900FEFFC696
:10F8400000FEFF4610B544F68050C1F200008378F8
:10F8500000248B4228D901EB410100EBC10000EEEE
:10F86000102A90ED031AB8EEC00A80EE010A90ED5E
:10F87000041A30EE410A10EE100A2AF05BFCD0F1B7
:10F8800000424FF0FF3272EB0103B8BF0124002C9D
:10F8900004BF4FF0004011462AF0C6FB00EE100AEC
:10F8A000BDEEC00A10EE104A204610BD10B544F659
:10F8B0008050C1F20000837800248B4228D901EBEC
:10F8C000410100EBC10000EE102A90ED041AB8EEE1
:10F8D000C00A90ED032A31EE000A20EE020A10EE73
:10F8E000100A2AF027FCD0F100424FF0FF3272EBF1
:10F8F0000103B8BF0124002C04BF4FF000401146A3
:10F900002AF092FB00EE100ABDEEC00A10EE104A7B
:10F91000204610BD10B544F68050C1F20000837837
:10F9200000248B4233D900EE102A90F866219FED17
:10F93000191A0123B8EEC00A03FA02F220EE010AF6
:10F9400001EE102AB8EEC11A80EE010A01EB410166
:10F9500000EBC10090ED031A80EE010A10EE100AD0
:10F960002AF0E8FBD0F100424FF0FF3272EB0103C6
:10F97000B8BF0124002C04BF4FF0004011462AF00C
:10F9800053FB00EE100ABDEEC00A10EE104A2046EE
:10F9900010BD00BF00007A4444F6805CC1F2000C48
:10F9A0009CF8020088429CBF00207047032B39D886
:10F9B00001EB41000CEBC00000EE102A90ED031AA1
:10F9C000B8EEC00A21EE000ADFE803F02E0212248E
:10F9D0009FED211ABCF8640180EE010A012101FAB1
:10F9E00000F001EE100AB8EEC11A20EE010A1BE089
:10F9F0009FED191ABCF8640180EE010A012101FA99
:10FA000000F001EE100AB8EEC11A20EE010AB0EEC5
:10FA1000C00A09E0B0EEC00AB2EE041A80EE010A94
:10FA200002E000BF9FED0D0A9FED0D1A9FED0D2A1C
:10FA3000B4EE410AF1EE10FAB8BFB0EE410AB4EEEE
:10FA4000420AF1EE10FAB8BFB0EE402ABDEEC20A8B
:10FA500010EE100A704700BF00007A44000000005A
:10FA600000FEFFC600FEFF46A0B144F68052C1F280
:10FA70000002507800284FF0FF0009D093788B42A5
:10FA800006D901EB410002EBC00080ED030A002023
:10FA900040B27047FE2040B270470000A0B144F66B
:10FAA0008052C1F20002507800284FF0FF0009D0C8
:10FAB00093788B4206D901EB410002EBC00080ED48
:10FAC000040A002040B27047FE2040B27047000098
:10FAD00044F68050C1F2000082788A429EBF002026
:10FAE00000B2704701EB410200EBC20200EB810063
:10FAF00090ED4B1A92ED032A21EE000A80EE020AE5
:10FB00009FED0A1A20EE012ABDEEC23A20EE410A0C
:10FB100013EE100ABDEEC00AB5EE402A10EE101A20
:10FB2000F1EE10FAD8BF484200B2704700007A44A4
:10FB300044F68050C1F2000083788B429CBF9FED59
:10FB4000110A704701EB410300EBC30393ED030A75
:10FB500000EB810002EE102A90ED4B1AB8EEC22A9B
:10FB600020EE020A80EE010A9FED071A80EE010ADC
:10FB7000B5EE400AB1EE401AF1EE10FAB8BFB0EEA1
:10FB8000410A70470000000000007A4444F68050AB
:10FB9000C1F2000082788A429EBF002000B2704706
:10FBA00001EB410200EBC20200EB810090ED4B1A29
:10FBB00092ED032A21EE000A80EE020ABDEEC01A81
:10FBC00011EE100AB1EE401ABDEEC11AB5EE400AB0
:10FBD00011EE101AF1EE10FAD8BF484200B2704789
:10FBE00044F68050C1F2000083788B429CBF9FEDA9
:10FBF0000F0A704701EB410300EBC30393ED030AC7
:10FC000000EB810002EE102A90ED4B1AB8EEC22AEA
:10FC100020EE020A80EE010AB5EE400AB1EE401A6B
:10FC2000F1EE10FAB8BFB0EE410A704700000000D4
:10FC300001EB410100EBC1004069704701EB41015C
:10FC400000EBC1004261704701EB410100EBC100D4
:10FC5000C069704701EB410100EBC100C261704710
:10FC600001EB410100EBC1008069704701EB4101EC
:10FC700000EBC1008261704701EB410100EBC10064
:10FC8000006A704701EB410100EBC100026270475E
:10FC900044F68050C1F2000000EB810090ED4B1A59
:10FCA0009FED0C2A21EE000A9FED0B1AB4EE420ADA
:10FCB000F1EE10FAB8BFB0EE420AB4EE410AF1EE2E
:10FCC00010FAB8BFB0EE401ABDEEC10A10EE100A2D
:10FCD000704700BF00FEFFC600FEFF4644F680509E
:10FCE000C1F2000000EB810090ED4B0A01EE102AFA
:10FCF000B8EEC11A81EE000A7047000080B50020FE
:10FD000000F006F844F68050C1F2000080BD00000B
:10FD1000F0B583B044F68055C1F200052978012979
:10FD200000F0A4800646FBF741FCFBF727FD002806
:10FD300000F09880012000210022002300270FF00E
:10FD4000BDFB0446FF208DF80B708DF80A00F9F713
:10FD5000DBFF0DF10A070DF10B022146002300978E
:10FD6000F9F73CFF00287DD19DF80A00032879D1DE
:10FD7000012068704DF6D040C0F60600002E18BF76
:10FD8000304601680024C5F85C118188A5F860112F
:10FD90008178028885F85E1142EA01431F0A85F8DE
:10FDA0005C2185F85D71D7B2120B808885F86721D8
:10FDB000C3F3032285F866210A0901F00F01A5F8B3
:10FDC0006001400885F8692185F86811C5F86C0163
:10FDD000FE2001210022A5F8647110F057FC0028D4
:10FDE000A870EC7040D000F0030C002204284FF003
:10FDF000000315D3810801EB41014E014FF07E5401
:10FE0000002100BF6F1860318E4203F10403C7E97F
:10FE10000342C7E90942C7E90F42C7E91542F1D1D8
:10FE2000BCF1000F12D003EB430105EBC1014FF011
:10FE30007E520023BCF1010FC1E9032306D0BCF1BF
:10FE4000020FC1E9092318BFC1E90F2360B143F2D2
:10FE5000BD7100F003020428C3F686410CD20020D5
:10FE600019E000BF002068700120287044F680501F
:10FE7000C1F2000003B0F0BDA5F1100300F0FC06D4
:10FE8000002000BF0430C3E94F11C3E9511186427D
:10FE900003F11003F6D1002AE6D005EB8000012A19
:10FEA000C0F82C11E0D0022AC0F8301118BFC0F8F9
:10FEB0003411D9E770B144F68050C1F200004278A5
:10FEC000002A1EBFA0F860114908C0F86C1100207C
:10FED00040B27047FE2040B27047000050B344F675
:10FEE0008050C1F20000427842B380B50A0A0B0C80
:10FEF0005FFA82FE80F85C11C9B2A0F864114FEA83
:10FF00001E115FFA83FC80F8671102F00F0180F880
:10FF100066114FEA1C1180F8691103F00F0180F897
:10FF20005D2180F85E3180F868110020BDE88040D6
:10FF300040B27047FE2040B2704700BF002040B280
:10FF400070470000B0B582B0B9B142F24805C1F2C5
:10FF500000052879A0B1FBF795FE4BF290554EF2C3
:10FF60009A424DF6F143C0F60605C0F60602C0F609
:10FF7000060303210095FBF753FE02B0B0BD00BF9E
:10FF800008460C46FAF794FFE96C6A69091A20469C
:10FF9000E96402B0BDE8B0401047000042F24800FA
:10FFA000C1F200000178012918BF0020704700004D
:10FFB0002DE9F04188B0002607968AB11C467BB136
:10FFC00042F248081546C1F20008F8B198F804203A
:10FFD000022A59D0012A5BD052B3002732E000BF79
:10FFE0000220CDE90466CDE90206FBF74BFE4DF693
:10FFF000F14302AF43A2C0F6060303210097FBF7CB
:020000040804EE
:100000000FFE304608B0BDE8F08100BF002003219C
:10001000CDE90400CDE90210FBF734FE4DF6F143C3
:1000200002AF21A2C0F6060301210097FBF7F8FDFD
:10003000D8F80C1004FB05F088470646FAF738FF9D
:100040000746B6B904200026029004FB05F0CDE96E
:100050000466ADF80E00ADF80C60FBF713FE4DF62C
:10006000F14302AD1DA2C0F6060305210095FBF782
:10007000D7FD0798D8E9131210443944C8E9131082
:10008000304608B0BDE8F08190F838000842CFD083
:1000900007AB08462946224615F020FC06460027F5
:1000A000002EE6D1CEE700BF656F5F6D656D706FA6
:1000B0006F6C5F4765744D656D6F72792829206E8E
:1000C0006F7420696E69747465642075736573203C
:1000D00064796E20616C6C6F63000000656F5F6D0A
:1000E000656D706F6F6C5F4765744D656D6F72798C
:1000F0002829206E6F206D6F7265206D656D6F729F
:1001000079000000656F5F6D656D706F6F6C5F47A4
:1001100065744D656D6F727928292069732061734C
:100120006B6564203020627974657300B0B582B06D
:1001300042F24804C1F200042178012961D0012172
:1001400021700021C4E913114CF21021C0F6060100
:10015000002818BF0146D1E90002C4E9010208786D
:10016000421E022A3ED24868002851D0D0E900CE73
:10017000D0E90231D0E90452C4E906CEC4E90A52FA
:10018000C4E90831A269D0E90610606321633AB17D
:1001900094F8380040F0010084F8380000206087AF
:1001A000206A38B194F8380040F0020084F8380032
:1001B0000020A087A06A38B194F8380040F004000D
:1001C00084F838000020E087206BA0B194F8380054
:1001D00040F0080084F838000020A4F84000E068EF
:1001E00058B927E038B9486828B1D0E90812806AC0
:1001F000C4E903126061E068E0B1206910B360698E
:1002000040B342F24800C1F2000002B0B0BD00BFEE
:10021000FBF738FD4BF280554DF6F143C0F606056D
:1002200012A2C0F6060305210095FBF7F9FCE06871
:100230000028E2D148F2A570C0F60500E060206910
:100240000028DCD148F2B170C0F605002061606979
:100250000028D6D148F2AD70C0F60500606142F2C8
:100260004800C1F2000002B0B0BD00BF656F5F6D15
:10027000656D706F6F6C5F496E697469616C6973ED
:100280006528293A20706F6F6C73206E6565646510
:100290006400000070B586B042F24806C1F2000664
:1002A000F26808460D4690470446A0B90020042194
:1002B000CDE904000291ADF80E50ADF80C00FBF74B
:1002C000E1FC4DF6F14302AD07A2C0F6060305219D
:1002D0000095FBF7A5FC2046FAF7EAFDF16C014416
:1002E0002046F16406B070BD656F5F6D656D706F1F
:1002F0006F6C5F4E65772829206E6F206D6F726579
:10030000206D656D6F72790070B586B0D2B142F222
:100310004805C1F200052879A0B300240720CDE9E3
:100320000444CDE90204FBF7ADFC4DF6F14302AE07
:1003300035A2C0F6060305210096FBF771FC2046A6
:1003400006B070BD00294DD042F24805C1F200054B
:10035000287900284AD0FBF795FC4BF290564EF2D4
:100360009A424DF6F143C0F60606C0F60602C0F604
:10037000060303210096FBF753FC0024204606B039
:1003800070BD00BF49B108460C461646FAF790FD0D
:10039000EB6C32462146181AE8642B690846114670
:1003A000164698470446A0B900200421CDE9040070
:1003B0000291ADF80E60ADF80C00FBF763FC4DF652
:1003C000F14302AE1AA2C0F6060305210096FBF720
:1003D00027FC2046FAF76CFDE96C0844E8642046E7
:1003E00006B070BD0024204606B070BD08460C461D
:1003F000FAF75EFDE96C6A69081AE86420469047DE
:100400000024204606B070BD656F5F6D656D706F2E
:100410006F6C5F5265616C6C6F6328292075736522
:1004200064207768656E206E6F6E2064796E0000C0
:10043000656F5F6D656D706F6F6C5F5265616C6C41
:100440006F632829206E6F206D6F7265206D656D5A
:100450006F72790042F24800C1F2000000797047E3
:100460000EF0E8BE10B500284FF0FE0418BF0029BA
:1004700002D160B210BD00BFD1E900120024C0E972
:100480000512C1680477084601210EF0D1FE60B262
:1004900010BD0000F0B581B04FF0FE0760B10E4610
:1004A00051B10446407AFF2730B1606811461D46BD
:1004B000377022F0A3FE18B178B201B0F0BD00BFD2
:1004C000206809F0FDFD012818D0206809F000FE21
:1004D000A0B190E80E00C06886E80E00F0602068C9
:1004E000069F09F01FFF002D1CBF002028701FB1C0
:1004F000206809F075FF3880002700E0FF2760685A
:10050000032122F0A9FE78B201B0F0BD41F2706083
:10051000C1F20000017A012918BF002070470000D5
:100520002DE9F04186B041F27064C1F20004217AF5
:10053000012943D04BF2C857C0F60607002818BF60
:1005400007460020002505F053F9012001214FF056
:10055000010822F0A3FE48F2A063606040F261400F
:10056000C0F2010339787A88C0F6040045F67D268A
:10057000CDE9023545F6F93314A7C0F60506049017
:10058000C0F605030120CDE9006505970EF0A4FC37
:10059000E06008F0E7FB2061012001212572A572CF
:1005A00022F07CFE606010200821002200230095CC
:1005B000019509F0A1FD206084F8088041F2706087
:1005C000C1F2000006B0BDE8F08100BF6D656D733B
:1005D0000000000020B119B900201DF0CEB900BF05
:1005E00000207047F0B58DB050B3417A0025012945
:1005F00022D0C168012646720746084601210EF046
:1006000017FEFA6804AC204602210B95CDE9095586
:10061000CDE90755CDE905550495F8F70FF84CF2EB
:10062000F000C0F60600D0E900233869B9690294E9
:10063000CDE9001608F00AFC68B20DB0F0BD00BFAD
:10064000FE2568B20DB0F0BD80B1417A91B110B510
:1006500001690446084608F07BFCE06804210EF0BE
:10066000E7FD0020BDE8104040B27047FE2040B2D8
:10067000704700BF002040B2704700002DE9F04FE6
:1006800083B089468346FBF7FDFA4AF63D520FF2E6
:100690009071C0F60602FBF72FFBBBF1000F4FF085
:1006A000FE0618BFB9F1000F04D170B203B0BDE867
:1006B000F08F00BF99F80000FF260E28F5D8012121
:1006C00001FA00F044F61E010842EED09BF801004A
:1006D000012802D1584600F02FFC0BF114084046C7
:1006E00049464FF4AC72E1F774FC9BF81400002605
:1006F00001380D28D9D81821DFE810F01000DE00ED
:10070000770276020E000E000E000E000E000E00A4
:10071000C6020E000E008E00C7E700BF0BF12000DE
:10072000FAF77CFCCBF8C805FAF77AFC0746FAF72B
:100730003DFF3946FBF7DCF9FAF738FF3946FBF79E
:10074000F3F9FAF733FFFBF719F8002800F02083DC
:10075000002F8BF8AC7100F02B834FF0000A01AE34
:10076000002500BFDBF8C805E9B2FAF755FC9BF895
:100770001D10CDF804A08DF80410017801F00101DE
:100780008DF80510027802F01E0211448DF8051054
:10079000007800F0E0000844BBF81B108DF805005D
:1007A000DBF89001ADF80610314609F0E9FD01359E
:1007B000E8B2B842D6D3F9F7A7FADBF89011F9F707
:1007C00043FC002F00F0FA824FF0000A01AE002532
:1007D000DBF8C805E9B2FAF71FFCADF804A0017810
:1007E00001F001018DF80410027802F01E0211449C
:1007F0008DF8041000788DF8055000F0E0000844F2
:100800008DF80400DBF89401314609F0B9FD01359B
:10081000E8B2B842DCD3D1E20BF13000FAF7FEFBCC
:10082000CBF8C805FAF7FCFB0746FAF7BFFE3946D6
:10083000FBF75EF9FAF7BAFE3946FBF775F9FAF7F6
:10084000B5FEFAF79BFF002800F0A28240468BF825
:10085000AC71E3F791FB00204FF0FF31002FCBF894
:10086000D005CBF8D405CBF8D805CBF8DC15ABF820
:10087000E015CBF8E205CBF8E605CBF8EA05ABF8D6
:10088000EE0500F04D820BF2DC557E424FF0FF3753
:10089000DBF8C8057C1CE1B2FAF7BEFB0078E91969
:1008A00000F01F001F2808BFFF20487030190130DA
:1008B0002746EDD134E200BFCBF8C865FAF776FEE3
:1008C0000C210C25FBF714F9FAF770FE0C21FBF74D
:1008D0002BF9FAF76BFEFAF751FF002800F060825F
:1008E0009BF820000327BBF81B108BF8AC51019735
:1008F0008DF80500DBF8900101ADADF80610294632
:1009000009F03EFD9BF82100BBF81B108DF8050097
:10091000DBF89001ADF8061029468DF8047009F057
:100920002FFD9BF82200BBF81B108DF80500DBF8AB
:100930009001ADF8061029468DF8047009F020FDED
:100940009BF82300BBF81B108DF80500DBF8900125
:10095000ADF8061029468DF8047009F011FD9BF8DA
:100960002400BBF81B108DF80500DBF89001ADF8F2
:10097000061029468DF8047009F002FD9BF8250049
:10098000BBF81B108DF80500DBF89001ADF80610E0
:1009900029468DF8047009F0F3FC9BF82600BBF89B
:1009A0001B108DF80500DBF89001ADF80610294604
:1009B0008DF8047009F0E4FC9BF82700BBF81B10CD
:1009C0008DF80500DBF89001ADF8061029468DF88A
:1009D000047009F0D5FC9BF82800BBF81B108DF8BB
:1009E0000500DBF89001ADF8061029468DF804707B
:1009F00009F0C6FC9BF82900BBF81B108DF8050018
:100A0000DBF89001ADF8061029468DF8047009F066
:100A1000B7FC9BF82A00BBF81B108DF80500DBF82B
:100A20009001ADF8061029468DF8047009F0A8FC75
:100A30009BF82B00BBF81B108DF80500DBF890012C
:100A4000ADF8061029468DF8047009F099FCF9F705
:100A50005BF9DBF89011F9F7F7FA9BF820000DF13C
:100A600002058DF80200DBF8940129468DF8036039
:100A700009F086FC9BF8210001218DF80200DBF8CB
:100A800094018DF80310294609F07AFC9BF82200A6
:100A900002218DF80200DBF894018DF8031029463D
:100AA00009F06EFC9BF8230029468DF80200DBF864
:100AB00094018DF8037009F063FC9BF82400042175
:100AC0008DF80200DBF894018DF80310294609F037
:100AD00057FC9BF8250005218DF80200DBF89401F6
:100AE0008DF80310294609F04BFC9BF826000621DF
:100AF0008DF80200DBF894018DF80310294609F007
:100B00003FFC9BF8270007218DF80200DBF89401D9
:100B10008DF80310294609F033FC9BF828000821C2
:100B20008DF80200DBF894018DF80310294609F0D6
:100B300027FC9BF8290009218DF80200DBF89401BD
:100B40008DF80310294609F01BFC9BF82A000A21A6
:100B50008DF80200DBF894018DF80310294609F0A6
:100B60000FFC9BF82B000B218DF80200DBF89401A1
:100B70008DF80310294609F003FCF9F7C5F8DBF8F6
:100B8000943101210022F8F709FDF9F7BDF8DBF8EF
:100B9000943101210122F8F701FD0020FFF7B8F898
:100BA000CBF8B001FFF7AAF89BF81F10BBF81D2087
:100BB00042EA0141FFF792F9FFF7A0F8BBF83210C3
:100BC000FFF778F9FFF79AF8FEF76AFD09F026FCBF
:100BD0009BF81400022800F01981FE200121002258
:100BE0000EF00EFDC2E000BF20210BEB0100FAF772
:100BF00015FACBF8C805FAF713FA0746FAF7D6FC48
:100C00003946FAF775FFFAF7D1FC3946FAF78CFF47
:100C1000FAF7CCFCFAF7B2FD002800F0B9804046A4
:100C20008BF8AC71E3F7A8F900204FF0FF31002FEB
:100C3000CBF8D005CBF8D405CBF8D805CBF8DC152C
:100C4000ABF8E015CBF8E205CBF8E605CBF8EA0502
:100C5000ABF8EE0564D00BF2DC557E424FF0FF3767
:100C6000DBF8C8057C1CE1B2FAF7D6F90078E9197F
:100C700000F01F001F2808BFFF2048703019013006
:100C80002746EDD14CE000BF0BF12000FAF7C6F982
:100C9000CBF8C805FAF7C4F90746FAF787FC3946D6
:100CA000FAF726FFFAF782FC3946FAF73DFFFAF722
:100CB0007DFCFAF763FD00286AD040468BF8AC71E2
:100CC000E3F75AF900204FF0FF31CBF8D005CBF80D
:100CD000D405CBF8D805CBF8DC15ABF8E015CBF88C
:100CE000E205CBF8E605CBF8EA05ABF8EE05BFB1B7
:100CF0000BF2DC557E424FF0FF3700BFDBF8C80532
:100D00007C1CE1B2FAF788F90078E91900F01F00BD
:100D10001F2808BFFF204870301901302746EDD149
:100D200044F2A050C1F20000017859B901210170CC
:100D3000FE2000211DF00EF81BF0A6FD1BF0C0FDEB
:100D40001BF0BEFE99F80140B9F80250F5F760F9C2
:100D500044EA05420368DBF8C81502925A6801911B
:100D600001A990471DF014FEFAF770F901208BF8E5
:100D7000010004208BF80C0004F034F99BF80C20DF
:100D80000021002604F01CF970B203B0BDE8F08F1A
:100D900000208BF80100FF2670B203B0BDE8F08F91
:100DA0008BF80160FF2670B203B0BDE8F08F00BF82
:100DB000F8F7AAFFDBF89011F9F746F9F8F7A4FF66
:100DC000DBF8943101210022F8F7E8FBF8F79CFFEB
:100DD000DBF8943101210122F8F7E0FB99F801508A
:100DE000B9F80260F5F714F945EA06420368DBF842
:100DF000C81502925A68019101A990474046E3F74D
:100E0000BBF89BF8140002287FF4E7AE42F26D6253
:100E1000C0F60302FE2001210EF0F2FBA6E700BFA0
:100E200063616C6C65643A20656F5F6D6F74696FA8
:100E30006E636F6E74726F6C5F4163746976617418
:100E40006528290050B1134642785AB1D0F8F00510
:100E500041F2C562C0F6030203F08CBFFE2040B22F
:100E6000704700BF002040B270470000D0B1437807
:100E7000C3B1037D0E2B15D82DE9F0418CB00127AD
:100E80009F4044F6180637420ED008460C461146DD
:100E9000E4F744FBFAF7CEF82146FAF71BFA0CB058
:100EA000BDE8F04100207047012BF8D1437D042BB1
:100EB0003CD1C38AD3B30329F1D8002AEFD04CF236
:100EC0000417C0F606073F6807FB03F801EB410370
:100ED00000EB8306002706F2F454C6F8F82586F8DE
:100EE000FC15CDE90A77CDE90877CDE90677CDE99C
:100EF000047712F04BF812F053F840F2F13104ADE0
:100F00000346C0F6030128462246F7F789FB4CF258
:100F1000F001C0F60601D6F8F405D1E90023CDE9C9
:100F20000087029507F092FFB9E700BF0846114617
:100F3000E4F7F4FAB3E700002DE9F0410446FAF7CC
:100F4000A1FE4AF63D527AA1C0F60602FAF7D4FE97
:100F5000002C4DD06078002800F0DE80E078012879
:100F600004D1204600F0D0FA607848B1D4F8F005FA
:100F700041F2C562C0F603020021002303F076FFB0
:100F8000A04618F8140F01380D2800F28A80DFE817
:100F900000F0073B836D8888888888887988883343
:100FA000F8F7B2FED4F8943101210022F8F7BAFB29
:100FB000F8F7AAFED4F8943101210122F8F7B2FB28
:100FC000F8F7A2FED4F89011F9F798F8F5F720F8A1
:100FD000016889688847D4F8940109F041F8D4F889
:100FE000900109F03DF8D4F89801F7F7E5FE37E0F5
:100FF000FE2460B2BDE8F08101F002FF01F088FE3E
:1010000004F26C4038E000BFF8F77EFED4F894316B
:1010100001210022F8F786FBF8F776FED4F8943128
:1010200001210122F8F77EFBF8F76EFED4F890114B
:10103000F9F764F8D4F8940109F012F8D4F89001A3
:1010400009F00EF8D4F89801F7F7B6FEFDF7C8FFDF
:10105000FDF756FF04F5DA704FF4AC71E1F720F8B4
:10106000FE20012100220EF0CBFA1AE0FDF7B8FFB6
:10107000FDF746FF04F5DA704FF4AC71E1F710F8B4
:101080000AE000BF02F038FE02F0BEFD04F5447035
:101090004FF4AC71E1F704F8F4F7BAFF016889681E
:1010A0008847FAF783FAFAF779FB98B106464BF2CC
:1010B000EC60C0F606000768002500BFFAF776FA74
:1010C000E9B2FAF7EBFA0135002818BF4761E8B238
:1010D000B042F3D3002684F8AC61FAF767FA002136
:1010E000FAF706FDFAF762FA0021FAF71DFD40460D
:1010F0004FF4AC71C4F8C865E0F7D2FFFF2020754B
:10110000D4F87001C4E90166A670C4F89C61C4F803
:10111000A06107F01DFF66700120207303F062FFDD
:10112000227B0021002403F04BFF60B2BDE8F08178
:1011300063616C6C65643A20656F5F6D6F74696F95
:101140006E636F6E74726F6C5F4465616374697611
:10115000617465282900000040F24050C1F200008F
:101160000178012918BF00207047000020B14178A4
:1011700000291CBF007D7047FF207047F0B583B089
:1011800040F24054C1F20004207801286CD0FF20C6
:101190000025207504200C210022002384F8AC5186
:1011A0002561CDE90055042608F0A6FFC4F890019A
:1011B00002200C21002200230095019508F09CFFDD
:1011C000C4F8940101200A2100220127F7F7A2FDAB
:1011D000C4F89801202004210022F7F79BFDC4F8F1
:1011E000F00504200621E4F729FCC4F8CC05F4F747
:1011F0000FFFF4F707FFFDF7FDFEC4F80C0302F044
:1012000085FDC4F8680401F005FEC4F8C40507F0C4
:10121000A9FDC4F8700105201C2184F8886184F8B8
:101220007D510BF047FAC4F878012780E5702773E9
:1012300003F0D8FE227B002103F0C2FED4F8F405AF
:10124000C0B1D4F80006C4F8F855E8B1D4F80C06DB
:101250000025C4F80456E8B1D4F81806C4F81056AE
:1012600010B30020C4F81C0640F24050C1F2000048
:1012700003B0F0BD07F076FDC4F8F405D4F800061D
:10128000C4F8F8550028E1D107F06CFDC4F8000659
:10129000DCE700BF07F066FDC4F80C06D4F81806BA
:1012A000C4F810560028DCD107F05CFDC4F818061D
:1012B000D7E70000B0B582B0002800F045800446B2
:1012C000FAF7E0FC94F8881104F5BC724AF63D5335
:1012D0000092C0F6060300220025FAF7A1FCD4F81C
:1012E00078010BF0CFF90E38402800F22E80DFE8AD
:1012F00000F037212C372F2C212C2C2C2C212F2C9B
:101300002C2C2C2C2C2C2C2C2C2C2C2C2C2C2C2C1D
:101310002C2C2C2C2C2C2C2C2C2C2C2C2C2C2C2118
:101320003F2C2C2C2C2C2C2C2C2C2C2C2C2C2C2CEA
:101330002C214700F4F76CFE0168C9688847002536
:1013400068B202B0B0BD00BFFE2568B202B0B0BD49
:10135000FDF746FEFDF7BCFE002568B202B0B0BD49
:10136000F7F75CFEF7F796FF002568B202B0B0BD54
:1013700002F0C2FC02F030FD002568B202B0B0BD40
:1013800001F03EFD01F0ACFD002568B202B0B0BD39
:1013900050B1134642785AB1D0F8F00541F2C56217
:1013A000C0F6030203F062BDFE2040B2704700BFEA
:1013B000002040B270470000B0B50446FAF762FC66
:1013C0004AF63D5236A1C0F60602FAF795FC002C0B
:1013D0002CD0607800285FD0E07801285CD0012014
:1013E000E0700620207303F0FDFD227B0021002524
:1013F00003F0E6FD207D01380D284ED8DFE800F02F
:10140000470847344D4D4D4D4D4D3E4D4D1A00BF93
:10141000FDF7E6FDFDF784FFFDF7E2FD0121FDF795
:10142000D3FFFEF76BFCFEF7D1F835E0FE2568B27E
:10143000B0BD00BFFAF726FC4AF63D54C0F60604DC
:1014400020A12246FAF758FCFAF71CFC25A12246F7
:10145000FAF752FC01F0D4FC01F07CFD01F0D0FC65
:10146000012101F067FE12E0FDF7BAFDFDF758FF1C
:10147000FDF7B6FD0121FDF7A7FF08E002F03CFCF7
:1014800002F0E4FC02F038FC012102F0CFFDF4F799
:10149000BFFD016809698847002568B2B0BD00BF7B
:1014A00063616C6C65643A20656F5F6D6F74696F22
:1014B0006E636F6E74726F6C5F53746172742829FF
:1014C0000000000063616C6C696E6720656F5F707F
:1014D0006F735F5374617274282920696E206D6385
:1014E0000000000063616C6C696E6720656F5F705F
:1014F0006F735F5472616E736D697373696F6E2879
:101500002920696E206D6300B0B50446FAF7BAFB76
:101510004AF63D5216A1C0F60602FAF7EDFB9CB161
:10152000607868B1E07858B1207D022810D1FEF7CC
:10153000E5FBFEF783F8FDF753FDFDF717FF0BE022
:10154000002568B2B0BD00BFFE2568B2B0BD00BFC7
:10155000E4F7B0F8E4F730F800250420E5702073D4
:1015600003F040FD227B002103F02AFD68B2B0BDEC
:1015700063616C6C65643A20656F5F6D6F74696F51
:101580006E636F6E74726F6C5F53746F7028290096
:10159000B0B12DE9F0478AB082464078002800F0CB
:1015A00095829AF80300002800F090829AF81400BF
:1015B000022809D108F01AFF08F060FF86E200BF98
:1015C000FE2040B2704700BF9AF81500042850D1A1
:1015D0009AF8240600284CD000210AF22465F9F775
:1015E00015FB01280CD1DAF8F81529B19AF8FC0599
:1015F000032898BFE3F792FF28460021F9F70AFB7A
:1016000028780121F9F702FB01280CD1DAF8041639
:1016100029B19AF80806032898BFE3F77FFF284608
:101620000121F9F7F7FA28780221F9F7EFFA0128F2
:101630000CD1DAF8101629B19AF81406032898BFCD
:10164000E3F76CFF28460221F9F7E4FA2878032132
:10165000F9F7DCFA01280CD1DAF81C1629B19AF84E
:101660002006032898BFE3F759FF28460321F9F71E
:10167000D1FA9AF814000E2843D8012101FA00F09B
:1016800044F6180108423CD09AF8AC516DB39AF870
:10169000DC051BF0B3FA012DAAF8E20525D09AF873
:1016A000DD051BF0ABFA022DAAF8E4051DD09AF86F
:1016B000DE051BF0A3FA032DAAF8E60515D09AF86B
:1016C000DF051BF09BFA042DAAF8E8050DD09AF867
:1016D000E0051BF093FA052DAAF8EA0505D09AF863
:1016E000E1051BF08BFAAAF8EC051BF045FBAAF804
:1016F000EE05F9F79FFCBAF9EE150AF2E252F9F796
:1017000005FDF4F785FC016849698847002840F029
:101710002D8105201DF0D8FDF4F77AFC0168496998
:101720008847002840F0228105201DF0CDFDF4F708
:101730006FFC016849698847002840F0178105203F
:101740001DF0C2FDF4F764FC016849698847002870
:1017500040F00C8105201DF0B7FDF4F759FC01683D
:1017600049698847002840F0018105201DF0ACFD43
:10177000F4F74EFC016849698847002840F0F6807C
:1017800005201DF0A1FDF4F743FC01684969884775
:10179000002840F0EB8005201DF096FDF4F738FCA2
:1017A000016849698847002840F0E08005201DF065
:1017B0008BFDF4F72DFC016849698847002840F04B
:1017C000D58005201DF080FDF4F722FC01684969F1
:1017D0008847002840F0CA8005201DF075FDF4F709
:1017E00017FC016849698847002840F0BF80052040
:1017F0001DF06AFDF4F70CFC016849698847002870
:1018000040F0B48005201DF05FFDF4F701FC016895
:1018100049698847002840F0A98005201DF054FD43
:10182000F4F7F6FB016849698847002840F09E807C
:1018300005201DF049FDF4F7EBFB01684969884775
:10184000002840F0938005201DF03EFDF4F7E0FBFA
:10185000016849698847002840F0888005201DF00C
:1018600033FDF4F7D5FB01684969884700287DD12D
:1018700005201DF029FDF4F7CBFB01684969884775
:10188000002873D105201DF01FFDF4F7C1FB01688E
:1018900049698847002869D105201DF015FDF4F736
:1018A000B7FB01684969884700285FD105201DF012
:1018B0000BFDF4F7ADFB016849698847002855D155
:1018C00005201DF001FDF4F7A3FB01684969884775
:1018D00000284BD105201DF0F7FCF4F799FB0168B7
:1018E00049698847002841D105201DF0EDFCF4F737
:1018F0008FFB016849698847C0BB05201DF0E4FCE7
:10190000F4F786FB01684969884778BB05201DF01C
:10191000DBFCF4F77DFB01684969884730BB052093
:101920001DF0D2FCF4F774FB016849698847E8B9F7
:1019300005201DF0C9FCF4F76BFB01684969884775
:10194000A0B905201DF0C0FCF4F762FB01684969ED
:10195000884758B905201DF0B7FCF4F759FB01681A
:101960004969884710B905201DF0AEFCF4F750FB1B
:101970000168496988479AF8AC1100285AD00029B3
:1019800064D000260DF11408E946002709E000BFE5
:1019900000993846E4F7E6FA9AF8AC010137874235
:1019A00054D2CDF82360CDE90766CDE90566CDF8C0
:1019B0000F60CDE90266CDE90066F4F729FB016806
:1019C000FDB28C69294642464B46A0479DF824103B
:1019D0000F2913D09DF8260002280BD001280DD125
:1019E0002846D9B1E3F7C2FF9DF810100F29D3D0D4
:1019F00008E000BF05993846E4F7B4FA9DF81010E6
:101A00000F29C9D09DF812000228C1D00128C3D1E6
:101A1000284659B1E3F7AAFFBEE700BF4146E4F705
:101A200053FA9DF810100F29B6D0EBE74946E4F7BA
:101A30004BFAB1E779B10025E8B2E4F729FA0135AC
:101A40009AF8AC01E9B28142F6D304E0F4F7E0FA87
:101A50000168C9698847F4F7DBFA016809698847B2
:101A6000E3F7ACFD9AF8AC0180B3002505E000BFB8
:101A70009AF8AC010135854212D2F9F797FDE9B227
:101A8000F9F7D0FD0028F3D0064628463146E3F7A3
:101A9000B1FD06F1100128460022E3F7E3FDE7E778
:101AA000A0B1002505E000BF9AF8AC0101358542E0
:101AB0000CD2F9F77BFDE9B2F9F7F0FD0028F3D07D
:101AC00001462846E3F7C2FDEEE700BF00200AB05A
:101AD000BDE8F04740B270472DE9F04387B0994622
:101AE00016460D460446FAF7CDF84AF63D520FF277
:101AF0003C41C0F60602FAF7FFF8002C18BF002D93
:101B000016D140F24055C1F200050520287303F0BC
:101B100069FA2A7B002103F053FA002E00F09A8024
:101B200020460021B047FE2778B207B0BDE8F08319
:101B300028780E2800F29480012101FA00F044F682
:101B40001E01084200F08C806078012802D12046F6
:101B5000FFF7F2F90220207303F044FA227B002100
:101B6000002703F02DFAD4F8700107F0F1F904F121
:101B70001408404629464FF4AC72E0F72AFA207D5B
:101B800001380D28D0D8DFE810F01100CD007F001B
:101B900085010F000F000F000F000F000F00A901BB
:101BA0000F000F00A50000BFBEE700BF04F120003A
:101BB000F9F734FA627F0021CDF816108DF8102065
:101BC000217ED4F81920C4F8C805C4E9016484F85A
:101BD00002908DF81110CDF81220F9F721FAA8B172
:101BE000054604A8861D0027D4F8C805F9B2F9F700
:101BF00013FA017801F0010006EB4000C1F3430144
:101C0000F9F71CF90137F8B2A842EDD3D4F89801DE
:101C1000F7F7D2F8D4F8980104A9F7F7ADF842F233
:101C2000C900C0F60300C4E9670842F20150657DAF
:101C3000E68AC0F60300CDE90204F4F7E9F9D4F826
:101C4000C8150268009145EA064101911768694686
:101C500002AB37E0FE2778B207B0BDE8F08300BFE3
:101C60000520207303F0BEF9227B002103F0A8F9C0
:101C7000002E00F0558120460021B047FF2778B2A2
:101C800007B0BDE8F08300BF04F11800F9F7C6F90A
:101C9000C4F8C80542F2DD70C4E90164657DE68AD6
:101CA000C0F6030084F80290CDE90404F4F7B0F91B
:101CB000D4F8C8150268029145EA064103911768F5
:101CC00002A904AB0122B847002778B207B0BDE8EB
:101CD000F08300BF04F13000F9F7A0F9C4F8C8059B
:101CE0000D2004F11807C4E9016484F86C048FCF57
:101CF000E66A04F58E6C84F8029004F26C458CE878
:101D00008F00C4F8846401F07BF841F69942C0F674
:101D100003022946012301F01DFB002778B207B01A
:101D2000BDE8F0830520218E84F8B401E06AA4F8B0
:101D3000BC11217EC4F8B80103208DF810008DF885
:101D40001110D4F8190094F8201084F802900DF1C5
:101D5000100909F10605CDF8120001F00100002775
:101D600005EB4000C1F34301C4F8C875C4E9016440
:101D700004F5DA76CDF81670F9F760F894F82110CA
:101D800001F0010005EB4000C1F34301F9F756F8FB
:101D900094F8221001F0010005EB4000C1F343016B
:101DA000F9F74CF894F8231001F0010005EB40001E
:101DB000C1F34301F9F742F894F8241001F001004F
:101DC00005EB4000C1F34301F9F738F894F825100A
:101DD00001F0010005EB4000C1F34301F9F72EF8D3
:101DE00094F8261001F0010005EB4000C1F3430117
:101DF000F9F724F894F8271001F0010005EB4000F2
:101E0000C1F34301F9F71AF894F8281001F0010022
:101E100005EB4000C1F34301F9F710F894F82910DD
:101E200001F0010005EB4000C1F34301F9F706F8AA
:101E300094F82A1001F0010005EB4000C1F34301C2
:101E4000F8F7FCFF94F82B1001F0010005EB4000BF
:101E5000C1F34301F8F7F2FFD4F89801F6F7ACFFAD
:101E6000D4F898014946F6F787FF42F2F110C0F620
:101E70000300C4E96708FDF7B3F841F6B172C0F694
:101E8000030231460123FDF7BFFA78B207B0BDE87F
:101E9000F08300BF04F12000F9F7C0F8C4F8C805CA
:101EA000052084F8B401A069A18BC4E9016484F819
:101EB000029004F5DA75C4F8B801A4F8BC11FDF776
:101EC0008FF841F6B172C0F6030229460123FDF7EF
:101ED0009BFA002778B207B0BDE8F08304F1200038
:101EE000F9F79CF8C4F8C8050C2084F81003D4E96D
:101EF0000601C4E9016484F8029004F54475C4E95C
:101F0000C50101F0F9FE41F69D52C0F603022946D3
:101F1000012302F02BF9002778B207B0BDE8F08367
:101F2000FF2778B207B0BDE8F08300BF63616C6C37
:101F300065643A20656F5F6D6F74696F6E636F6E75
:101F400074726F6C5F5665726966792829000000AB
:101F500060B1FF22002182804FF0FF320160826079
:101F6000C0E90411816148B2704700BFFE2148B248
:101F70007047000000284FF0FE0C18BF002A03D164
:101F80004FFA8CF0704700BF002BF9D0012903D025
:101F9000B1B90169143001E00169081D80B5B1F8DB
:101FA00000C0016810466246A3F800C0DFF758FF82
:101FB0004FF0000CBDE880404FFA8CF0704700BF36
:101FC0004FF0FF0C4FFA8CF070470000002814BF50
:101FD00080684FF0FF3070474CF2F801C0F6060100
:101FE00009680068081A18BF0120704750B10169DC
:101FF00041B1896851B180B588470020BDE8804073
:1020000040B27047FE2040B2704700BFFF2040B290
:1020100070470000002814BF40790020704700007E
:1020200080B5FDF7BBFF04211C220123FDF7C0FF93
:10203000002808BF80BDFF22002182804FF0FF32C0
:1020400001608260C0E90411816180BD002814BF75
:102050004069002070470000B0B598B11C46036984
:10206000012A04D09A7802F0FE02022A0ED1054617
:1020700040691A88DFF7F4FE14B3022C0AD12969EB
:10208000284616E0FE2460B2B0BD00BFFF2460B257
:10209000B0BD00BF4CF2F800C0F6060002682B6825
:1020A000296928469A4204D18A7802F0FE02022A5F
:1020B00006D1CA6822B100210024904760B2B0BDA9
:1020C000002460B2B0BD000000280EBF00200069EF
:1020D00000887047D0E90423084612881946DFF7C4
:1020E000BFBE000070B58446DDE90640DDF820E0A3
:1020F000DDE90465CCE904400020CCF800108CF840
:1021000004208CF80530CCE90265CCF818E070BDED
:1021100000284FF0FE0218BF002901D150B27047CD
:10212000C2683AB180B590470022BDE8804050B205
:10213000704700BF002250B270470000C0B170B5B8
:102140000469A37803F0FE03022B15D163681646D9
:102150000546406922880C461946DFF781FE24B304
:10216000022C20460ED12A69284631461AE000BFCB
:10217000FE2040B2704700BFFF20BDE8704040B273
:10218000704700BF4CF2F800C0F6060001682B68EB
:102190002A6928469942314604D1937803F0FE0318
:1021A000022B02D1D26802B190470020BDE87040F6
:1021B00040B27047B0B170B50469A67806F0FE066B
:1021C000022E13D11E4623880546406914461A463E
:1021D000DFF746FE1CB3022C20460DD12A692846A3
:1021E000314619E0FE2040B2704700BFFF20BDE835
:1021F000704040B2704700BF4CF2F800C0F60600D5
:1022000001682B682A6928469942314604D193789F
:1022100003F0FE03022B02D1D26802B190470020E6
:10222000BDE8704040B2704700B3D9B102290DD06B
:102230004CF2F801C0F6060109680368994205D11D
:102240000169897801F0FE0102290BD10169CB688F
:1022500043B180B5114698470020BDE8804040B2A8
:10226000704700BF002040B2704700BFFE2040B260
:10227000704700004CF2F801C0F6060109680068DA
:10228000081AB0FA80F040097047000000698078B1
:1022900000F0FE000238B0FA80F0400970470000FC
:1022A00070B5154600284FF0FE0218BF002901D175
:1022B00050B270BD0646D0E904201C461288DFF7F4
:1022C000CFFDC5B1022D03D1316930460FE000BF0B
:1022D0004CF2F800C0F606000268336831693046F7
:1022E0009A4204D18A7802F0FE02022A03D1CA6817
:1022F0000AB121469047002250B270BD18B1026861
:102300000AB1407910B1FF2040B2704780B508464D
:102310000DF0E2F80020BDE8804040B270470000B8
:102320002DE9F04383B0054600284FF0FE0010D0A1
:10233000994673B14FF0FF005AB12B684BB999F829
:10234000006014460F46304641B10DF0CDF838B16B
:10235000FF2040B203B0BDE8F08300BF0DF0BCF831
:10236000A86828B1FF2040B203B0BDE8F08300BFE9
:102370002C60002F08BF6FF001062E71002604208C
:102380004FF6FF71002200236F710096019607F04F
:10239000B3FE95F82010A860022902D1686A804730
:1023A00006464FF0FF3028616861A861E861D9F8FE
:1023B0000400EE60F8F73CFEC0B1DDF82880064668
:1023C000002403E00134A0B2B0420FD2D9F80400D7
:1023D000A1B2F8F72BFE07460DF02AF80128F1D13B
:1023E00028463946424600F007F8EBE7002040B2A5
:1023F00003B0BDE8F08300002DE9F04F93B08346B1
:1024000000284FF0FE0071D00F4600296ED09BF8D7
:1024100004909046FDF7C2FD1C21FDF73BFF0446EA
:1024200012903868796820606160387A217820726B
:10243000621C48460DF08CF8217848460DF0AAFA47
:102440003978824648460DF0C7F9002852D0002757
:10245000064660812773FDF7A1FD00215246012346
:10246000FDF7A6FD206102469BF82000032804D159
:10247000DBF8240080472269074621784846534606
:1024800067610DF091F89BF82000042817D1002512
:1024900004203146002200230095019507F02CFE10
:1024A00002AFA061DBF824008047A16902900846D2
:1024B000394607F065FF0135A8B2B042F2D3DBF828
:1024C000080007F08DFF2178DBF808200BEB4101B5
:1024D000088212A9104607F053FFB8F1010F04D18A
:1024E000129958460A7813F0A3FB002040B213B0AB
:1024F000BDE8F08F02AD28464021DFF7D1FD3B78E3
:102500000FA228464021DFF72FF9F9F7BBFB4BF26A
:102510006057C0F6060704212A4600230097F9F702
:102520007FFB2178484600220DF012F8FDF736FDBA
:102530002146FDF707FDFF2040B213B0BDE8F08F44
:10254000454F6E765365743A206570202564206887
:1025500061732030206E7673000000002DE9F04F8B
:1025600087B00646084690460D460CF09BFF002EAD
:102570004FF0FE0118BFB8F1000F03D148B207B009
:10258000BDE8F08F377904463846294610F014FA32
:10259000F0B13846294610F05FFA0690204610F058
:1025A0004DFA81463846294610F058FB8246384697
:1025B000294610F079FA96F820108346042921D094
:1025C00003290BD0022939D106F10C00046836E04A
:1025D000FF2148B207B0BDE8F08F00BF28460CF0DD
:1025E00061FF07282AD806EB4000018A4FF6FF70EA
:1025F000814223D0B06807F027FDF8B10068E8B148
:102600001430E3E728460CF04DFF072816D806EBF8
:102610004000018A4FF6FF7081420FD0B06807F08A
:1026200013FD58B104684CB1307929460DF038F8E3
:10263000A26981B2104607F007FDC7E70024BAF18E
:10264000000F4FF0FF0118BFBBF1000F3FF496AF32
:102650003168069B40463A468DE8200E0494FFF709
:1026600041FD002148B207B0BDE8F08F70B50C46BF
:102670000546FDF793FC0021282201230026FDF7E3
:1026800097FC06604462002C08BF254680F8205065
:1026900070BD000000284FF0FE0318BF002901D1D3
:1026A00058B27047002AFBD0036880880B60002373
:1026B000108058B27047000000280FBFFE20016054
:1026C0008280002040B2704700284FF0FE0218BF01
:1026D000002901D150B2704740890022088050B2D1
:1026E000704700004FF0FE0CE0B180B5DDF808E067
:1026F000BEF1000F14D090F807C0BCF1010F0DD14E
:102700004FF0000C0160828080F806C00381438195
:102710008381A0F80EC0C0F810E001E04FF0FF0C7C
:10272000BDE880404FFA8CF070470000B0B5044619
:10273000FDF734FC042114220123FDF739FC054682
:1027400000202860A880A87128816C81E86034B1DD
:10275000FDF724FC012122460123FDF729FCB4FAF0
:1027600084F1490928612846E971B0BD00284FF07D
:10277000FE0318BF002901D158B27047002AFBD0D0
:102780000389D0F810C0C38113800023C1F800C0B2
:1027900058B2704750B142898A420BD2028182817D
:1027A00000210122C181827148B27047FE2148B2E6
:1027B000704700BF018181810021C18148B270470B
:1027C0000022014602608280827102810020CA607C
:1027D00070470000B0B50C46096805460160A08846
:1027E00069892289A8800020914298BF0120A871A0
:1027F000208998BF08462881A88128690022EA819B
:10280000DFF72CFC286921692A89DFF729FB0020E2
:10281000B0BD0000B0B50D46044600202060A08089
:10282000A0712081E060618131B1FDF7B7FBABB2EF
:1028300001210122FDF7BCFBB5FA85F149092061B0
:102840000020E171B0BD000044F60100C1F20000BB
:10285000017801291CBF0121017070472DE9F04F5B
:1028600081B00B9EB0B10D46A1B19BB10A9F8FB153
:1028700086B118461446994601F000FF0020072C47
:102880003880307010D8FF2030703C8040B201B0EA
:10289000BDE8F08F002E1CBFFC203070FE2040B23F
:1028A00001B0BDE8F08F00BFA84618F8080B40281B
:1028B0002CD2687801F07CFF40B3284601F02AFF53
:1028C000012811D18246284601F01EFF01281DD1A2
:1028D000688801F013FF86460830A04216D8C44627
:1028E00005EB0008504603E04FF0000C4FF0000EDF
:1028F000297801F0080A01F0040B0EEB5A0101EBF4
:102900004B0101F108039AB2A24207D9FD203070B1
:102910003C80FF2040B201B0BDE8F08FB9F818400C
:102920004946A24208D9FE2030703B80FF2040B2C9
:1029300001B0BDE8F08F00BF002232703B80D5E9C6
:1029400000230128C1E9002307D16A8888684A80EA
:1029500061467246DFF784FA4946BAF1000F1CBFA0
:10296000D8F80000C860BBF1000F08D04FEA5A0049
:1029700008EB0002526858F80000C1E904024A88D6
:102980008B6801F1400001F0F7FE002040B201B079
:10299000BDE8F08F002853D04378002B4CD0C3788B
:1029A000002B49D090F8AC31002B45D02DE9F043F5
:1029B00081B00C460978064600EB4200B0F8C2012F
:1029C00009091746F8F72EFA78B3217A204601292B
:1029D00021D8417A11F00F091DD0D6F8B8214089CD
:1029E00002F104080D09ADF802000DF102024046A3
:1029F00029460123F6F720F92046B9F1010F0AD044
:102A00008089691CADF802000DF1020240460123E5
:102A1000F6F712F920460078010907F0010006EBED
:102A2000400000F5E370F8F701FA002001B0BDE8BE
:102A3000F04340B2704700BF002040B2704700BF73
:102A4000FE2040B2704700002DE9F04182B00D46F3
:102A50000446F9F717F94DF6CF6250A1C0F6060209
:102A6000F9F74AF9002C4FF0FE0618BF002D03D1EC
:102A700070B202B0BDE8F08128780D280AD16078E4
:102A800001280DD120462946002202B0BDE8F041C0
:102A900013F05AB9FF2670B202B0BDE8F08100BF52
:102AA000F8F784FD01214FF00108F9F74BF8F8F72A
:102AB0007DFDF8F77BFE002868D0F8F777FD002150
:102AC0000026F8F7FBFDC4F8B80104F1140029460C
:102AD0004FF4AC72DFF74BFAA17F04F5E17001F01F
:102AE000010200EB4200C1F34301C4F8C261C4F823
:102AF000C661C4F8CC6184F8D581F8F79FF9A97A4A
:102B00000227287967F35F118DF8051029898DF860
:102B10000400D4F89001ADF8061001A907F030FCCC
:102B2000A87A0DF1020167F35F108DF80200D4F866
:102B300094018DF8036007F023FCF7F7E5F8D4F86B
:102B40009011F7F781FAF7F7DFF8D4F89431022102
:102B50000522F6F723FDD4F8B801051D2846F6F73F
:102B60002BF92846F6F7BEF801462846F6F734F961
:102B7000042084F80180207302F034FA227B0721BC
:102B800002F01EFA70B202B0BDE8F0810020607061
:102B9000FF2670B202B0BDE8F08100BF63616C6CCB
:102BA00065643A20656F5F706F735F416374697627
:102BB000617465282900000070B584B0002849D0F0
:102BC0004578002D41D0C578002D3ED090F8AC510D
:102BD000002D4FF0000539D00395029545F20225EE
:102BE000A0F8A4510DF10605C0F8A85100EB81052D
:102BF00095F82110920101F01F0463F34512DDF8EE
:102C000020C0867FA31885F82130CB06A5F822C006
:102C10001BD505F120031B7800F5D27518098DF836
:102C2000060003F00F008DF807000E2000EA1210D6
:102C300040EA011001308DF80800ADF80AC0F7F73E
:102C4000CBFB29463246F7F7FDFD002568B204B0FC
:102C500070BD00BFFE2568B204B070BDB0B586B0CF
:102C60000D460446F9F70EF84DF6CF6222A1C0F6E4
:102C70000602F9F741F8002C4FF0FE0018BF002DB6
:102C800002D140B206B0B0BD607888B3287805287C
:102C9000014698BF0521C82928BFC821884284F869
:102CA000AD111FD041EA00200021CDE90211ADF89D
:102CB0000E00CDE9041105204A2109F0FBFC029029
:102CC000032084F88801F8F7DDFF94F888114DF6A9
:102CD000CF6302ADC0F6060300220095F8F7A0FF0F
:102CE00094F8AD014000C4F8D001012084F8AC0193
:102CF000002040B206B0B0BD63616C6C65643A20E0
:102D0000656F5F706F735F436F6E66696728290038
:102D1000B0B50446F8F7B6FF4DF6CF6231A1C0F664
:102D20000602F8F7E9FF5CB1607800284ED0E07841
:102D3000012809D094F8C00168B1002040B2B0BDAC
:102D4000FE2040B2B0BD00BF204600F03DF994F82F
:102D5000C0010028F1D1607848B1D4F8BC0145F633
:102D60000562C0F605020021002302F07FF8F6F7A5
:102D7000CBFFD4F8943102210522F6F7D3FCF6F705
:102D8000C3FFD4F89011F7F7B9F9F8F70FFC002159
:102D90000025F8F7D7FE04F114004FF4AC71C4F825
:102DA000B851DFF77DF9D4F89001FF21217507F0C4
:102DB00057F9D4F8940107F053F9D4F89801F5F7CE
:102DC000FBFFD4F8700106F0C3F865700120207392
:102DD00002F008F9227B072102F0F2F8002040B24D
:102DE000B0BD00BF63616C6C65643A20656F5F7055
:102DF0006F735F4465616374697661746528290047
:102E000041F29060C1F200000178012918BF002052
:102E100070470000F0B583B041F29064C1F2000445
:102E20002078012856D0FF2020750025042001219C
:102E300000220023CDE900550427012607F05CF9A4
:102E4000C4F8900102200121002200230095019581
:102E500007F052F9C4F8940101200A210022F5F785
:102E600059FFC4F89801022005210022FF2384F8AD
:102E7000AC510CF023FBC4E96D05012004210022B4
:102E8000C4F8C251C4F8C651C4F8CC5184F8D56115
:102E9000F5F740FFC4F8BC01322084F8C051C4F8F3
:102EA000AD0105F05FFFC4F870010520482184F8EA
:102EB0008871A4F87C5109F0FDFBC4F878012680E4
:102EC000E57084F8D451267302F08CF8227B072138
:102ED00002F076F841F29060C1F2000003B0F0BD5C
:102EE000B0B582B0F0B10446F8F7CCFE94F8881182
:102EF00004F5BC724DF6CF630092C0F606030022C3
:102F00000025F8F78DFED4F8780109F0BBFB4628C0
:102F100004D1F6F783F8F6F7BDF9002568B202B0E0
:102F2000B0BD00BFFE2568B202B0B0BD50B11346BF
:102F300042785AB1D0F8BC0145F60562C0F60502E8
:102F400001F094BFFE2040B2704700BF002040B2A5
:102F50007047000010B50446F8F794FE4DF6CF62B6
:102F600013A1C0F60602F8F7C7FE6CB1607838B15D
:102F7000E07801280CD194F8C001013084F8C00138
:102F8000002040B210BD00BFFE2040B210BD00BF07
:102F9000012084F8C001E0700620207302F022F8BE
:102FA000227B072102F00CF8002040B210BD00BFC8
:102FB00063616C6C65643A20656F5F706F735F531B
:102FC000746172742829000070B582B00446F8F765
:102FD00059FE4DF6CF6224A1C0F60602F8F78CFE2A
:102FE00084B1607848B1E07838B194F8C00120B17C
:102FF0000138010684F8C00108D0002568B202B08B
:1030000070BD00BFFE2568B202B070BD94F8AC017F
:10301000E8B145F202300026A4F8A4010DF1070042
:103020008DF8076004F5D275C4F8A801F7F7D4F954
:10303000D4F8B4212946F7F743FB4FF48070A4F885
:10304000D401C4F8C261C4F8C661C4F8CC610025DB
:103050000420E570207301F0C5FF227B072101F0F9
:10306000AFFF68B202B070BD63616C6C65643A20FA
:10307000656F5F706F735F53746F70282900000075
:1030800000B34178D1B1C178C1B190F8AC11A9B108
:1030900090F8D411012911D1D0E973124B1C91423F
:1030A000C0F8CC310AD9B0F8C611B0F8C82151EA3D
:1030B00002030BD1012180F8D51132E0002148B282
:1030C000704700BFFE2148B2704700BF10B586B000
:1030D00000234FF4E02442EA014241F3C03180F87A
:1030E000D531CDE90234CDE904210446002039214F
:1030F00009F0E0FA0290032084F88801F8F7C2FD95
:1031000094F888114DF6CF630DF1080CC0F6060354
:103110000022CDF800C0F8F783FD204606B0BDE8D8
:103120001040D0F8C211C0F8C6110021C0F8CC116F
:1031300048B2704770B584B00D460446F8F7A2FD5A
:103140004DF6CF627BA1C0F60602F8F7D5FD002C44
:1031500072D0607800286BD0E078002868D094F8AE
:10316000AC01002864D0012D6AD10020CDF80A00FE
:10317000CDF8060045F20220A4F8A40101A8C4F885
:10318000A801A67F40F60F6004F5D275ADF80400E3
:10319000F7F722F929463246F7F754FB9DF80A1053
:1031A00094F8210001F0FE01C2068DF80A106BD4DC
:1031B00094F82500C10600F1838094F82900C10627
:1031C00000F19A8094F82D00C10616D594F82C10C1
:1031D0000A0901F00F018DF80510010141EA1010F4
:1031E000E18D8DF804208DF80600ADF80810F7F792
:1031F000F3F829463246F7F725FB94F8AD018DF830
:103200000E0045F20230A4F8A4010DF10E00C4F83E
:10321000A801F7F7E1F8D4F8B4212946F7F750FAF6
:10322000D4F8C211012084F8D401C4F8C61121E0F9
:10323000002040B204B070BDFE2040B204B070BDAA
:1032400045F202300026A4F8A4010DF10F008DF81C
:103250000F6004F5D275C4F8A801F7F7BDF8D4F8EB
:10326000B4212946F7F72CFA84F8D461C4F8C26176
:10327000C4F8C66100200121C4F8CC0184F8D5113E
:1032800040B204B070BD00BF94F820100A0901F0EC
:103290000F018DF80510010141EA1010618C8DF8C5
:1032A00004208DF80600ADF80810F7F795F82946C8
:1032B0003246F7F7C7FA94F82500C1067FF57DAFCF
:1032C00094F824100A0901F00F018DF8051001018E
:1032D00041EA1010E18C8DF804208DF80600ADF85D
:1032E0000810F7F779F829463246F7F7ABFA94F861
:1032F0002900C1067FF566AF94F828100A0901F08D
:103300000F018DF80510010141EA1010618D8DF853
:1033100004208DF80600ADF80810F7F75DF829468F
:103320003246F7F78FFA94F82D00C1063FF54EAFFD
:1033300063E700BF63616C6C65643A20656F5F7022
:103340006F735F5472616E736D697373696F6E280A
:10335000290000002DE9F04383B01F4615460E46B4
:103360000446F8F78FFC4DF6CF6254A1C0F6060272
:10337000F8F7C2FC002C18BF002E15D141F2906660
:10338000C1F200060520307301F02CFE327B0721CC
:1033900001F016FE45B320460021A847FE2778B26B
:1033A00003B0BDE8F08300BF30780D280AD1607803
:1033B00001281FD1204631462A4603B0BDE8F0431C
:1033C00012F0C2BC0520207301F00CFE227B072105
:1033D00001F0F6FD002D6BD020460021A847FF2705
:1033E00078B203B0BDE8F083FE2778B203B0BDE841
:1033F000F08300BF96F804800221404605224FF07A
:10340000050907F0D5F93179C9B2884546D10028B8
:1034100044D00220207301F0E5FD227B072101F05A
:10342000CFFDD4F8700105F093FDC4E90154A770F5
:10343000B088B27AADF80200D6F806000DF10208A5
:10344000002708F1060102970190C2F3430002F041
:103450000102012331F8125003FA00F040EA05039B
:10346000D4F8980121F81230F5F7A6FCD4F89801A9
:103470004146F5F781FC45F61960C0F6050004F5F4
:10348000CE75C4E96706F5F7C9FDD4F898112A4648
:10349000F5F718FF78B203B0BDE8F08384F80C901C
:1034A00001F0A0FD227B072101F08AFD002D93D1C0
:1034B000FF2778B203B0BDE8F08300BF63616C6C96
:1034C00065643A20656F5F706F735F5665726966F9
:1034D00079282900002814BF90F8D50100207047F2
:1034E000B0B582B04BF2CC55C0F60605002818BF27
:1034F0000546287820B3FCF751FD04211C22012346
:10350000FCF756FD044695E80F004FF0000C84E8E8
:103510000F006988E868206149B14020002200233B
:10352000CDF800C0CDF804C0FBF7A8FA8446A8681F
:10353000C4F814C008B18047A061204602B0B0BDF5
:103540000024204602B0B0BD70B588B00C460646D7
:10355000002500202C21CDE9025509F0ABF802909E
:103560004FF0FF300694079076B1706948F2797198
:10357000C0F6050106AAFBF705FA0146706939B1E4
:10358000FBF71CF900F13405284608B070BD00BFF8
:10359000FBF72AF9716905460846FBF7CFFB40EABD
:1035A00005200025ADF80E00CDE90445F8F76AFBCB
:1035B00002AE0421002200230096F8F731FB2846D2
:1035C00008B070BD2DE9F04796B00C4605460027BF
:1035D000002028211646CDE9027709F06BF8002D6E
:1035E0000290ADF80E700597049718BF002C0DD10E
:1035F000F8F748FB02AF0421002200230097F8F7F8
:103600000FFBFE2778B216B0BDE8F08704F1200763
:103610003846FEF7FFFCC8B194F8410005283FD0BA
:10362000032831D001280FD10FF0ACFF0FF0BAFF03
:10363000804668698946FBF715FA8246304601F0F4
:103640001DF8BAF1010F45D1FF2784E06869FBF747
:10365000CBF8696905460846FBF770FB40EA052090
:10366000ADF80E00E06C616CCDE90410F8F70AFBD0
:1036700002AF0421002200230097F8F7D1FAFF27B8
:1036800078B216B0BDE8F087A16C04F1400338466B
:103690000122FEF78FFD074600285CD109E000BF3C
:1036A00004F1400238460121FEF748FD0746002894
:1036B00051D1002E4FF000071CBF207810F02000E1
:1036C000A0D0307800F0FC000230307078B216B034
:1036D000BDE8F087264616F8400F042101EA900164
:1036E00000F0C80008448DF8180002208DF8190079
:1036F0007068F2684FF0000CCDE9070C09924CF2AB
:103700000C106A68C0F60600006818EB020349F165
:103710000001ADF81AC0904204BF4FF0FF314FF0E6
:10372000FF33CDE90A3197E80F40D7E905890DF15C
:10373000300A8AE80F4011A880E80013686906A9DA
:10374000CDF850C0FBF79AFA384602213246FEF710
:103750006BFD0746E0B16869FBF746F86969054605
:103760000846FBF7EBFA40EA0520ADF80E00E06CE6
:10377000616CCDE90410F8F785FA02AE042100224D
:1037800000230096F8F74CFA78B216B0BDE8F0873F
:10379000002778B216B0BDE8F08700002DE9F041AF
:1037A00088B00D460446002600202B219046CDE926
:1037B000026608F07FFF02904FF0FF30ADF80E6018
:1037C000CDE9046606950790D4B3606948F2797133
:1037D000C0F6050106AAFBF7D5F806466069EEB308
:1037E0003146FAF7EBFFB8F1000F074606D007F1B4
:1037F0001800414601220023FEF72EFCE0684FF03E
:1038000000083946C7F81080C7F8148005F056FD47
:10381000074660B1ADF80E80CDE90458F8F732FAEA
:1038200002AD0421002200230095F8F7F9F9606940
:103830003146FAF7F9FF78B208B0BDE8F08100BF71
:10384000F8F720FA02AF0421002200230097F8F7CE
:10385000E7F9FE2778B208B0BDE8F081FAF7C4FFB7
:10386000616904460846FBF769FA40EA0420ADF8AE
:103870000E000020CDE90450F8F704FA02AF04214D
:10388000002200230097F8F7CBF9FF2778B208B0A1
:10389000BDE8F08100B370B504460FF073FE0FF081
:1038A00081FE054660690E46FBF7CEF870B100BF99
:1038B000D0E90401401B71EB060007D26069FBF7F9
:1038C0009BF96069FBF7C0F80028F1D10020BDE842
:1038D000704040B2704700BFFE2040B27047000009
:1038E00000B34378D3B1C378C3B190F8AC31ABB176
:1038F0002DE9F04381B00B7AC3B1097802F00102DF
:1039000000EB4200090900F5E370F7F78FFA002099
:1039100001B0BDE8F04340B2704700BF002040B2A4
:10392000704700BFFE2040B2704700BF4B7A13F0D3
:103930000F07E2D0D0F8B8611D0906F104084E89DE
:103940000DF10203ADF80260814640460C4629465F
:1039500016461A460123F5F76FF9214648463246C6
:10396000012FCAD08889691CADF802000DF102024E
:1039700040460123F5F760F9214648463246BCE748
:103980002DE9F04782B00D460446F8F77BF94DF675
:10399000C66272A1C0F60602F8F7AEF9002C4FF02D
:1039A000FE0718BF002D03D178B202B0BDE8F08742
:1039B00028780C280AD1607801280DD120462946A4
:1039C000002202B0BDE8F04712F070BBFF2778B2CA
:1039D00002B0BDE8F08700BFF7F7E8FD01214FF026
:1039E0000108F8F7BDF8F7F7E1FDF7F7E7FE002863
:1039F00000F0AC80F7F7DAFD00210027F7F76CFE46
:103A0000C4F8B80104F1140029464FF4AC72DEF793
:103A1000AEFA617F04F5E17601F0010006EB4000AB
:103A2000C1F34301C4F8C271C4F8C671C4F8CC71C3
:103A300084F8D581F7F702FAA17F01F0010006EBC7
:103A40004000C1F34301F7F7F9F9E17F01F001000C
:103A500006EB4000C1F34301F7F7F0F9687A4FF045
:103A600002094FF00F0A69F35F10B5F80710CDF89F
:103A700004A08DF80500D4F8900101AEADF8061051
:103A8000314606F07DFCA87AB5F8071069F35F109F
:103A9000CDF804A08DF80500D4F89001ADF806101B
:103AA000314606F06DFCE87AB5F8071069F35F104F
:103AB000CDF804A08DF80500D4F89001ADF80610FB
:103AC000314606F05DFC687A0DF1020669F35F107D
:103AD0008DF80200D4F8940131468DF8037006F099
:103AE0004FFCA87A314669F35F108DF80200D4F8D4
:103AF00094018DF8037006F043FCE87A314669F3CF
:103B00005F108DF80200D4F894018DF8037006F070
:103B100037FCF6F7F9F8D4F89011F6F795FAF6F7BE
:103B2000F3F8D4F89431022104220425F5F736FD88
:103B300084F80180257301F055FA227B062101F0FB
:103B40003FFA78B202B0BDE8F08700BF0020607095
:103B5000FF2778B202B0BDE8F08700BF63616C6CEC
:103B600065643A20656F5F7073635F416374697663
:103B7000617465282900000000284FF0FE0218BF7C
:103B8000002901D150B270474278D2B30978052993
:103B90000A4698BF0522C82A28BFC822914280F849
:103BA000AD2128D010B586B042EA01210022CDE92E
:103BB0000222ADF80E10044605203921CDE9042279
:103BC00008F078FD0290032084F88801F8F75AF88D
:103BD00094F888114DF6C6630DF1080CC0F6060383
:103BE0000022CDF800C0F8F71BF894F8AD1120467C
:103BF00006B0BDE810404900C0F8D011012180F89E
:103C0000AC11002250B27047B0B50446F8F73AF84C
:103C10004DF6C66231A1C0F60602F8F76DF85CB148
:103C2000607800284ED0E078012809D094F8C001CF
:103C300068B1002040B2B0BDFE2040B2B0BD00BFB0
:103C4000204600F03DF994F8C0010028F1D16078D9
:103C500048B1D4F8BC0146F27D12C0F6050200213D
:103C6000002301F003F9F6F74FF8D4F8943102215C
:103C70000422F5F757FDF6F747F8D4F89011F6F758
:103C80003DFAF7F793FC00210025F7F769FF04F1EF
:103C900014004FF4AC71C4F8B851DEF701FAD4F84F
:103CA0009001FF21217506F0DBF9D4F8940106F0AC
:103CB000D7F9D4F89801F5F77FF8D4F8700105F03A
:103CC00047F965700120207301F08CF9227B0621F1
:103CD00001F076F9002040B2B0BD00BF63616C6CAA
:103CE00065643A20656F5F7073635F4465616374F8
:103CF000697661746528290041F66800C1F2000008
:103D00000178012918BF002070470000F0B583B08A
:103D100041F66804C1F200042078012856D0FF2043
:103D2000207500250420032100220023CDE9005541
:103D3000042606F0E1F9C4F89001022003210022D4
:103D400000230095019506F0D7F9C4F894010120ED
:103D50000A2100220127F4F7DDFFC4F898010220B0
:103D600004210022FF2384F8AC510BF0A7FBC4E927
:103D70006D05012004210022C4F8C251C4F8C651C7
:103D8000C4F8CC5184F8D571F4F7C4FFC4F8BC0171
:103D9000322084F8C051C4F8AD0104F0E3FFC4F848
:103DA00070010520372184F88861A4F87C5108F05F
:103DB00081FCC4F878012780E57084F8D45127731A
:103DC00001F010F9227B062101F0FAF841F66800B3
:103DD000C1F2000003B0F0BDB0B582B0F0B104464E
:103DE000F7F750FF94F8881104F5BC724DF6C663DE
:103DF0000092C0F6060300220025F7F711FFD4F861
:103E0000780108F03FFC352804D1F5F707F9F5F7FC
:103E100041FA002568B202B0B0BD00BFFE2568B20D
:103E200002B0B0BD50B1134642785AB1D0F8BC01CF
:103E300046F27D12C0F6050201F018B8FE2040B22D
:103E4000704700BF002040B27047000010B5044624
:103E5000F7F718FF4DF6C66213A1C0F60602F7F792
:103E60004BFF6CB1607838B1E07801280CD194F840
:103E7000C001013084F8C001002040B210BD00BF75
:103E8000FE2040B210BD00BF012084F8C001E070E8
:103E90000620207301F0A6F8227B062101F090F89D
:103EA000002040B210BD00BF63616C6C65643A20B5
:103EB000656F5F7073635F537461727428290000CB
:103EC00070B582B00446F7F7DDFE4DF6C66224A158
:103ED000C0F60602F7F710FF84B1607848B1E078C9
:103EE00038B194F8C00120B10138010684F8C0014E
:103EF00008D0002568B202B070BD00BFFE2568B2D0
:103F000002B070BD94F8AC01E8B145F20230002671
:103F1000A4F8A4010DF107008DF8076004F5D2752F
:103F2000C4F8A801F6F758FAD4F8B4212946F6F7F0
:103F3000C7FB4FF48070A4F8D401C4F8C261C4F880
:103F4000C661C4F8CC6100250420E570207301F03F
:103F500049F8227B062101F033F868B202B070BD47
:103F600063616C6C65643A20656F5F7073635F5367
:103F7000746F70282900000000B34178D1B1C17876
:103F8000C1B190F8AC11A9B190F8D411012911D1A7
:103F9000D0E973124B1C9142C0F8CC310AD9B0F869
:103FA000C611B0F8C82151EA02030BD1012180F8F3
:103FB000D51132E0002148B2704700BFFE2148B25F
:103FC000704700BF10B586B000234FF4C02442EA0A
:103FD000014241F3C03180F8D531CDE90234CDE959
:103FE000042104460020392108F064FB02900320DC
:103FF00084F88801F7F746FE94F888114DF6C663F9
:104000000DF1080CC0F606030022CDF800C0F7F74A
:1040100007FE204606B0BDE81040D0F8C211C0F837
:10402000C6110021C0F8CC1148B27047002873D0E7
:104030004278002A6CD0C278002A69D090F8AC216E
:10404000002A65D0F0B583B0012969D1002145F27D
:104050000222CDF80210CDF80610A0F8A4216A467D
:10406000ADF8001001261121457F00F5D274C0F88B
:10407000A8218DF806108DF802600746F6F7ACF916
:1040800021462A46F6F7DEFB9DF8020002229DF843
:10409000061062F31F108DF80200032060F31F1159
:1040A000BD7F8DF80610F6F797F921462A46F6F7F8
:1040B000C9FB9DF8020004229DF8061062F31F1050
:1040C0008DF80200052060F31F11FD7F8DF80610AA
:1040D000F6F782F921462A46F6F7B4FB97F8AD01C8
:1040E0008DF80A0045F20230A7F8A4010DF10A008C
:1040F000C7F8A801F6F770F9D7F8B4212146F6F70A
:10410000DFFAD7F8C20187F8D461C7F8C60122E008
:10411000002040B2704700BFFE2040B2704700BF91
:1041200045F202310025A0F8A4110DF10B018DF824
:104130000B5000F5D274C0F8A8110746F6F74CF9F9
:10414000D7F8B4212146F6F7BBFA87F8D451C7F85F
:10415000C251C7F8C65100200121C7F8CC0187F829
:10416000D51103B0BDE8F04040B270472DE9F041F1
:1041700084B01F4616460D460446F7F783FD4DF6FC
:10418000C66255A1C0F60602F7F7B6FD002C18BFAF
:10419000002D15D141F66805C1F2000505202873F0
:1041A00000F020FF2A7B062100F00AFF46B32046DC
:1041B0000021B047FE2778B204B0BDE8F08100BF0F
:1041C00028780C280AD1607801281FD1204629467A
:1041D000324604B0BDE8F04111F068BF05202073FD
:1041E00000F000FF227B062100F0EAFE002E6DD0D9
:1041F00020460021B047FF2778B204B0BDE8F08127
:10420000FE2778B204B0BDE8F08100BF0220207321
:1042100000F0E8FE227B062100F0D2FED4F8700107
:1042200004F096FEC4E90164A7702A790F208DF886
:1042300006008DF80720D5F805006A7A0DF106080A
:10424000002708F1060103970290C2F3430002F031
:104250000102012331F8126003FA00F03043AE7A14
:1042600021F8120006F00102C6F3430031F8126093
:1042700003FA00F03043EE7A21F8120006F0010252
:10428000C6F3430031F8126003FA00F040EA060377
:10429000D4F8980121F81230F4F78EFDD4F8980183
:1042A0004146F4F769FD46F28D10C0F6050004F5AD
:1042B000CE76C4E96705F4F7B1FED4F8981132461A
:1042C000F5F700F878B204B0BDE8F081FF2778B2C6
:1042D00004B0BDE8F08100BF63616C6C65643A2096
:1042E000656F5F7073635F56657269667928290030
:1042F000B0B50C4600284FF0FE0118BF002C01D1CC
:1043000048B2B0BD41680546084600F0C9FB69687F
:10431000002821604FF0000108BF4FF0FF3148B284
:10432000B0BD0000002818BF30307047F0B581B034
:104330004BF2DC56C0F60606002818BF0646FBF70F
:104340002DFE042178220123FBF732FE044600F003
:10435000F3FA206000F0F0FA71886060084600F01F
:104360005FF9B188A060084600F05AF9B1680027EB
:10437000C4E9030130886761278348B1FBF70EFE6B
:10438000328804210123FBF713FE054601E000BF3C
:1043900000254CF23010C0F60600D0E90001C4E957
:1043A0000750C4E90910E16204F130003021DDF763
:1043B00077FED6E90301C4E91A77276720666068AB
:1043C0003388616629461C2200F094FA606800F088
:1043D00049FA204601B0F0BD2DE9F04F87B00546FF
:1043E0000020ADF81A00ADF81800002D4FF0FE00C7
:1043F00000F0A6800E46002900F0A2806868994669
:10440000904600F02FFA03A90DF10A023046FEF79C
:1044100041F905A90DF112023046FEF7A7F904A9EA
:104420003046FEF751F928680599BDF81220BDF80D
:10443000103000F05FFA286800F044FA00286DD0D0
:10444000286800F081FC824628680F4600F058FC7E
:104450004CF23014C0F60604D5E90823D4E900462E
:104460005E405440264321D0013243F100038AEAE2
:10447000020687EA0304264318D0EE6ED5E90ACE79
:10448000741CEC662C6E039EC5E9102305F14802EE
:104490002E63C5E90EA782E80310C5F854E02CB1DD
:1044A000064628468B46A04759463046A8622868EB
:1044B000C5E908A7E96200F00BFB002844D00746D5
:1044C00000240DF11A0B0DF1180A00262868A968BE
:1044D0005A4600F001FB38B1BDF81A00A8B3013606
:1044E000BE42F3D331E000BFD5E902132869039A35
:1044F0000134F4F7BBF8E86800F048F80028EBD086
:104500006868E96800220023CDF800A000F022FAD4
:104510000028E1D0286F01302867DDE7D5E91910C0
:104520002A680130A8660398C5E9160209B1284631
:104530008847B9F1000F1CBF002089F80000FF2058
:1045400040B207B0BDE8F08F0024B8F1000F18BFEB
:10455000A8F80040109CB9F1000F07D0686800F07F
:104560009FFA002818BF012089F8000024B12868AC
:1045700000F0C6FBC4E90001002040B207B0BDE86E
:10458000F08F0000002818BF20307047002814BFAB
:10459000407800207047000000280EBF00200078FF
:1045A00000F0030070470000F0B14278911F11F154
:1045B000050F19D3017840888B0713D1053A12F102
:1045C000030F0FD380B103300A0720F003004FF030
:1045D0000C0258BF0822104401F0040100EB410016
:1045E00080B270470028EED0002080B270470000F3
:1045F00041788A1F12F1050F0DD302784088920787
:1046000008D1053911F1030F04D3002804BF00209D
:10461000704703E010B10020704700BF01207047D1
:10462000B0B50546FBF7BAFC042158220123FBF77D
:10463000BFFC044605834DB1FBF7B0FC012101220C
:104640002B46FBF7B5FC218BA06001E0A0680021A0
:104650000025C4E90055DDF701FD4FF0FF30C4E946
:104660000300606104F12000FDF772FC2046C4E9FC
:104670001055C4E9125525656565B0BDB0B5C8B122
:1046800082680024018B0460446005461046DDF713
:10469000E5FC4FF0FF30C5E90300686105F120003B
:1046A000FDF756FC60B2C5E91044C5E91244C5E9FE
:1046B0001444B0BDFE2460B2B0BD00004FF0000C49
:1046C000C1B110F0C00315D1033222F00302053945
:1046D0000832830718BF082211F1030F4FF00401BD
:1046E00001EA500100F0040041EA400038BF08220E
:1046F00002EB000C1FFA8CF07047000003304FF6FD
:10470000FC710840704700004088002818BF012055
:10471000704700000146007880074FF0000018BF86
:10472000704749780239032938BF012070470000DB
:10473000431E5FFA83FCBCF1040F9ABF0CA313F86D
:104740000CC04FF0010C00F0FD030538013BB0FA3E
:1047500080F0B3FA83F34009012A4FEA531308BFEC
:1047600040EA030C002918BF01218CEA01007047C0
:10477000000100010000000080B591F800C04280F7
:1047800080F800C0CA6891F801C0D1F804E0C0E91F
:104790000232D1E9041280F801C0C0F804E0C0E997
:1047A000041280BD811E0020032938BF01207047FC
:1047B000411E0020052938BF012070472DE9F04136
:1047C00040B3836833B31F6845F27866C1F234267C
:1047D000B7421FD100294FF0FF043FD09D8844F21B
:1047E00021382B4453F8187FC8F26578474535D1F6
:1047F0008C687CB12768B7420CD1A68804F1180CEC
:104800005CF80670474505D13EB3078835441C3532
:10481000BD4203D9FF2460B2BDE8F08104461846CA
:104820000F46614615463246DDF71AFB6288A368DB
:1048300032446280BA689F882846D588BA19DF88D2
:104840009A802F44DF8013FA82F3C3F8188020B1D6
:1048500021462188891A1C390180002460B2BDE8F4
:10486000F0810000C0B10188002918BF1C218268B6
:1048700041800021818082B145F27860C1F234200C
:10488000C2E9000144F22130C8F26570906148B27B
:10489000C2E90211704700BFFE2148B27047000014
:1048A00000284FF0FE0218BF002901D150B2704716
:1048B000B0F900001C22D0FA52F00022088050B259
:1048C00070470000A0B1806890B1016845F278623D
:1048D000C1F2342291420BD18188084480694BF6A1
:1048E000DF41C7F69A010844B0FA80F040097047EA
:1048F0000020704700284FF0FE0C18BF002903D19C
:104900004FFA8CF0704700BF1C2B3EBF4FF0FF0CDE
:104910004FFA8CF070471C2A4FF0FF0CF0D39A42EC
:10492000EED84FF0000C03804280A0F804C08160F4
:104930004FFA8CF07047000080B5FBF72FFB042185
:104940000C220123FBF734FB002101608180816090
:1049500080BD0000002841D02DE9F04F97B00446FB
:104960004FF0FE00A9B3A7689FB308469146059390
:104970000E46FFF73DFE002844D03046FFF714FEF8
:10498000D4F80880ADF85A00B4F800B0B8F804A024
:104990000546ABEB0A00A0F11C07AF4222DA06AED7
:1049A00030464021DDF77CFB6088B8F806102DA268
:1049B000CDE90001CDE90217304640215B46049560
:1049C000DCF7D2FEF7F75EF931460022F7F794F9EB
:1049D000FF2017B0BDE8F04F40B27047FE2040B254
:1049E000704700BF08EB0A0000F11805F8F7C4F99A
:1049F0000DF15A0CBAB231462B46CDF800C0F8F78B
:104A0000C5F928B1FF2017B0BDE8F04F40B270479C
:104A1000A068BDF85A10628883880A4462805A18D8
:104A2000C38882800133C38044F2213310FA82F2BA
:104A3000C8F26573B9F1000F936118BFA9F800A01F
:104A4000059B209A002B18BF198022B121888088ED
:104A5000081A1C381080002017B0BDE8F04F40B293
:104A6000704700BF4E6F7420656E6F756768207366
:104A70007061636520696E20726F706672616D652A
:104A8000207265706C793A202025642C2025642CD6
:104A90002025642C2025642C2025642C20256400EE
:104AA00098B1806888B1016845F27862C1F2342219
:104AB00091420AD1818844F2213201448969C8F2C5
:104AC0006572914204BFC0887047002070470000A3
:104AD0008068C088704700002DE9F04188B00E461C
:104AE000002100284FF0FE05ADF81E108DF81D10B6
:104AF00018BF002E04D168B208B0BDE8F08100BF35
:104B0000816814468A8883889A420DD13046FFF71F
:104B1000B5FD002C4FF0FF05EDD00020208068B2DD
:104B200008B0BDE8F08100BF8046C818D71A00F170
:104B30001805FDF789FE0DF11D0C0DF11E0EBAB220
:104B400029463346CDE900ECFDF788FE054650B313
:104B500000273046CDE90477FFF790FD0F209DF93F
:104B60001D100290A81CADF80E10ADF80C700ED1FF
:104B7000F7F788F84EF647624DF6F06302AFC0F6DD
:104B80000602C0F6060305210097F7F749F8F7F784
:104B900079F84DF6F06302AF0CA2C0F606030421CB
:104BA0000097F7F73DF8BDF81E00B8F80410002C88
:104BB0000844A8F804009ED0D8F808104746898811
:104BC000081A208068B208B0BDE8F081656F5F7296
:104BD0006F706672616D655F524F505F50617273A6
:104BE0006528293A20656F5F7061727365725F474F
:104BF0006574524F502829206861642070726F627A
:104C00006C656D730000000050B3B0B50546806858
:104C1000144682886318D31A1BB2012B07DB0844A1
:104C200018309AB20119DDF760F9A868828869889E
:104C3000091B6980111BC2888180013AC28010FA69
:104C400081F044F22131C8F2657181611C30214646
:104C5000DDF704FA0020BDE8B04040B2704700BF65
:104C6000FE2040B27047000070B500284FF0FE04EF
:104C700018BF002902D160B270BD00BF002AFAD06F
:104C8000D0F808C00688BCF80440361B1C3E96428B
:104C900002DAFF2460B270BD0CEB040606F1180CBA
:104CA0000546604614461E46DDF7DAF8AB686A88AA
:104CB00030469E8822446A803219DE889A80013606
:104CC000DE8044F2213613FA82F3C8F265769E61E3
:104CD00020B129462988891A1C390180002460B234
:104CE00070BD000000284FF0FE0218BF002901D15E
:104CF00050B2704740880022088050B270470000D0
:104D0000002819BF806808304CF2F000C0F6060099
:104D1000D0E900017047000000280FBFFE20806826
:104D2000C0E90223002040B2704700001C21D0FAE5
:104D300051F080B27047000000280FBF002080684B
:104D40000844183070470000002819BF80681030F0
:104D50004CF23010C0F60600D0E9000170470000A8
:104D600000280FBFFE208068C0E90423002040B265
:104D7000704700002DE9F04F87B0984615460E4663
:104D80008146F4F74DF8F4F75FF8002E62D08346C1
:104D90003046F4F73FF800285CD03046F4F73AF894
:104DA0004CF21411C0F606010978044601F0F30034
:104DB0008DF8000004208DF801004FF0FF30002C2A
:104DC000039047D035B34FF0000A05E00AF1010A1D
:104DD0005FFA8AF0A0423DD25FFA8AF13046F3F7DB
:104DE0006DFF0028F2D007460068A8470128EDD1E2
:104DF000386869460190584604F036FA0028E5D133
:104E000048463946F3F7B8FF4846F3F771FF0128E3
:104E1000DCD11FE00025EA4604E000BF0135E8B21E
:104E2000A04217D2E9B23046F3F748FF0028F5D088
:104E30000746006851460190584604F015FA0028CC
:104E4000ECD148463946F3F797FF4846F3F750FF51
:104E50000128E3D1B8F1000F04D04846F3F7DAFF98
:104E600088F80000002007B0BDE8F08F2DE9F04F72
:104E70008FB0984601928B460546F3F7D1FFF3F7C2
:104E8000E3FF4CF21411C0F60601097881460420B4
:104E90008DF821004FF0FF3021F00C0A09900B90A3
:104EA00028468DF820A0F3F7B5FFA8B104460027E7
:104EB00008AE03E00137F8B2A0420DD2F9B228469D
:104EC000F3F7FCFE0028F5D000683146099048460B
:104ED00004F0E2F9EEE700BF2846F3F76DFFBBF1FF
:104EE000000F61D05846F3F795FF00285CD0584674
:104EF000CDF80080F3F78EFF80460420019C8DF8EA
:104F000009004FF0FF30B8F1000F8DF808A00590B0
:104F100048D03CB34FF0000A02AF05E00AF1010AA5
:104F20005FFA8AF040453DD25FFA8AF15846F3F7BE
:104F3000C5FE0028F2D006460068A0470128EDD142
:104F4000306839460390484604F08EF90028E5D1D0
:104F500028463146F3F710FF2846F3F7C9FE01282B
:104F6000DCD11FE0002402AF04E000BF0134E0B256
:104F7000404517D2E1B25846F3F7A0FE0028F5D01D
:104F80000646006839460390484604F06DF900284B
:104F9000ECD128463146F3F7EFFE2846F3F7A8FE9A
:104FA0000128E3D1DDF80080B8F1000F04D02846D5
:104FB000F3F730FF88F8000000200FB0BDE8F08F55
:104FC00060B1A1F1FE03022B4FF0FF0307D380294C
:104FD00005D000690023425458B27047FE2358B2EE
:104FE0007047000040F67040C1F2000001780129CE
:104FF00018BF0020704700002DE9F0438DB040F647
:105000007049C1F2000999F80010012900F0E08010
:105010000446F6F737FE4AF62F55C0F6060570A18E
:105020002A46F6F769FE00203B214FF0000807F002
:1050300041FBCDE90208CDE90488F6F723FE02A979
:105040000091012100222B460125F6F7E9FD89F8A0
:10505000005009F05DFA09F065FAC9F8040003F0A0
:1050600081FEC9F808004FF47F40A9F82400FE2013
:105070000021032200230BF035FBC9F810004FF08C
:10508000FF3000EB1461C9F82040B4F1807F38BFD5
:105090000021D9F8040089F80C10C9B2FDF72EF9E7
:1050A0004AF67870C0F60600F5F7C2FFE0B14AF69E
:1050B000787504460020C0F60605002704E000BF0E
:1050C0000137F8B284420FD981B22846F5F7AEFF16
:1050D00006460AF0ADF90128F2D1D9F804003146AC
:1050E0000122FDF789F9EBE7F7F79CFBF7F790FB57
:1050F000F7F720F8F6F728FB0020F4F70BFE002066
:10510000F5F788F802F0CEFAEEF794FE06A9CDF88E
:105110001880EEF767FEF0F7CDFA06A9CDF81880F3
:10512000F0F7A0FAF9F766FFFCF728F800F090FD19
:10513000F8F7E0F903F054F8FEF7E8FDFDF76AFE32
:105140004CF20810C0F60600006840F22134C0EBB3
:10515000C00007904FF04030C0F603048DF818806F
:105160000890099408F0EAF808F0F2F8CDE90A404E
:1051700008F0E4F808F0ECF806AC0C902046F5F7DF
:1051800035F90020F3F754FF002000F031FB002038
:10519000F6F7DEFDF6F7D0FDF6F738FE0020092120
:1051A00007F088FACDE90608CDE90888F6F76AFD28
:1051B0004AF62F55C0F60605012100222B46009421
:1051C000F6F72EFDF6F75EFD0DA12A46F6F794FDE3
:1051D00040F67040C1F200000DB0BDE8F08300BFA2
:1051E000656F5F73657276696365735F496E697435
:1051F00069616C6973652829207374617274730026
:10520000656F5F73657276696365735F496E697414
:1052100069616C6973652829206973206F766572EE
:105220000000000070B58CB04FF0FE0478B10A4663
:1052300069B113785178072B56D8141DDFE803F0B5
:105240000454540A7204A24CEBF70AF9002460B229
:105250000CB070BD2278002509290595CDE90355CC
:10526000029500F2D1810FF20600DFE811F00B0089
:105270006701F7001901B3008901AB013B01F70198
:10528000D50000BF40F67040511EC1F20000FE295B
:1052900080F8262011D30520222107F00BFA029076
:1052A000F6F7F0FC02A94AF62F530091C0F6060368
:1052B000012100220024F6F7B3FCFBF74DFF42F278
:1052C0002572C0F6030221460123FCF705FC0024E9
:1052D00060B20CB070BD00BF00220024EBF784FC6C
:1052E00060B20CB070BD00BF006900248174FF2162
:1052F00004744374C1744CF21810C0F6060090E8B0
:105300004E00D0E904500DF1180CCDE90A500420EC
:105310008CE84E008DF819000020032100220123A3
:1053200024E000BFA1F1FE02022A01D3802931D17D
:1053300000694FF480628174FF210282A0F813108B
:105340004CF21810C0F6060090E84E00D0E9045068
:105350000DF1180CCDE90A5004208CE84E008DF8B0
:105360001900002003210022012300240AF0A6F8DE
:105370000790089407F070FA06A907F0BBFC60B22A
:105380000CB070BD2246EBF72FFC002460B20CB0CD
:1053900070BD00BF0269535C43F00203062B40F06E
:1053A000818109294FF0000400F2BE8106460D46B6
:1053B000DFE811F00A00A8018E0194018201AE011C
:1053C000B4019A01BC018801FBF7C6FEFBF7F4FFAC
:1053D000B0E100BFFF2A11D10520252107F06AF9AD
:1053E0000290F6F74FFC02A94AF62F530091C0F63F
:1053F0000603012100220024F6F712FCF8F770F8EA
:1054000042F22542C0F6030221460123F8F794FB3D
:10541000002460B20CB070BDFF2A11D105205B21C1
:1054200007F048F90290F6F72DFC02A94AF62F532F
:105430000091C0F60603012100220024F6F7F0FBDC
:10544000F0F738F941F6F522C0F6030221460123B0
:10545000F0F770FD002460B20CB070BDFF2A11D1CE
:105460000520242107F026F90290F6F70BFC02A98B
:105470004AF62F530091C0F60603012100220024B2
:10548000F6F7CEFBF9F7ACFD41F69962C0F60302E0
:1054900021460123F9F7B8FF002460B20CB070BDBB
:1054A000FF2A11D10520262107F004F90290F6F712
:1054B000E9FB02A94AF62F530091C0F60603012129
:1054C00000220024F6F7ACFB00F0B8FB41F6257291
:1054D000C0F603022146012301F0F0F8002460B277
:1054E0000CB070BDFF2A11D10520492107F0E2F868
:1054F0000290F6F7C7FB02A94AF62F530091C0F6B7
:105500000603012100220024F6F78AFBF6F7BAFB16
:105510004AF62F52A8A1C0F60602F6F7EDFBFDF7FA
:105520006FFC41F68132C0F6030221460123FDF7EC
:1055300011FF002460B20CB070BD00BFFF2A11D172
:105540000520232107F0B6F80290F6F79BFB02A98D
:105550004AF62F530091C0F60603012100220024D1
:10556000F6F75EFB02F094F842F21932C0F603023D
:105570002146012302F038FA002460B20CB070BD5D
:10558000FF2A11D10520332107F094F80290F6F795
:1055900079FB02A94AF62F530091C0F606030121B8
:1055A00000220024F6F73CFB02F010FE42F2E1522A
:1055B000C0F603022146012303F0DCF9002460B2A7
:1055C0000CB070BDFF2A11D10520382107F072F808
:1055D0000290F6F757FB02A94AF62F530091C0F646
:1055E0000603012100220024F6F71AFBFEF784FBD4
:1055F00041F60D42C0F6030221460123FEF7B6FD37
:10560000002460B20CB070BD00694FF44073038297
:105610008174C27405754CF21810C0F6060090E84B
:105620004E00D0E904400DF1180CCDE90A400420E9
:105630008CE84E008DF81900002003210022012380
:1056400009F03CFFCDE9070507F006F906A907F0C8
:1056500051FB002460B20CB070BD00BFFF2A11D115
:105660000520552107F026F80290F6F70BFB02A95A
:105670004AF62F530091C0F60603012100220024B0
:10568000F6F7CEFAEEF7D6FB41F669220126C0F610
:105690000302214600230096EFF71AFF002460B2B0
:1056A0000CB070BD4FF480601082FF209174D074F4
:1056B000505C107544E600BFF7F712FFF7F7D6FF0E
:1056C00038E000BFEFF7F6FFF0F72EFC32E000BF46
:1056D000F9F786FCF9F724FE2CE000BF00F0AEFAE3
:1056E00000F0D0FE26E000BFF6F7CCFA4AF62F52C3
:1056F00028A1C0F60602F6F7FFFAFDF781FBFDF7D9
:1057000029FC17E001F0C4FF02F0F4F812E000BF3A
:1057100002F05CFD02F018FE0CE000BFFEF7ECFAB0
:10572000FEF794FB06E000BF002016E0EEF782FBD8
:10573000EFF7C8FE294618B1326900200DE000BF1E
:1057400070180121017507F087F8012107F064FA4C
:10575000B0FA80F03269294640094FF0040CFF236B
:105760001074917482F811C0D374515C0DF1180E4D
:1057700011754CF21811C0F6060191E84C00D1E900
:10578000035049698EE84C00CDE909500B918DF822
:1057900019C0C1E563616C6C696E6720656F5F70ED
:1057A0006F735F5374617274282920696E2073656A
:1057B000727669636500000063616C6C696E6720D6
:1057C000656F5F706F735F5665726966792829200F
:1057D000696E2073657276696365000044F6F06057
:1057E000C1F200000179012918BF002070470000B4
:1057F000B0B544F6F064C1F200042079012806D067
:105800000120012101251DF049FD2060257144F68C
:10581000F060C1F20000B0BD20B119B900681146B6
:105820001DF0ECBC4FF0FF307047000020B119B9FB
:10583000006803211DF010BD4FF0FF3070470000DD
:1058400000284FF0FE0318BF002901D158B270475D
:105850004378002B74D0C378002B71D02DE9F0432E
:1058600089B0074602200C4691468DF8080006F0E4
:10587000F3FF0DF10808414606F0DCFF9DF8080033
:10588000012873D120781E2209F0010102EAD0001C
:10589000084400F14005F4F737FA294603220023B3
:1058A0000026F4F723F90546FF2838461CBF07EB0E
:1058B0008501D1F8C46190F8B001854244D22168D5
:1058C000A2796FF31F3141EA0231D4E902020836AE
:1058D00007903046ADF81A100892F3F709FAC8B3EA
:1058E00007F5DA7656F8250004F0FAFBC0B303207A
:1058F000012106F0DFFE02902068A1796FF31F30CE
:1059000040EA0130ADF80E0020462546F5F792F941
:1059100005912178049008098DF80D000220B9F155
:10592000000F08BF01208DF80C00F6F7ABF903213A
:1059300000220023CDF80080F6F772F916E000BFD0
:10594000002358B2704700BFFF2309B0BDE8F04301
:1059500058B270470DF11A013046F3F70DFA05E021
:1059600056F825000DF11A0104F00AFD002309B0D4
:10597000BDE8F04358B270472DE9F04782B04FF0D0
:10598000FE06A0B30D4691B30446287807282DD112
:105990006078012802D1204600F0D6F8F5F706FE1F
:1059A000A97AF6F7EBF8F5F701FEF5F70FFF18B354
:1059B00004F1140029464FF4AC72DCF7D8FAA87A47
:1059C00084F8B00100B304F5E2760027F5F7EEFDA8
:1059D000F9B2F5F78FFE46F8270094F8B0010137C9
:1059E0008742F3D3B0FA80F040090EE0FF2670B290
:1059F00002B0BDE8F08700BF00206070FF2670B2E3
:105A000002B0BDE8F08700BF01204FF48041019152
:105A100029792A898DF804100021ADF80620ADF807
:105A2000021084F8B111E8B1F4F76EF9D4F89011CE
:105A3000F4F70AFBF4F768F9D4F894310321002253
:105A40000026F3F7ABFD0120607004202073FFF700
:105A5000C9FA227B0321FFF7B3FA70B202B0BDE8A6
:105A6000F08700BF05F10C0800250DF104090DF1C8
:105A7000020A04E094F8B00101358542D4D238F826
:105A80002570012604E000BF0E2E06F1010627D284
:105A9000F1B23846F5F7C6F90128F5D19DF80500B1
:105AA00000F0E00040EA4601D4F890018DF80510BE
:105AB000494604F065FC9DF80200514600F0E00004
:105AC00040EA46008DF80200D4F894018DF80350A6
:105AD00004F056FC94F8B101013084F8B101D3E729
:105AE00008EB85004788012604E000BF0E2E06F172
:105AF0000106BFD2F1B23846F5F794F90128F5D185
:105B00009DF8050000F0E00040EA4600411CD4F892
:105B100090018DF80510494604F032FC9DF8020012
:105B2000514600F0E00040EA460001308DF80200E6
:105B3000D4F894018DF8035004F022FC94F8B101DC
:105B4000013084F8B101D1E7002873D0B0B5044624
:105B50004078002860D0E078012804D1204600F089
:105B6000B1FC607848B1D4F8D40146F21D42C0F6C9
:105B7000050200210023FFF779F9F4F7C5F8D4F8FE
:105B80009431032100220025F3F7CCFDF4F7BCF893
:105B9000D4F89011F4F7B2FAF5F708FD0021F5F703
:105BA000EDFFD4F8B40184F8B151C4F8C45184F8BD
:105BB000AC5104F055FAD4F8B801C4F8C85184F8CF
:105BC000AD5104F04DFAD4F8BC01C4F8CC5184F8BE
:105BD000AE5104F045FAD4F8C001C4F8D05184F8AD
:105BE000AF5104F03DFA04F114004FF4AC71DCF74E
:105BF00057FAD4F89001FF21217504F031FAD4F856
:105C0000940104F02DFAD4F89801F3F7D5F8D4F8FC
:105C1000700103F09DF9657001202073FFF7E2F930
:105C2000227B0321FFF7CCF90020BDE8B04040B251
:105C3000704700BFFE2040B27047000041F6402090
:105C4000C1F200000178012918BF00207047000050
:105C5000F0B583B041F64024C1F200042078012859
:105C600077D0FF200025207504200F21002200237B
:105C7000A4F8B051CDE90055042604F03DFAC4F86B
:105C8000900102200F21002200230095019504F0CD
:105C900033FAC4F8940101200A2100220127F3F706
:105CA00039F8C4F898010A20402100220023C4F8E2
:105CB000C45184F8AC510095019504F01DFAC4F864
:105CC000B4010A20402100220023C4F8C85184F8FE
:105CD000AD510095019504F00FFAC4F8B8010A20FF
:105CE000402100220023C4F8CC5184F8AE51009525
:105CF000019504F001FAC4F8BC010A2040210022F9
:105D00000023C4F8D05184F8AF510095019504F0F8
:105D1000F3F9C4F8C001042004210022F2F7FAFFCD
:105D2000C4F8D40103F01EF8C4F8700105201F2147
:105D300084F8886184F87D5106F0BCFCC4F87801D1
:105D40002780E5702773FFF74DF9227B0321FFF7CA
:105D500037F941F64020C1F2000003B0F0BD000069
:105D6000B0B582B0F0B10446F5F78CFF94F8881115
:105D700004F5BC724DF674630092C0F6060300226F
:105D80000025F5F74DFFD4F8780106F07BFC0728D5
:105D900004D1F3F743F9F3F77DFA002568B202B0B6
:105DA000B0BD00BFFE2568B202B0B0BDB0B32DE9F2
:105DB000F04381B014460A46417849B390F8B011D7
:105DC00091422FD9064603200021FF234FF6FF758D
:105DD00009F074FB2179B4F805208DF8011044F620
:105DE0000251A6F8A411218806F5D279A9420DF135
:105DF0000101ADF80220C6F8A81119D16188A942A5
:105E000016D10446F4F7E8FA49462246F4F758FC5E
:105E1000002001B0BDE8F04340B27047FE2040B220
:105E2000704700BFFF2001B0BDE8F04340B27047AB
:105E3000402500274FF0010806E000BF01275FEA78
:105E4000C8704FF00008E3D034F817000121F4F7D0
:105E5000E9FF01280CD125F01D00384340F0020570
:105E6000F4F7BAFA65F3070649463246F4F7EAFC56
:105E700034F817000221F4F7D5FF01280CD125F0E2
:105E80001B00384340F00405F4F7A6FA65F3070653
:105E900049463246F4F7D6FC34F817000321F4F7EC
:105EA000C1FF01280CD125F01900384340F0060548
:105EB000F4F792FA65F3070649463246F4F7C2FC56
:105EC00034F817000421F4F7ADFF01280CD125F0B8
:105ED0001700384340F00805F4F77EFA65F307062B
:105EE00049463246F4F7AEFC34F817000521F4F7C2
:105EF00099FF01280CD125F01500384340F00A0520
:105F0000F4F76AFA65F3070649463246F4F79AFC55
:105F100034F817000621F4F785FF01280CD125F08D
:105F20001300384340F00C05F4F756FA65F3070602
:105F300049463246F4F786FC34F817000721F4F797
:105F400071FF01280CD125F01100384340F00E05F7
:105F5000F4F742FA65F3070649463246F4F772FC55
:105F600034F817000821F4F75DFF01280CD125F063
:105F70000F00384340F01005F4F72EFA65F30706DA
:105F800049463246F4F75EFC34F817000921F4F76D
:105F900049FF01280CD125F00D00384340F01205CF
:105FA000F4F71AFA65F3070649463246F4F74AFC55
:105FB00034F817000A21F4F735FF01280CD125F039
:105FC0000B00384340F01405F4F706FA65F30706B2
:105FD00049463246F4F736FC34F817000B21F4F743
:105FE00021FF01280CD125F00900384340F01605A7
:105FF000F4F7F2F965F3070649463246F4F722FC56
:1060000034F817000C21F4F70DFF01280CD125F00E
:106010000700384340F01805F4F7DEF965F307068A
:1060200049463246F4F70EFC34F817000D21F4F718
:10603000F9FE01280CD125F00500384340F01A057F
:10604000F4F7CAF965F3070649463246F4F7FAFB56
:1060500034F817000E21F4F7E5FE01287FF4EEAEC8
:1060600025F00300384340F01C05F4F7B5F965F35B
:10607000070649463246F4F7E5FBDFE62DE9F04135
:1060800086B0A8B34378CBB390F8B0318B423BD9FC
:1060900040F20273A0F8A43100260B4600F5D2743A
:1060A0000746C0F8A86103200021984615461A4605
:1060B000FF2309F003FA2946022D054654D0012991
:1060C00028D081B901208DF8080002A8C7F8A801DE
:1060D000F4F782F921462A46F4F7F2FA07EB0800B2
:1060E000002680F8AC6170B206B0BDE8F08100BF58
:1060F000FE2670B206B0BDE8F08100BF002670B287
:1061000006B0BDE8F08100BFFF2670B206B0BDE862
:10611000F08100BF44F602400026A7F8A401C7F8AA
:10612000A861F4F759F921462A46F4F7C9FA07EBB2
:106130000800012180F8AC110320042106F0BAFA0E
:10614000CDE90206CDE90466F5F79CFD4DF67463D2
:1061500002AFC0F60603032100220097F5F760FDA9
:1061600070B206B0BDE8F08102A88DF80860C7F8EB
:10617000A801F4F731F921462A46F4F7A1FA07EB12
:106180000800012180F8AC1170B206B0BDE8F081C2
:1061900050B1134642785AB1D0F8D40146F21D42AC
:1061A000C0F60502FEF762BEFE2040B2704700BF97
:1061B000002040B270470000A0B32DE9F04383B047
:1061C00014460A46417839B390F8B01191422DD95E
:1061D000064603200021FF234FF6FF7509F06EF9F4
:1061E000A188E268ADF8061045F20201A6F8A411F4
:1061F000218806F5D279A9420DF106010292C6F86E
:10620000A81119D16188A94216D10446F4F7E4F81F
:1062100049462246F4F754FA002003B0BDE8F043A3
:1062200040B27047FE2040B2704700BFFF2003B06D
:10623000BDE8F04340B27047402500274FF0010809
:1062400006E000BF01275FEAC8704FF00008E3D006
:1062500034F817000121F4F7E5FD01280CD125F0F1
:106260001D00384340F00205F4F7B6F865F3070661
:1062700049463246F4F7E6FA34F817000221F4F7FB
:10628000D1FD01280CD125F01B00384340F0040556
:10629000F4F7A2F865F3070649463246F4F7D2FA56
:1062A00034F817000321F4F7BDFD01280CD125F0C7
:1062B0001900384340F00605F4F78EF865F3070639
:1062C00049463246F4F7BEFA34F817000421F4F7D1
:1062D000A9FD01280CD125F01700384340F008052E
:1062E000F4F77AF865F3070649463246F4F7AAFA56
:1062F00034F817000521F4F795FD01280CD125F09D
:106300001500384340F00A05F4F766F865F3070610
:1063100049463246F4F796FA34F817000621F4F7A6
:1063200081FD01280CD125F01300384340F00C0505
:10633000F4F752F865F3070649463246F4F782FA55
:1063400034F817000721F4F76DFD01280CD125F072
:106350001100384340F00E05F4F73EF865F30706E8
:1063600049463246F4F76EFA34F817000821F4F77C
:1063700059FD01280CD125F00F00384340F01005DD
:10638000F4F72AF865F3070649463246F4F75AFA55
:1063900034F817000921F4F745FD01280CD125F048
:1063A0000D00384340F01205F4F716F865F30706C0
:1063B00049463246F4F746FA34F817000A21F4F752
:1063C00031FD01280CD125F00B00384340F01405B5
:1063D000F4F702F865F3070649463246F4F732FA55
:1063E00034F817000B21F4F71DFD01280CD125F01E
:1063F0000900384340F01605F3F7EEFF65F3070692
:1064000049463246F4F71EFA34F817000C21F4F727
:1064100009FD01280CD125F00700384340F018058C
:10642000F3F7DAFF65F3070649463246F4F70AFA4E
:1064300034F817000D21F4F7F5FC01280CD125F0F4
:106440000500384340F01A05F3F7C6FF65F3070669
:1064500049463246F4F7F6F934F817000E21F4F7FE
:10646000E1FC01287FF4EEAE25F00300384340F054
:106470001C05F3F7B1FF65F3070649463246F4F70A
:10648000E1F9DFE640B1417811B1C178012907D1C6
:10649000002040B2704700BFFE2040B2704700BFEE
:1064A00010B50121C170062101730446FEF79AFD63
:1064B000227B0321FEF784FD0020BDE8104040B29E
:1064C000704700002DE9F04381B000283ED004461B
:1064D0004078002862D0E07800285FD001208DF855
:1064E000030040F20270A4F8A40194F8B0010DF189
:1064F0000301C4F8A81178B304F5D27904F5D6776E
:106500004FF00008002502E00135854224D207EB58
:10651000850189690029F7D07A5D002AF4D00A78CC
:10652000002AF1D081F80080EAB203200021002384
:1065300008F0C4FF0646F3F74FFF49463246F4F72A
:10654000BFF807F8058094F8B001DDE7FE2568B2D2
:1065500001B0BDE8F08300BF00250420E570207382
:10656000FEF740FD227B0321FEF72AFD94F8B001DF
:106570000028ECD004F5E276002700BF306856F81A
:10658000105C0830F2F718FC284603F069FD94F817
:10659000B0010137874206F10406EFD3002568B247
:1065A00001B0BDE8F0830000002800F083802DE9F1
:1065B000F04F81B082464078002875D09AF80300E9
:1065C000002871D09AF8B00100286DD00AF5E27861
:1065D00001290AF5DA794FF0000406D039E000BF4E
:1065E0009AF8B001013484425ED258F8240059F878
:1065F000245000F108063046F2F7DEFB3046F2F791
:1066000077FB0128ECD0284603F05AFD0128E7D09B
:106610003046F2F75FFB8346284603F0E1FEC7B23F
:10662000BB4538BF5F46002FDAD000BF284603F0D5
:106630004FFD01463046F2F79FFB284603F072FEFD
:10664000013FF3D1CCE700BF9AF8B0010134844296
:106650002AD258F8240059F8245000F10806304690
:10666000F2F746FB0128EFD0284603F029FD012868
:10667000EAD03046F2F72EFB8346284603F0B0FE00
:10668000C7B2BB4538BF5F46002FDDD0284603F0B8
:106690001FFD01463046F2F76FFB284603F042FE2D
:1066A000013FF3D1D0E700BF002001B0BDE8F04FBB
:1066B00040B27047FE2040B2704700002DE9F04F15
:1066C0008FB093468146002862D08A4600295FD069
:1066D0009AF80000072873D199F801001C46012898
:1066E00002D14846FFF730FA022089F80C00FEF785
:1066F00079FC99F80C200321FEF762FCD9F87001AF
:1067000002F026FCC9E901B989F80240BAF8040090
:10671000DAF80610ADF832009AF80A0000260028D0
:106720000D91ADF8306067D0CDF80CB0AAF1040639
:1067300000254FF0FF380DF1300B0024308A718AAC
:1067400005430C43F4F782FB718A07460846F4F7C9
:106750007DFB38440BEB080148709AF80A0008F1F9
:10676000020108F1010804368142E7D39DF83000A8
:106770009DF83110002608284FF0000888BF4FF020
:106780000108082988BF0126DDF80CB038E000BFF9
:1067900041F64024C1F2000405202073FEF722FCDC
:1067A000227B0321FEF70CFCBBF1000F1ED04846F4
:1067B0000021D847FE2040B20FB0BDE8F08F00BFE7
:1067C000052089F80C00FEF70DFC99F80C20032138
:1067D000FEF7F6FBBBF1000F00F0A0804846002159
:1067E000D847FF2040B20FB0BDE8F08FFE2040B286
:1067F0000FB0BDE8F08F00BF4FF000080024002567
:10680000A8B2ADF83850ADF83A40F4F71FFB074690
:10681000A0B2F4F71BFB3844C1B20F2922D8B8F15B
:10682000000F1FD1F6B9D9F89801F2F7C5FAD9F8D7
:1068300098010DF13201F2F79FFA46F22D40C0F6B1
:10684000050009F5CE75C9E9670AF2F7E7FBD9F843
:1068500098112A46F2F736FD002040B20FB0BDE88D
:10686000F08F00BF00020E9A0F300021A9F87E01C0
:10687000D01709F5BC74A9F87C11C9E96020CDE9ED
:106880000A11CDE90811CDE90611CDE904110CF08A
:106890007DFB0CF085FB46F2CD5104AE0346C0F6FD
:1068A000050130464A46F1F7BBFE052006210525C5
:1068B00005F000FFC9F87801042089F88801F5F790
:1068C000E1F999F888114DF67463C0F606030022C9
:1068D0000094F5F7A5F9D9F8741181B14CF2F002E2
:1068E000C0F60602FF27D9F87001D2E9002389F823
:1068F00089710127CDE90017029602F0A7FA89F8FD
:106900000C50FEF76FFB99F80C200321FEF758FBA3
:10691000BBF1000F02D048460021D847FF2040B20B
:106920000FB0BDE8F08F0000002814BF4079FF20B1
:10693000704700002DE9F04F81B00546F5F7A2F948
:106940004BF280574DF6EC432946C0F6060750A29D
:10695000C0F60603002D18BF01210097F5F738F99E
:10696000F9F71CFB042110220123F9F721FB8146D2
:106970000560E878002689F80500FF2089F80460A2
:1069800089F80600F9F70AFB2B7804210822F9F7A9
:106990000FFB2A78C9F80800A2B10146002700BF02
:1069A00041F83760F9F7FAFAAB7801210122F9F7DB
:1069B000FFFAD9F808102B7801EBC70201379F4284
:1069C0005060EDD3687800283ED04DF6EC4A0026A2
:1069D000C0F6060A4FF0010B1FE000BF00214BF28A
:1069E000805431A25346C0F606040094F5F7F0F83F
:1069F000D9F8080017F8361098F8023000EBC102F9
:106A000050F831700BFA03F45268274340F83170A4
:106A1000D65468780136864216D2EF68F5F732F917
:106A200017F83620297807EBC6088A42D6D298F89C
:106A300001208A42D2D298F80210AA7891424FF0EF
:106A4000000138BF0121CAE7287938B1F9F7A6FA61
:106A50002A7904210123F9F7ABFA00E00020D9F8E4
:106A60000010C9F80C000A691AB148469047D9F8D5
:106A70000010C878496989F80500002089F80400E9
:106A800009B148468847484601B0BDE8F08F00BFCD
:106A9000656F5F736D5F4E657728293A204E554CC0
:106AA0004C20636667000000735F656F5F736D5F06
:106AB0005370656369616C69736528293A20777240
:106AC0006F6E672063666700002845D02DE9F041AE
:106AD000026893788B4243D9037973B99768D27867
:106AE000012307EB021292680371FF23837122B125
:106AF00004460D469047294620468268457952F85B
:106B00003530CB40DB0731D002EBC5020368526859
:106B10008171D3E90283515C03EBC1067778BD42F2
:106B200006D008EB0511C96811B104468847204614
:106B3000716811B10446884720467178BD424171A1
:106B400005D008EB07118968002918BF8847002085
:106B5000BDE8F04140B27047FE2040B2704700BF30
:106B6000FF20BDE8F04140B2704700BFFB20BDE808
:106B7000F04140B27047000020B1017931B10020EE
:106B800040B27047FE2040B2704700BF016801224A
:106B90008B68C978027103EB01118968FF22002913
:106BA0008271ECD080B588470020BDE8804040B2BB
:106BB0007047000010B5F9F7F1F9042118220123FC
:106BC000F9F7F6F90446F1F71FFDA060F1F71CFD97
:106BD000A168E0600846F1F7B3FCE068F1F7B0FCAB
:106BE000FF2020704FF440700021208220466180F9
:106BF0006160A174616110BD80B5F4F70DF90028E2
:106C000014BF4068002080BD80B5F4F705F9002866
:106C100014BF0078FF2080BD2DE9F0411E461746C5
:106C20000C46F4F7F9F8D8B10546DDE90680089975
:106C30006874A86800222C706F806A602A74A97436
:106C400096B13146F1F784FCE868B8F1000F11D035
:106C50004146F1F77DFC002040B2BDE8F08100BF65
:106C6000FE2040B2BDE8F081F1F76AFCE868B8F1B7
:106C7000000FEDD1F1F764FC002040B2BDE8F081D7
:106C800070B514460E46F4F7C7F868B1054680683B
:106C900076B13146F1F75CFCE86874B12146F1F752
:106CA00057FC002040B270BDFE2040B270BD00BF56
:106CB000F1F746FCE868002CF0D1F1F741FC002028
:106CC00040B270BD70B582B00446002001906CB136
:106CD000204616460D46FFF78FFF2068417C0129AC
:106CE00008D1FF2040B202B070BD00BFFE2040B20C
:106CF00002B070BD807C01280AD10CF0C7FA214691
:106D000032460CF0CDFA18B1FD2040B202B070BD91
:106D10006068E26801A9F5F721FF0028E2D1019936
:106D20002846FBF757FD4CF20C11C0F606016068CF
:106D30000968F5F7D3FF002040B202B070BD000033
:106D40002DE9F04F83B01D46914688460746F9F776
:106D500025F9042130220123F9F72AF90446F4F732
:106D600091FF69424DF6A453791A4FF000062EA206
:106D7000C0F6060318BF01210096F4F729FFFFF7BC
:106D800019FF42F2C17A42F2D57BC0F6040AC0F67E
:106D9000040B20607FB142F61502C0F604021420F5
:106DA00039464346CDF800B0CDF80890CDF804A0A0
:106DB000F5F700FF064666604FF0000675B1DDE9A5
:106DC0000C3742F61502C0F6040214202946CDE91C
:106DD00000BA0297F5F7EEFE01E000BF00204CF28A
:106DE0000C11C0F606010968C4E9020101F0BAFFFE
:106DF00020614FF0FF30C4E90600C4E90866F1F7EE
:106E000003FC0546A0620CF0C1F80CF0C9F846F28C
:106E10002D610346C0F6050128462246F1F700FC25
:106E2000204603B0BDE8F08F656F5F736F636B65DD
:106E3000746474675F4E65772829206E6565647396
:106E4000206174206C65617374206F6E6520706BB7
:106E5000742071756575650000284FD02DE9F041EB
:106E600084B0044602F0FD001D46174688460128FE
:106E70000DD1A06858B9F4F705FF4DF6A4530026CC
:106E800038A2C0F6060305210096F4F7C9FE07F004
:106E9000FE0002280DD1606858B9F4F7F3FE4DF6F4
:106EA000A45300263AA2C0F6060305210096F4F783
:106EB000B7FE0A9E012D12D1606880B9F4F7E2FE98
:106EC0004EF658024DF6A4534FF0000CC0F60602E1
:106ED000C0F606030521CDF800C0F4F7A1FE04F1C9
:106EE00018007EB14ECE4EC02068007CA8B1FF20B5
:106EF00004B0BDE8F04140B2704700BFFE2040B290
:106F0000704700BF00214FF0FF32C0E90022C0E906
:106F100002112068007C0028E9D1DDE90B30002156
:106F2000CDE90007204642460295FFF775FE0CF0BA
:106F3000ADF921460CF09AF90028D9D194F8240033
:106F4000012809D12069D4E90623216AA76A01260C
:106F50008DE8C20001F07AFF002004B0BDE8F041E6
:106F600040B27047656F5F736F636B65746474677D
:106F70005F4F70656E2829206E6565647320616EB1
:106F8000206F7574707574207175657565000000EB
:106F9000656F5F736F636B65746474675F4F706573
:106FA0006E2829206E6565647320616E20696E709D
:106FB000757420717565756500000000B0B584B00A
:106FC00060B104460D46FFF717FE18B12068407CFB
:106FD000022807D1FF2040B204B0B0BDFE2040B26D
:106FE00004B0B0BDD4E902022946F5F741FE0028FD
:106FF000F1D14CF2F000C0F60600D0E90001D4E96E
:10700000062359405040084301D1206AC0B194F88A
:10701000240018B1002040B204B0B0BD206901F0D6
:1070200093FE0128D6D02069D4E90623216AA56AF7
:1070300000248DE8320001F009FF04B0B0BD00BFAC
:107040000CF024F92146102204B0BDE8B0400CF049
:1070500001B9000000284FF0FE0218BF002901D13D
:1070600050B270470268527C012A05D10020FF22ED
:10707000088050B2704700BF4368C2681846F5F7F1
:1070800053BE0000C0B103681B7CCBB170B5144681
:1070900005460E460CF0FAF80CF0F0F8284631469A
:1070A0002246FFF7EDFD0CF0F1F80CF0BBF80020E4
:1070B000BDE8704040B27047FE2040B2704700BF4C
:1070C000FF2040B2704700002DE9F04186B0002853
:1070D0004FF0FE0518BF002904D168B206B0BDE824
:1070E000F08100BF012B2BD841F61845C1F20005F5
:1070F000D5F8B401002800F0C58107781826002FC4
:10710000884618BF042F4BD11746304401F10802BE
:10711000002B1C4619464FF0030318BF0321F1F75B
:107120008BFD287801282FD16878002848D0D5F821
:10713000BC0103F049FA41463A46234634E000BF19
:1071400003F0FE02022A13D1D0F8B401002800F0A7
:107150009981283001F10802991E4FF0030318BFEE
:107160000321F1F769FD002568B206B0BDE8F081A2
:10717000042B40F087810846002100250FF016FB04
:1071800068B206B0BDE8F08144F24841C1F20001A6
:10719000086800260130086041463A4623461FE051
:1071A000032F01D12826AFE744F24847C1F2000778
:1071B00038682E780130012E38600BD000260FE0A1
:1071C00044F24841C1F2000108683A4601300860C3
:1071D00041462346D5F8B471002F14BF7E780026AF
:1071E0008F79072F54D18D7B002D51D0C5F38107A6
:1071F00053B144F24843012FC1F200030ED0022FD5
:1072000011D103F10A070BE044F24843012FC1F208
:1072100000031FD0022F22D11F1D1DE003F116070E
:107220003C8801343C80C5F30117012F04D0022FA4
:1072300007D103F10C0701E003F118073C88013482
:107240003C80AF09012F03D0022F21D10E331CE067
:107250001A331AE003F110073C8801343C80C5F36F
:107260000117012F04D0022F07D19F1D02E000BF9C
:1072700003F112073C8801343C80AF09012F03D091
:10728000022F05D1083300E014331F8801371F8017
:10729000002E4FF000053FF420AF4FF4FA63734324
:1072A0009842FFF41AAF44F24845C1F20005002AA3
:1072B000A8882A8A4FF002064FF0000708BF01266F
:1072C00010432F601CD00878022100098DF80D00B2
:1072D00001208DF80C6005F0EDF90290A888298A4C
:1072E000ADF80E70CDE90410F4F7CCFC02AC04212B
:1072F000002200230094F4F793FC4146AF802F82D4
:10730000E8886A8ACDE904771043039702971ED074
:107310000878022100098DF80D0001208DF80C601D
:10732000012405F0C7F90290E888698AADF80E409B
:10733000CDE90410F4F7A6FC02A900910421002273
:1073400000230024F4F76CFC4146EC806C82288911
:10735000AA8A00271043CDE90477039702971DD02E
:107360000878022100098DF80D0001208DF80C60CD
:10737000022405F09FF902902889A98AADF80E40F1
:10738000CDE90410F4F77EFC02AC042100220023B6
:107390000094F4F745FC41462F81AF826889EA8A60
:1073A000CDE904771043039702971ED00878022195
:1073B00000098DF80D0001208DF80C6005F07AF9B8
:1073C00002900320ADF80E006889E98ACDE9041027
:1073D000F4F758FC02A900910421002200230024A4
:1073E000F4F71EFC41466C81EC82A8892A8B0027A9
:1073F0001043CDE90477039702971DD00878022146
:1074000000098DF80D0001208DF80C6005F052F98F
:1074100002900420ADF80E00A889298BCDE9041054
:10742000F4F730FC02AC0421002200230094F4F7AE
:10743000F7FB4146AF812F83E8896A8BCDE904775A
:107440001043039702971DD00878022100098DF898
:107450000D0001208DF80C6005F02CF9029005203C
:10746000ADF80E00E889698BCDE90410F4F70AFC49
:1074700002A900910421002200230024F4F7D0FB8C
:10748000EC816C83002568B206B0BDE8F081000095
:107490002DE9F04182B000284FF0FE0518BF002909
:1074A00004D168B202B0BDE8F08100BF0A78062AB4
:1074B00060D1044640780E46012802D1204600F0F3
:1074C00067F8F4F773F801214FF00108F4F764FB53
:1074D000F4F76CF8F4F782F9002851D0F4F766F865
:1074E00000210025F4F714F9C4F8B40104F11400E4
:1074F00031464FF4AC7227463446DAF738FDB17A9C
:107500003079022666F35F118DF8051021898DF818
:107510000400D7F89001ADF8061001A902F030FF81
:10752000F2F7F2FBD7F89011F2F78EFDA07A0DF189
:10753000020166F35F108DF80200D7F894018DF810
:10754000035002F01DFFF2F7DFFBD7F89431022160
:107550000022F2F723F8042087F801803873FDF742
:1075600041FD3A7B0121FDF72BFD68B202B0BDE879
:10757000F08100BFFF2568B202B0BDE8F08100BF16
:1075800000206070FF2568B202B0BDE8F081000005
:10759000B0B582B000286BD00446407800286BD08C
:1075A000E07801281FD101208DF8070040F2027019
:1075B000A4F8A4010DF1070004F5D275C4F8A801E0
:1075C000F2F70AFFD4F8AC212946F3F7E3F80020DC
:1075D000E07004202073FDF705FD227B0121FDF7FB
:1075E000EFFC607848B1D4F8B80146F24162C0F6C9
:1075F000050200210023FDF739FCF2F785FBD4F8E2
:107600009431022100220025F2F78CF8F2F77CFB7E
:10761000D4F89011F2F772FDF3F7C8FF0021F4F7E8
:10762000BBFA04F114004FF4AC71C4F8B451DAF7AA
:1076300037FDD4F89001FF21217502F011FDD4F837
:10764000940102F00DFDD4F89801F1F7B5FBD4F8E0
:10765000700101F07DFC012065702073FDF7C2FC14
:10766000227B0121FDF7ACFC68B202B0B0BD00BFC7
:10767000FE2568B202B0B0BD01202073FDF7B2FC58
:10768000227B0121FDF79CFC002568B202B0B0BD51
:1076900041F61840C1F200000178012918BF00200E
:1076A00070470000F0B585B041F61844C1F20004FF
:1076B000207801285DD0022000210022FF23002530
:1076C000FF2607F0FBFEC4F8AC01042001210022D4
:1076D00000232675CDE900550427012602F00CFD94
:1076E000C4F8900102200121002200230095019599
:1076F00002F002FDC4F8940101200A210022F1F7F2
:1077000009FBC4F89801022004210022C4F8B451F6
:10771000F1F700FBC4F8B80148F2A060C0F2010024
:1077200002904FF47A700395ADF80C0046F6A50070
:10773000C0F60500049002A8C4F8B05102F01AFF88
:10774000C4F8BC0101F00EFBC4F8700105201D2136
:1077500084F8887184F87D5104F0ACFFC4F8780196
:107760002680E5702673FDF73DFC227B0121FDF7A5
:1077700027FC41F61840C1F2000005B0F0BD000042
:10778000B0B582B0F0B10446F4F77CFA94F88811F1
:1077900004F5BC724DF68E630092C0F6060300221B
:1077A0000025F4F73DFAD4F8780104F06BFF0928BE
:1077B00004D1F1F733FCF1F76DFD002568B202B09A
:1077C000B0BD00BFFE2568B202B0B0BD70B582B0DA
:1077D0004FF0FE0618B30D4609B304464078E8B1F1
:1077E000287804F5D2768DF8050040F20270A4F8EE
:1077F000A4010DF10500C4F8A801F2F7EDFDD4F8DD
:10780000AC213146F2F7C6FF9DF80510D4F8BC0153
:10781000012907D102F006FF06E000BF002670B282
:1078200002B070BD02F0EAFE607869788DF806104B
:10783000B8B140F60200A4F8A4010DF10600C4F8A6
:10784000A801F2F7C9FDD4F8AC213146F2F7A2FF46
:107850009DF80610D4F8BC0142F21072514302F0B8
:10786000EBFEA87801282DD1607800260028D6D01C
:1078700041F61845C1F200052878C4F8B061012826
:10788000CDD1D5F8B4010028C9D000F108020620F6
:107890000221F1F73FFA41F60200A5F8A4010DF12B
:1078A00007008DF8076005F5D274C5F8A801F2F756
:1078B00093FDD5F8AC212146F2F76CFF70B202B00F
:1078C00070BD00BF002670B202B070BD50B113464B
:1078D00042785AB1D0F8B80146F24162C0F60502CA
:1078E000FDF7C4BAFE2040B2704700BF002040B28E
:1078F0007047000040B1417811B1C178012907D12A
:10790000002040B2704700BFFE2040B2704700BF69
:10791000B0B50121C170062101730546FDF762FB78
:107920002A7B0121FDF74CFBD5F8B40140F202712E
:1079300005F5D274A5F8A411C5F8A801F2F74CFD1D
:10794000D5F8AC212146F2F725FF0020BDE8B04074
:1079500040B2704770B582B030B3417841B3C1785E
:107960000025E9B101218DF8071040F20271A0F85D
:10797000A4110DF1070100F5D274C0F8A811064654
:10798000F2F72AFDD6F8AC212146F2F703FF0420D6
:10799000F5703073FDF726FB327B0121FDF710FBFC
:1079A00068B202B070BD00BFFE2568B202B070BD03
:1079B000002568B202B070BD90B1417861B1C17864
:1079C00051B180B5D0F8BC0102F0A0FD0020BDE8A7
:1079D000804040B2704700BF002040B2704700BFF7
:1079E000FE2040B2704700002DE9F04184B01546FA
:1079F0000446002818BF002916D141F61846C1F2E6
:107A0000000605203073FDF7EDFA327B0121FDF70A
:107A1000D7FA002D66D020460021A847FE2670B276
:107A200004B0BDE8F08100BF0878062848D160782E
:107A30001E460F46012802D12046FFF7A9FD02206D
:107A40002073FDF7CFFA227B01214FF00108FDF7EB
:107A5000B7FAD4F8700101F07BFAC4E90154A670BA
:107A6000B888BA7AADF80600D7F806000DF1060519
:107A70000290C2F3430008FA00F3D4F89801A91D5C
:107A8000002602F00102039621F81230F1F794F972
:107A9000D4F898012946F1F76FF946F24960C0F62B
:107AA000050004F5CE75C4E96707F1F7B7FAD4F815
:107AB00098112A46F1F706FC70B204B0BDE8F081D7
:107AC00005202073FDF78EFA227B0121FDF778FA5D
:107AD00075B120460021A847FF2670B204B0BDE86A
:107AE000F08100BFFE2670B204B0BDE8F08100BF97
:107AF000FF2670B204B0BDE8F0810000002800F05D
:107B000085802DE9F04788B04778002F00F0A880E5
:107B1000C778002F00F0A48090F8AC71002F00F01F
:107B20009F80044602200F46154699468DF80800AE
:107B300004F092FE0DF10808414604F07BFE9DF82A
:107B4000080001284FF0000040F08B800790D4F827
:107B5000B8014FF47061D5F800A0069102F0C0FAA8
:107B600001282AD10820002104F0A4FD02902868F1
:107B7000A9796FF31F3040EA0130ADF80E002846B6
:107B80002E46F3F757F805912978049008098DF8E7
:107B90000D000220B9F1000F08BF01208DF80C0084
:107BA000F4F770F8032100220023CDF80080F4F7E9
:107BB00037F82046012100F019FC0F2F2AD15FFA77
:107BC0008AF0B5F80910060909F00107CAF3031095
:107BD00040EA0715ADF81A100BF0D4FC0BF0E2FCEC
:107BE0004FF47A720023D9F731FD0790D4F8B80129
:107BF00006A98DF8185002F0C3FB04EB470000F50E
:107C0000F2703146F3F712F92AE000BFFE2040B2CD
:107C1000704700BF0720012104F04CFD0290286846
:107C2000A9796FF31F3040EA0130ADF80E00284605
:107C3000F3F700F805912978049008098DF80D00F4
:107C40000220B9F1000F08BF01208DF80C00F4F7F5
:107C500019F8032100220023CDF80080F3F7E0FF9C
:107C6000002008B0BDE8F04740B270472DE9F04F62
:107C70008BB000284FF0FE0818BF002904D14FFA3E
:107C800088F00BB0BDE8F08F04460878092861D170
:107C900060780D46012802D1204600F013FAF3F770
:107CA00085FC0121F3F786FFF3F780FCF3F79EFDD7
:107CB000002800F07381F3F779FC00214FF00008F1
:107CC000F3F734FDC4F8BC0104F1140029464FF465
:107CD000AC72DAF74CF92F1D8FCF04F5E27CAE6958
:107CE0008CE88F00D4F8DC0105F11C012022C4F8D7
:107CF000D861DAF7B5F8D4F8DC014FF47A71C4E949
:107D00007888C4F8E881C4F8EC11F1F783F8C4F876
:107D1000E08138B3054604F5F076002704E000BFA3
:107D20000137F8B2A8421DD2D4F8DC01F9B2F0F75D
:107D3000C5FF0028F4D0417801F003000128EFD1FD
:107D4000C1F3800006EB4000C1F3C301F3F776F8FE
:107D5000E6E700BF4FF0FF084FFA88F00BB0BDE830
:107D6000F08F00BFD4F8DC0104F5E27AF1F752F8A5
:107D700006468F4803AD02908DA000F1040E9EE8E8
:107D80008E50C069CDF8288085E88E5009904EB39A
:107D900000270DF128080DF1080903E00137F8B2BA
:107DA000B0421FD2D4F8DC01F9B2F0F787FF002807
:107DB000F4D0417801F00302012AEFD1C1F380022F
:107DC00048EA4202C1F3C30105461046F3F736F80C
:107DD00068782978C0F38002C0F3C30009EB02126F
:107DE0001154DBE744F2FE000190402001270DF121
:107DF000080B0DF1040800250DF10209ADF8020091
:107E000025E000BF002100208DF806109DF8051028
:107E10008DF8070001F0E00040EA4701D4F8900136
:107E20008DF80510414602F0ABFA9DF80200494674
:107E300000F0E00040EA47008DF80200D4F8940119
:107E40008DF8035002F09CFA01370F2F12D0BDF8C5
:107E50002800F9B2F2F7E6FF0128F5D11BF8071068
:107E600050468DF8041002F06FFC0028CAD001794A
:107E70004079C9E711270DF1040800250DF1020929
:107E800027E000BF002100208DF806109DF80510A6
:107E90008DF8070001F0E00040EA4600411CD4F8EC
:107EA00090018DF80510414602F06AFA9DF8020033
:107EB000494600F0E00040EA460001308DF802003B
:107EC000D4F894018DF8035002F05AFA01371F2FAD
:107ED00014D0BDF82A00A7F11006F1B2F2F7A2FF04
:107EE0000128F3D11BF8071050468DF8041002F05A
:107EF0002BFC0028C6D001794079C5E7F1F704FFD3
:107F0000D4F89011F2F7A0F8F1F7FEFED4F894310E
:107F100002210222F1F742FBD4F8DC01F0F77AFFEC
:107F20004FF00008C4F8B48130B3824604F5DA7922
:107F3000002503E00135E8B250451DD2D4F8DC013C
:107F4000EFB23946F0F7BAFE0028F3D006464FF0FC
:107F5000FF303946F2F7B0FF0028EBD0717801F01E
:107F600003000128E6D1C1F3800009EB4000C1F312
:107F7000C301F2F763FFDDE701206070042084F89D
:107F8000AC812073FDF72EF8227B0521FDF718F850
:107F90004FFA88F00BB0BDE8F08F00BF0020607092
:107FA0004FF0FF084FFA88F00BB0BDE8F08F00BF2C
:107FB000FE000000000000000000000000000000C3
:107FC00000000000000000000000000000000000B1
:107FD0002DE9F04786B0824600284FF0FE0018BF1A
:107FE000002903D140B206B0BDE8F0879AF801003D
:107FF000002862D00888B1F8028000280146C2B289
:10800000AAF8B001AAF8B28104BF0121AAF8B01100
:108010008A421FD041EA00200021CDE90211ADF8CB
:108020000E00CDE904110520322104F043FB02903B
:1080300003208AF88801F3F725FE9AF888114DF697
:10804000B46302AFC0F6060300220097F3F7E8FD21
:10805000BAF8B281DAF8DC01F0F7DCFE064600205F
:10806000CAF8B40136B30AF5DA79002404E000BF97
:108070000134E0B2B0421DD2DAF8DC01E5B22946A3
:10808000F0F71CFE0028F3D0074640462946F2F7D9
:1080900013FF0028ECD0797801F003000128E7D124
:1080A000C1F3800009EB4000C1F3C301F2F7C6FE43
:1080B000DEE700BF01208AF8AC01002040B206B024
:1080C000BDE8F08700287DD0B0B504464078002890
:1080D0006BD0E078012821D194F8AC0170B194F80C
:1080E000B0212046002100250EF02EFC4FF47A70BE
:1080F00084F8F051C4E97855C4E97A500020E07062
:1081000004202073FCF76EFF227B0521FCF758FF4B
:10811000D4F8B80101F0A4FF607848B1D4F8C001E8
:1081200046F60542C0F6050200210023FCF79EFE3C
:10813000F1F7EAFDD4F8943102210222F1F7F2FAC4
:10814000F1F7E2FDD4F89011F1F7D8FFF3F72EFA2A
:1081500000210025F3F72EFDD4F8DC01C4F8BC5152
:10816000F0F72AFED4F8B80101F07AFF04F1140008
:108170004FF4AC71D9F794FFD4F89001FF21217529
:1081800001F06EFFD4F8940101F06AFFD4F8980171
:10819000F0F712FED4F8700100F0DAFEA4F8B25144
:1081A00084F8AC51A4F8AD51657001202073FCF740
:1081B00019FF227B0521FCF703FF0020BDE8B0403A
:1081C00040B27047FE2040B27047000041F6D850E0
:1081D000C1F200000178012918BF0020704700009B
:1081E0002DE9F04182B041F6D854C1F20004207864
:1081F000012868D0FF202075002504200F210022CF
:108200000023CDE900554FF0040801F075FFC4F8D4
:10821000900102200F2100220023CDE90055022603
:1082200001F06AFFC4F8940104200A210022F0F74B
:1082300071FDC4F898014FF47A70C4E97A500120B6
:1082400004210022C4F8B45184F8AC51A4F8AD5113
:10825000C4E97855C4F8BC510127F0F75BFDC4E9C7
:108260007005072004210022C4E97255C4E9745541
:10827000C4F8D851F0F74EFDC4F8DC0108201021F5
:1082800000220023C4F8B0610095019501F034FF8D
:10829000C4F8B80100F066FDC4F8700105202D2176
:1082A00084F8888184F87D5104F004FAC4F87801D8
:1082B0002780E57084F8F0512773FCF793FE227B4A
:1082C0000521FCF77DFE41F6D850C1F2000002B056
:1082D000BDE8F081B0B582B0F0B10446F3F7D2FC4E
:1082E00094F8881104F5BC724DF6B4630092C0F6A0
:1082F000060300220025F3F793FCD4F8780104F07C
:10830000C1F9302804D1F0F789FEF0F7C3FF00254A
:1083100068B202B0B0BD00BFFE2568B202B0B0BD09
:1083200050B1134642785AB1D0F8C00146F6054222
:10833000C0F60502FCF79ABDFE2040B2704700BFB0
:10834000002040B27047000040B1417811B1C178BF
:10835000012907D1002040B2704700BFFE2040B283
:10836000704700BF10B50121C1700621017304469A
:10837000FCF738FE227B0521FCF722FE0020BDE839
:10838000104040B270470000B0B558B3417829B3EF
:10839000C17819B390F8AC1179B190F8B0210021EF
:1083A000044600250EF0D0FA20464FF47A7184F886
:1083B000F051C4E97855C4E97A5100240421C4700D
:1083C00001730546FCF70EFE2A7B0521FCF7F8FD3C
:1083D000D5F8B80101F044FE60B2B0BD002460B22F
:1083E000B0BD00BFFE2460B2B0BD0000002857D071
:1083F000F0B587B004464078002863D0E0780028C4
:1084000060D094F8AC0100285CD094F8F001012809
:1084100034D1D4E97A02431C9042C4F8E8312DD912
:10842000B4F8E401B4F8E62150EA020321D04FF495
:10843000A02342EA004240F3C03003930023CDE979
:10844000042000200D463921029304F033F90290F4
:10845000032084F88801F3F715FC94F888114DF691
:10846000B46302AFC0F6060300220097F3F7D8FB0F
:108470002946D4F8E0010022C4E9790211B3D4F806
:10848000BC01051D2846F0F797FCD4F8B80101F0AF
:1084900017FE48B1002007B0BDE8F04040B2704779
:1084A000FE2040B2704700BFD4F8B80101F098FF39
:1084B00007462846F0F716FC0646F8B2B04238BF29
:1084C00006464EB9002007B0BDE8F04040B2704704
:1084D000013E4FF00000DED0D4F8B80101F0F8FD05
:1084E0000028F5D001462846F0F746FCD4F8B8013C
:1084F00001F018FFECE700002DE9F04F83B00028F1
:1085000070D00446407868B3E07858B394F8AC0172
:1085100040B301296CD1B4F8B40110B9B4F8B60174
:1085200000B3B4F8B201E8B101208DF80B0043F6B6
:108530000210A4F8A4010DF10B00C4F8A801D4F8AE
:10854000DC0104F5D27104F5DA7A0191F0F762FCEE
:10855000010600F09F8001264FF04009C5B20DF1E1
:108560000B0717E0002568B203B0BDE8F08F00BF2D
:1085700009F0E10000EB4609F1F72EFF2BF0FF01B7
:1085800041EA090B01995A46F2F75CF90E2E06F101
:10859000010641D2BAF80000F1B2F2F743FC01281B
:1085A000F4D14FF000088DF80B8005E008F10108C8
:1085B0005FFA88F0A842DBD2D4F8DC015FFA88F1D8
:1085C000F0F77CFB0028F1D0407800F0070101298A
:1085D000ECD1C0F3C300B042E8D138460021F2F735
:1085E00021FBE3E7FE2568B203B0BDE8F08F00BFD2
:1085F00094F8B0212046002100250EF0A5F94FF493
:108600007A7084F8F051C4E97855C4E97A5068B2B8
:1086100003B0BDE8F08F00BF49F0010901260DF15C
:108620000B0812E009F0E10000EB4609F1F7D4FE77
:108630002BF0FF0141EA090B01995A46F2F702F9C2
:108640000E2E06F1010680F08181B4F8B601F1B278
:10865000F2F7E8FB0128F3D100278DF80B7003E057
:108660000137F8B2A842DDD2D4F8DC01F9B2F0F754
:1086700025FB0028F4D0407800F007010529EFD150
:10868000C0F3C300B042EBD140460021F2F7CAFA72
:10869000E6E700BF40274FF000084FF0010B4FF016
:1086A000000907E04FF001095FEACB704FF0000BC3
:1086B00000F04C8127F001013AF8190041EA09075E
:1086C0000121F2F7AFFB012812D1012060F344072A
:1086D0008DF80B80F1F780FE07F0E30126F0FF0232
:1086E000019D561829463246F2F7ACF801E000BF6A
:1086F000019D3AF819000221F2F794FB01280FD1ED
:10870000022060F344078DF80B80F1F765FE07F057
:10871000E50126F0FF02561829463246F2F792F894
:108720003AF819000321F2F77DFB01280FD103204D
:1087300060F344078DF80B80F1F74EFE07F0E70178
:1087400026F0FF02561829463246F2F77BF83AF82F
:1087500019000421F2F766FB01280FD1042060F311
:1087600044078DF80B80F1F737FE07F0E90126F09A
:10877000FF02561829463246F2F764F83AF8190013
:108780000521F2F74FFB01280FD1052060F34407C4
:108790008DF80B80F1F720FE07F0EB0126F0FF02C9
:1087A000561829463246F2F74DF83AF819000621D4
:1087B000F2F738FB01280FD1062060F344078DF84B
:1087C0000B80F1F709FE07F0ED0126F0FF025618C5
:1087D00029463246F2F736F83AF819000721F2F73F
:1087E00021FB01280FD1072060F344078DF80B808F
:1087F000F1F7F2FD07F0EF0126F0FF0256182946C7
:108800003246F2F71FF83AF819000821F2F70AFB8E
:1088100001280FD1082060F344078DF80B80F1F791
:10882000DBFD07F0F10126F0FF025618294632461B
:10883000F2F708F83AF819000921F2F7F3FA0128DB
:108840000FD1092060F344078DF80B80F1F7C4FDC8
:1088500007F0F30126F0FF02561829463246F1F7D9
:10886000F1FF3AF819000A21F2F7DCFA01280FD1DA
:108870000A2060F344078DF80B80F1F7ADFD07F097
:10888000F50126F0FF02561829463246F1F7DAFFC5
:108890003AF819000B21F2F7C5FA01280FD10B2085
:1088A00060F344078DF80B80F1F796FD07F0F701B0
:1088B00026F0FF02561829463246F1F7C3FF3AF870
:1088C00019000C21F2F7AEFA01280FD10C2060F349
:1088D00044078DF80B80F1F77FFD07F0F90126F0D2
:1088E000FF02561829463246F1F7ACFF3AF8190054
:1088F0000D21F2F797FA01280FD10D2060F34407FC
:108900008DF80B80F1F768FD07F0FB0126F0FF0200
:10891000561829463246F1F795FF3AF819000E210C
:10892000F2F780FA01287FF4BDAE0E2060F3440711
:108930008DF80B80F1F750FD07F0FD0126F0FF02E6
:10894000561829463246F1F77DFFABE694F8B02180
:108950002046012101250DF0F7FFD4F8B40184F879
:10896000F0510025C4E97800C4F8E85168B203B0BA
:10897000BDE8F08F2DE9F04F91B01646054600286E
:1089800018BF002912D105202873FCF72BFB2A7B86
:108990000521FCF715FB002E00F0C88028460021B9
:1089A000B047FE2040B211B0BDE8F08F087809282A
:1089B00040F0A88068780F461C46012802D128465E
:1089C000FFF780FB02202873FCF70CFB2A7B0521B4
:1089D000FCF7F6FAD5F8700100F0BAFA0596C5E989
:1089E0000165AC703E1D5FCE05F5E27C8CE85F0052
:1089F000D5F8DC0107F11C0120220497D9F730FAE1
:108A0000D5F89801F0F7D8F9D5F8DC01F0F702FABB
:108A100007460020109001F0BDFE002800F0A48061
:108A2000380605F5E270079000F0868008A8063049
:108A30004FF000094FF0000B06900DE0D5F89801BB
:108A400008A9F0F799F90BF1010B5FFA8BF401F02B
:108A5000A1FE844280F088805FFA8BF0ADF8289008
:108A6000CDE9089901F08EFE06460798314601F0DF
:108A70006BFE0028E7D0818800684FF0000A4FF0B5
:108A80000008ADF824100890CDF826A007E000BF3C
:108A900008F101085FFA88F0F9B288422ED2D5F8C1
:108AA000DC015FFA88F1F0F709F90028F0D041788D
:108AB00001F00302012AEBD102789642E8D1069B2D
:108AC000C1F3800203EB4202C1F3C3010446104626
:108AD000F2F7B4F9617810AAC1F3800042EA4000CD
:108AE000C1F3C301F2F7AAF908F101085FFA88F0AF
:108AF000F9B288424FF0010AD1D39FE75FEACA700A
:108B0000A1D09BE705202873FCF76CFA2A7B05218E
:108B1000FCF756FA002E00F0B68028460021B04738
:108B2000FF2040B211B0BDE8F08F00BFFE2040B280
:108B300011B0BDE8F08F00BF002605E00136F4B2A9
:108B400001F028FE84420FD2F0B201F01BFE014674
:108B5000079801F0F9FD0028F0D081880068ADF891
:108B600024100890EAE700BFD5F89801F0F752F911
:108B7000A0B3BDF84000F2F769F9BDF84210044611
:108B80000846F2F763F92044C1B21029C0F0808092
:108B90000002109A0F300021A5F87E01D01705F5CC
:108BA000BC76A5F87C11C5E96020CDE90E11CDE9B0
:108BB0000C11CDE90A11CDE908110AF0E7F90AF024
:108BC000EFF946F6E55108AC0346C0F6050120462C
:108BD0002A46EFF725FD05202F2120E04FF48030B5
:108BE000002205F5BE7305F5BC76F9B207C3CDE9E1
:108BF0000E22CDE90C22CDE90A22CDE908220AF0A5
:108C0000C5F90AF0CDF946F6E55108AC0346C0F6C1
:108C1000050120462A46EFF703FD052031210527EF
:108C200003F048FDC5F87801042085F88801F3F7C2
:108C300029F895F888114DF6B463C0F606030022B2
:108C40000096F2F7EDFFD5F8741181B14CF2F00205
:108C5000C0F60602FF26D5F87001D2E9002385F898
:108C600089610126CDE90016029400F0EFF82F7318
:108C7000FCF7B8F92A7B0521FCF7A2F9059A12B195
:108C8000284600219047FF2040B211B0BDE8F08F88
:108C900046F619400499C0F6050005F5CE74C5E9FD
:108CA0006701F0F7BBF9D5F898112246F0F70AFBF7
:108CB000002040B211B0BDE8F08F0000B0B5E8B1BF
:108CC0000446007E000758BFB0BD0AF051FE50B305
:108CD00005464CF20C10C0F60600016828460AF062
:108CE00071FE03301FD0207E00F00300012807D161
:108CF000284621460AF05EFE12E000BFB0BD00BF6C
:108D0000082020764CF2F000C0F60600D0E9000101
:108D1000002284E80700E260C4E90722C4E90922CE
:108D200028460AF03FFE0AF023FE21460AF02AFEFA
:108D300020463021D9F7B4F9F7F730F92146BDE8DC
:108D4000B040F7F7FFB8000050B1007E00F003011B
:108D50000846012918BF0220002908BF00207047DB
:108D60000020704770B582B0F7F718F9042130225F
:108D70000123F7F71DF9044688B14CF2F000C0F664
:108D80000600D0E9000100220823237684E80700CA
:108D9000C4E903226261C4E90722C4E909220AF096
:108DA000E7FD4BF26055C0F6060560B90646F2F7DE
:108DB00069FF4DF601530DA2C0F60603042100958C
:108DC000F2F72EFF304621460AF0E4FD50B1F2F7EB
:108DD00059FF4DF6015311A2C0F606030421009578
:108DE000F2F71EFF204602B070BD00BF656F5F74D2
:108DF000696D65725F4E657728293A20656F765FE9
:108E000074696D65726D616E5F47657448616E640B
:108E10006C652829206661696C730000656F5F745A
:108E2000696D65725F4E657728293A20656F765FB8
:108E300074696D65726D616E5F4F6E4E65775469D2
:108E40006D65722829206661696C73002DE9F04F09
:108E500081B0DDF830809946164605460AF088FD57
:108E6000B8F1000F4FF0FE0714D0044690B1404611
:108E7000EFF7B2FB90B14CF2F0000A99C0F6060091
:108E8000D0E900A781B98AEA060087EA0901084308
:108E90000AD0FF2778B201B0BDE8F08FFF2778B283
:108EA00001B0BDE8F08F00BF4CF20C10C0F6060018
:108EB000016820460AF086FD033005D1FA2778B212
:108EC00001B0BDE8F08F00BFDDF82CB0BBF1000FA2
:108ED00011D18AEA060087EA090108430BD00A98F3
:108EE000871949F1000A0AF04DFB0AF05BFBC01B31
:108EF00071EB0A0024D23DB1287E00F00301012964
:108F000004D1FA271DE000BF1820007800F0F80017
:108F1000BBF1000F18BF4FF0010B40EA8B00287621
:108F20000A98C5E90069A86098E80F0005F11C0CD3
:108F30008CE80F00204629460AF012FD074600E0A3
:108F4000FF2720460AF02EFD78B201B0BDE8F08F71
:108F500070B505460AF00CFD4FF0FE066DB30446F1
:108F600058B34CF20C10C0F60600016820460AF017
:108F700029FD033002D1FA2670B270BD287E00F0C0
:108F80000300012806D1204629460AF013FD0646B3
:108F900010E000BF082028764CF2F000C0F6060072
:108FA000D0E90001002685E84300EE60C5E90766C8
:108FB000C5E9096620460AF0F5FC70B270BD0000F4
:108FC000002808BF70470A22012908BF092200298A
:108FD0004CF2F00108BF0822C0F606010276D1E982
:108FE0000012002380E80E00C360C0E90733C0E927
:108FF00009337047002814BF406B00207047000001
:10900000002814BF006C002070470000B0B592B07B
:109010004BF2F055C0F60605002818BF0546F6F7D6
:10902000BDFF042154220123F6F7C2FF696905F14F
:10903000080C0446D5E9002E9CE80910616104F192
:10904000080181E80910C4E9002ED5E906CED5E96A
:109050000823D5E90A01C4E90823C4E90A01C4E9DF
:1090600006CEA869C0B10178B1B1D0E90012D0E94B
:1090700002030592CDE9060395F824000491012826
:109080000CBF286A0020059004A8F1F791FF206327
:10909000E96929B918E000BF00202063E96999B1A6
:1090A0000A788AB1D1E9000195F82420059104904D
:1090B000012A0CBF286A0020CDE9060404A8FAF7AB
:1090C0000FFA0146206B00E0002161636A69039199
:1090D000CDE9012001A8EFF725FC4BF2DC51C0F6E9
:1090E0000601D1E90012A063CDE90C1229896A8832
:1090F0000EABADF83010ADF83220ADF83420D5E924
:109100000A1207C30CA8FBF711F94BF22061C0F655
:1091100006010969E063089195E80F000DF1100C54
:109120008CE80F00288AA16BADF82000286A0A910C
:1091300095F82410099004A8002918BF01218DF882
:10914000221000F0F7F801460020C4E91100C4E93C
:1091500013002046216412B0B0BD0000002804BFF7
:109160006FF001007047006C00F05ABA10B5044669
:1091700000284FF0FE0018BF002901D140B210BDF9
:10918000206C00F0E9FA28B1E16C0131E16440B2F1
:1091900010BD00BF002040B210BD0000F0B585B08A
:1091A000044600208DF81300002C4FF0FE0018BF7D
:1091B000002903D140B205B0F0BD00BF606B1D4671
:1091C00016460F46FAF766FB03A90DF10A02384668
:1091D000F9F760FA206C0399BDF80A2000F0F0FB63
:1091E000E06B0DF11303394632460095FBF7F4F8B6
:1091F0000028DFD19DF813100129DBD10021E06B9D
:10920000019101A9FBF774F8206C019900F0F8FEB8
:109210000028CFD0616C0131616440B205B0F0BD6F
:10922000002812BF002A6FF001007047006C00F0A8
:1092300015BE0000002812BF002B6FF00100704720
:10924000006C00F06FBE0000002804BF00207047D3
:10925000006C00F001BD0000002804BF0020704732
:10926000006C00F013BD000010B5044600284FF05C
:10927000FE0018BF002901D140B210BD206C00F0E3
:10928000F5FB28B1A16C0131A16440B210BD00BF53
:10929000002040B210BD0000002812BF00296FF06E
:1092A00001007047006C00F053BD0000002804BFAF
:1092B0006FF001007047006C00F0AABB10B50446C7
:1092C00000284FF0FE0018BF002901D140B210BDA8
:1092D000206C00F0B5FE28B1216D0131216540B24E
:1092E00010BD00BF002040B210BD0000002804BF28
:1092F0006FF001007047006C00F036BA002818BF0C
:10930000002903D16FF00100704700BF10B5036C56
:109310000446184600F06AFA616B04460846FAF7FC
:10932000B9FA204610BD0000002814BF406A002092
:10933000704700002DE9F04184B04BF22066C0F682
:109340000606002818BF0646F2F79CFC4DF611747D
:10935000B1694BF28058C0F60604C0F6060899A21F
:109360002346002918BF0121CDF80080F2F730FC18
:10937000F2F788FC31889CA21C294FF0000123469B
:109380004FF0000588BF0121CDF80080F2F720FCE6
:10939000F6F704FE0421A8220123F6F709FE31881E
:1093A00004460846F9F7C2F92060FBF7C5FA606089
:1093B000FBF7C2FAA060FBF7BFFAE060FBF7BCFA6C
:1093C0002061FBF7B9FA6061FBF7B6FA7188A0611A
:1093D0000846FBF725F9B169C4E907010846EFF72C
:1093E0003FF9B16960620846EFF734F9F168C4E902
:1093F0000A01308AB188208601EB41008008FBF722
:1094000095FC00F11C0738042ED0F6F7C7FDBDB25D
:1094100004212A460123F6F7CBFD6063F6F7BEFD73
:1094200004212A460123F6F7C3FDA063F6F7B6FD33
:1094300004212A460123F6F7BBFD0546F088E563C3
:10944000C0B1F6F7ABFDF28804210123F6F7B0FDB9
:109450003189206499B1F6F7A1FD328904210123F5
:10946000F6F7A6FD0CE000BFC4E90D55F088E563F2
:109470000028E6D10020318920640029EBD10020AA
:1094800071890025606439B12820002200230095ED
:109490000195F5F7F3FA00E00020A064C4E9145543
:1094A000A566A068616BE566BDB21C222B46FBF782
:1094B00021FAA068FBF7D6F9E068A16B1C222B46C5
:1094C000FBF718FAE068FBF7CDF92069E16B1C2285
:1094D0002B46FBF70FFA2069FBF7C4F96069216C92
:1094E000F3881C22FBF706FA6069FBF7BBF9A06959
:1094F000616C33891C22FBF7FDF9A069FBF7B2F917
:10950000206803A90DF10A02F9F730F9206802A9D1
:10951000F9F7DAF860680399BDF808301C22FBF708
:10952000E9F96068FBF79EF96068FBF7CBF9012861
:109530000ED0F2F7A7FB4EF6E3624DF61173C0F6BC
:109540000602C0F606030521CDF80080F2F768FB9D
:109550002068E16A228EF9F7AFF8706970B1B17CCA
:1095600001290BD180477169A06588477169E06561
:10957000884771692066884704E000BF0020C4E97D
:10958000160020666066002540F20110C4E91C55F3
:10959000C4E91E55C4F88050A4F89000C4E92555CC
:1095A000B0880121C4E9225584F89210FBF7BEFB74
:1095B000A4F89C00C4F8A0502046C4F8A45004B0FD
:1095C000BDE8F081656F5F7472616E736D6974746C
:1095D00065725F4E657728293A204E554C4C2061C4
:1095E00067656E7400000000656F5F7472616E7372
:1095F0006D69747465725F4E657728293A206361DE
:109600007061636974796F6674787061636B657497
:1096100020697320746F6F20736D616C6C000000A3
:109620002DE9F04100B31C46164605460F4669B1C8
:10963000D5E9220195F8902000234FF00008D8F7D3
:1096400005F852EA030013D0A7F80080A6B3D5E9C5
:10965000220195F8922000230027D7F7F7FF52EA5E
:10966000030019D0378027E0FE2670B2BDE8F081F4
:109670004CF20C11C0F60601A86D096809F0DAFE7B
:10968000A869FBF70DFAA96D3880084609F0C4FEF9
:10969000002EDCD110E000BF4CF20C11C0F6060128
:1096A000286E096809F0C6FE6869FBF7F9F9296EAA
:1096B0003080084609F0B0FE9CB3D5E9220195F848
:1096C000912000230026D7F7C1FF52EA030003D000
:1096D00070B22680BDE8F0814CF20C11C0F6060194
:1096E000E86D096809F0A6FEE868FBF7D9F9296971
:1096F00006460846FBF7D4F9C64201D1002608E029
:1097000038B12EB195F8A010C90718BF064600E081
:109710000646A868FBF7C4F98119E86D218009F0B5
:109720007BFE002670B2BDE8F081000080B1012907
:109730004FF0010C98BF6146012A98BF6246012B89
:1097400088BF9C4680F8901080F8912080F892C0E5
:109750006FF00100704700004269036E0DF00ABC13
:1097600040690023FBF780BA70B582B00446002838
:109770004FF0FE0037D00D46A9B3666809F002FF2E
:1097800009F010FF024630460B46FBF7C5FAD4E954
:109790001A1360684A1C43F10003C4E91A23FBF75B
:1097A000DFFA60680DF10601FBF79CFA2068BDF84E
:1097B0000610F8F7EFFF00212068ADF8041001A9AA
:1097C000F8F782FFBDF80600BDF80410884202D900
:1097D000206F0130206720682860A06A10B1E16A1C
:1097E000F1F796FB002040B202B070BD002800F0F7
:1097F000DB802DE9F04782B016460446002A1EBFE2
:1098000000203080B07060688846FBF72BF8D4E900
:10981000225794F89120284639460023D7F716FF9F
:1098200052EA030063D14CF20C11A06CC0F60601A1
:109830000F68D0B1E06D394609F0FCFDA06CF4F77B
:10984000EBFF01280ED009F09DFE09F0ABFEA26CE3
:10985000C4E9140146F69D61C0F605011046224692
:10986000F5F758F8E06D09F0D7FDE06D394609F0DD
:10987000E1FDD4E901010DF10602FAF79FFFA068AE
:10988000FBF70EF9254655F80C1F81460846FBF7F5
:1098900007F9274657F8101F82460846FBF700F9DC
:1098A0001AEB000F13D050B1BAF1000F00F0808016
:1098B000D4F8A01011F001011CBF82463D46296872
:1098C00029B160680DF10602FAF778FFD144E06D26
:1098D00009F0A2FD002E18BF86F80190D4E92801F6
:1098E000D4E92257013041F10001C4E9280194F87C
:1098F0009220284639460023D7F7A8FE52EA0300F3
:109900001AD14CF20C11C0F60601206E096809F05C
:1099100091FD1EB16069FBF7C3F830706068616942
:109920000DF10602FAF74AFF6069FAF79BFF206E15
:1099300009F072FDD4E9225794F890202846394660
:109940000023D7F783FE52EA030018D14CF20C1122
:10995000C0F60601A06D096809F06CFD1EB1A06992
:10996000FBF79EF8B0706068A1690DF10602FAF786
:1099700025FFA069FAF776FFA06D09F04DFDB8F15B
:10998000000F04D06068FBF78BF8A8F80000D4E95A
:109990002201013041F10001C4E92201002002B09E
:1099A000BDE8F04740B27047FE2040B2704700BFAC
:1099B00082463D46296800297FF483AF87E700008F
:1099C00010B370B582B006460D46002100681446FB
:1099D0000191ADF8021001A90DF10202F8F75AFE4B
:1099E0000198A84203D1BDF80200A04206D0306819
:1099F00029462246F5623486F8F75EFE002002B062
:109A0000BDE8704040B27047FF2040B27047000090
:109A100040B310B50446806CF0B14CF20C11C0F6A6
:109A20000601E06D096809F005FDA06CF4F7F4FE8D
:109A300001280ED0A06CF4F7DDFEA068FAF712FF43
:109A4000E068FAF70FFF2069FAF70CFF0020C4E97D
:109A50002500E06D09F0E0FC0020BDE8104040B2B8
:109A6000704700BFFE2040B2704700002DE9F04172
:109A70009CB004460020002C4FF0FE078DF80B0030
:109A800018BF002904D178B21CB0BDE8F08100BF36
:109A9000A06C88B10E464CF20C11C0F606010D68A0
:109AA000E06D294609F0C6FCA06CF4F7DBFF012845
:109AB00008D1E06D09F0B0FCFF2778B21CB0BDE81A
:109AC000F08100BF7178A06C8DF8311071680CAA1C
:109AD0000D9146F66571C0F60501F4F753FF38B1F4
:109AE000E06D09F099FC002778B21CB0BDE8F08168
:109AF00096E88F000DF1300C76698CE88F0000F04D
:109B00001C02606A8DF8302003AA1196F8F726FD32
:109B10000028CED103A8F8F7D7FA9DF83110ADF898
:109B200032000846FAF73EFE012819D19DF83100AF
:109B300000210122FAF7FCFD90B1F2F7A3F84BF2F5
:109B400060574EF689624DF61173C0F60607C0F6EF
:109B50000602C0F6060304210097F2F761F8A8E7B1
:109B60000021606E0E91294609F064FCD4E90730AB
:109B70000DF12E0703A90CAA0097EEF71FFF58B1AD
:109B80000746606E09F048FCE06D09F045FC78B2CC
:109B90001CB0BDE8F08100BFE069FAF7F3FC0D9955
:109BA00006460DF10B0220460DF04CF99DF80B8096
:109BB000BDF82E200546204641460DF08DF90028BF
:109BC00046D0E1690BAF0DF12A020AAB2846009797
:109BD000FAF7C0FE0028D3D19DF83110E0698DF866
:109BE0004810FAF791FD00F0010040EA48008DF8B6
:109BF0004900BDF82A00E169ADF84A00BDF8280027
:109C00001B95ADF84C0009780838490758BF4FF04C
:109C1000FF30ADF84E00706996E88C00D6E903512C
:109C20000DF1500C8CE88C00CDE917511990B169F9
:109C3000A06C1A9112A9F5F721F8BDF94C20204625
:109C400041460DF06BF9606E09F0E6FB48E700BF96
:109C5000606E09F0E1FB2CE7B0B1816CA1B110B5E9
:109C60004CF20C11C26DC0F606010968044610469C
:109C700009F0E0FBA06CF5F761F8E16D04460846D9
:109C800009F0CAFB204610BD002070472DE9F047BF
:109C9000F8B18146806CE0B18846FE2916D14CF2BD
:109CA0000C11C0F6060159F85C0F096809F0C2FBF7
:109CB00059F8140CF5F742F80646CA46DAF80000DF
:109CC00009F0AAFBB0B2BDE8F08700BFB8F1030FFE
:109CD00004D90026B0B2BDE8F08700BF4CF20C11E9
:109CE000CA46C0F606015AF85C0F096809F0A2FBE3
:109CF0005AF8140CF5F722F85AF8141C07460846CF
:109D0000F4F76CFDE7B10546002600BFD9F848001E
:109D10002946F4F753FDD9F8481004460846294669
:109D2000F4F762FF054604F10800F8F74FF905F073
:109D3000B9FB404508BF0136013FE7D1BEE700BF90
:109D40000026DAF8000009F067FBB0B2BDE8F08742
:109D5000002855D0F0B591B00446806C002856D04C
:109D60000D464CF20C11C0F60601E06D096809F0D1
:109D700061FBA06CF4F750FD012845D06878696854
:109D80008DF80100A06C019146F66571C0F60501E1
:109D90006A46F4F7F7FDB8B30546A06C2946F4F718
:109DA0000DFD07AE014630462822D8F759F8A76CBA
:109DB00029463846F4F718FF46F689610346C0F68F
:109DC000050138463246F4F7C1FDA06C2946F4F788
:109DD0002BFD1098BDF81E10BDF82020FAF714FFD7
:109DE0009DF81D004108BDF8200002291CD0012962
:109DF00014D0F1B9B4F89410081AA4F8940018E03B
:109E0000FE2040B2704700BFE06D09F005FBFF2067
:109E100011B0BDE8F04040B2704700BFB4F89610F2
:109E2000081AA4F8960004E0B4F89810081AA4F8E8
:109E30009800B4F89600B4F89810B4F894208842CA
:109E400088BF0146E06D1144A4F89A1009F0E4FAC5
:109E5000002011B0BDE8F04040B27047002847D064
:109E60002DE9F04F81B00446806C002844D01046A4
:109E700090468B46EEF748FF042843D14CF20C1174
:109E8000C0F60601E06D096809F0D4FAA06CF4F799
:109E900055FF82464046EEF725FF4046EEF78CFF21
:109EA000DA4535D3A06C00210091F4F797FCBAF1A4
:109EB000000F2DD005460026E94602E00136B245E6
:109EC00026D0A06C2946F4F779FCA16C0746084619
:109ED0002946F4F789FE054607F10800F8F776F8F9
:109EE0005E450090EAD340464946EEF745FFE5E778
:109EF000FE2040B2704700BFFE2001B0BDE8F04F29
:109F000040B27047FF2001B0BDE8F04F40B270474B
:109F1000E06D09F081FA002001B0BDE8F04F40B2D9
:109F2000704700002DE9F04F81B0A8B10646806C63
:109F300090B11846994690468B46EEF7E5FE042808
:109F400013D1BBF1FE0F0DD1304641464A4601B058
:109F5000BDE8F04FFFF782BFFE2040B201B0BDE880
:109F6000F08F00BFBBF1030F04D9FF2040B201B056
:109F7000BDE8F08F4CF20C11C0F60601F06D0968D7
:109F800009F058FAB06CF4F7D9FE05464846EEF7EA
:109F9000A9FE4846EEF710FF454529D3B06C0021D5
:109FA0000091F4F71BFC1DB304464FF0000A01E0DA
:109FB000013D1DD0B06C2146F4F700FCB16C0746A2
:109FC00008462146F4F710FE044607F10800F7F7AB
:109FD000FDFF009005F066FA5845E9D10AF1010A43
:109FE000C245E5D948466946EEF7C6FEE0E700BF40
:109FF000F06D09F011FA002040B201B0BDE8F08F19
:10A00000B0B582B0C0B10C464CF20C11826DC0F6F6
:10A01000060109680546104609F00CFAA8690DF119
:10A0200006022146FAF7CAFBA96D0446084609F064
:10A03000F3F960B202B0B0BDFE2460B202B0B0BDB0
:10A040008269836D0CF096BF40B142888A4205D97F
:10A050008268808800FB0120704700BF00207047A5
:10A06000002808BF704770B504464088C8B1E16851
:10A0700081B1A568002631B1C96821B1A08806FB6D
:10A080000050884760880136864203D2E168002983
:10A09000F2D1F8E721884FF6FF72002091426080EC
:10A0A00002D0BDE870407047F5F778FF6288A3885A
:10A0B000A1685A43F6F728F9A060BDE870407047E0
:10A0C00000280FBF01204088B0FA80F04009704797
:10A0D00020B1418800291CBF80687047002070476C
:10A0E000002804BF0120704741880088081AB0FA90
:10A0F00080F04009704700002DE9F04F83B098468A
:10A1000091460E468346F5F749FF042110220123AC
:10A11000F5F74EFF002504464580F1F7B3FD4DF6F7
:10A1200009574BF2805AC0F606075946C0F6060A90
:10A130005FA23B46BBF1000F18BF0121CDF800A084
:10A14000F1F746FDF1F79EFD314661A23B460C9FBB
:10A15000002E18BF0121CDF800A0F1F739FDE580F0
:10A16000E5600D9DB9F1000FA4F804B0268008BF8A
:10A17000002F0DD0F5F712FF042110220123F5F76F
:10A1800017FF2188E060C0E900988760C56002E0A1
:10A19000002D3146EED14FF6FF70814208D0BBF161
:10A1A000010F1FD0BBF1020F1ED1022721E000BF1B
:10A1B000F1F768FD0546F5F7F1FEF6F74BF9B0FA51
:10A1C00080F04DF60953410948A2C0F6060328461F
:10A1D000CDF800A0F1F7FCFC0020A060204603B001
:10A1E000BDE8F08F012704E00827BBF1050F38BF59
:10A1F0000427F5F7D3FE39465A463346F5F7D8FE1D
:10A20000002EA060EAD00746B9F1000F08D000BFC9
:10A2100038464146C847013E5F44F9D1DEE700BFFA
:10A22000042E06F00300019002D2002524E000BFB6
:10A2300026F003000BEB4B0A4FEA8B084FEA4B0961
:10A2400000253E46029000BFA1883046D7F706FFA2
:10A25000A18806EB0B00D7F701FFA18806EB0900E8
:10A26000D7F7FCFEA18806EB0A00D7F7F7FE0298A5
:10A270000435A8424644E7D1019E002EAED005FB2E
:10A280000B70A188D7F7EAFE012EA7D0681C00FB4F
:10A290000B70A188D7F7E2FE022E9FD0A81C00FB0E
:10A2A0000B70A188D7F7DAFE204603B0BDE8F08F27
:10A2B000656F5F766563746F725F4E657728293AC4
:10A2C0002030206974656D5F73697A650000000055
:10A2D000656F5F766563746F725F4E657728293AA4
:10A2E000203020636170616369747900656F5F7607
:10A2F0006563746F725F4E657728293A2063616EDB
:10A300006E6F742075736520656F5F766563746F1B
:10A310007263617061636974795F64796E616D699C
:10A3200063000000002808BF7047B0B541880446AC
:10A33000B9B1D4E90203A28800EB02052BB1DB68B6
:10A340001BB198476188A068A2880139618089B2F1
:10A350004A432946D7F7C9FD20884FF6FF71884246
:10A3600002D0BDE8B0407047F5F718FE6288A388B8
:10A37000A1685A43F5F7C8FFA060BDE8B040704738
:10A38000002818BF002901D1704700BFB0B50446AE
:10A3900000886388984220D04FF6FF7290420DD11A
:10A3A0000D46F5F7FBFD6288A388A16801325A4388
:10A3B000F5F7AAFF63882946A06000E0A068A2889C
:10A3C000E56802FB03001DB1AB680BB1984701E0E3
:10A3D000D7F746FD608801306080BDE8B040704727
:10A3E000002814BF408800207047000044F6F86041
:10A3F000C1F200000178012908BF70470021C0F8B0
:10A400000210C0F80610C0F80A10C0F80D100322A0
:10A41000816145F6010182820180704744F6F8604F
:10A42000C1F200000178012908BF70470021C0F87F
:10A430000210C0F80610C0F80A10C0F80D10032270
:10A44000816145F6010182820180704780B1022955
:10A450000AD809A0405C44F6F861C1F2000101EBA2
:10A460004000428001208873002040B2704700BF46
:10A47000FE2040B2704700BF0400010060B1B0B5DB
:10A4800044F6F865C1F20005A87B012808D1002038
:10A490002874E8811EE000BFFE2040B2704700BF74
:10A4A000E87B297C013001316FF00903C2B253FA15
:10A4B00081F3C92A4FF00002B3FA83F3E87338BF7F
:10A4C00001225B091A404FF0000018BF0021012A49
:10A4D000297417D10A206875A81C05F11404A86115
:10A4E000EFF77AFF6A782146F0F7ACF90B20687530
:10A4F00005F10800A861EFF76FFF6A782146F0F7D1
:10A50000A1F90020BDE8B04040B2704770B538B343
:10A510000446007B002508B309F034F809F042F83E
:10A52000D4E904232668801A9941301A75EB01009A
:10A5300018D2A07EA0B1264636F8181F481C3080DD
:10A5400019B1A18882B28A4203D9A0688047208BC2
:10A55000A18880B288424FF0000506D8284670BD19
:10A56000002070BD04F11806012500203080284627
:10A5700070BD000010B50446F5F710FD042120223F
:10A580000123F5F715FD0DA1002C18BF2146D1E9D7
:10A5900000238968002C81604FF00001C0E900238E
:10A5A0000173C0E904110183817608BF10BDA16861
:10A5B00000291CBF0121817610BD00BF40420F0061
:10A5C000000000000000000070B110B50446007BE0
:10A5D00070B108F0D7FF08F0E5FFC4E904010020DE
:10A5E000BDE8104040B27047FE2040B2704700BF47
:10A5F000FF20BDE8104040B27047000070B110B5B8
:10A6000001210173044608F0BDFF08F0CBFFC4E947
:10A6100004010020BDE8104040B27047FE2040B267
:10A620007047000000280FBFFE2100210173C0E920
:10A63000041148B270470000B0B1037B00220273DE
:10A64000C0E90422016063B110B501210173044621
:10A6500008F098FF08F0A6FF0022C4E90401BDE855
:10A66000104050B2704700BFFF2250B27047000048
:10A67000133800F0FB00B0FA80F04009704700008A
:10A6800041F24002C0F240020021172822FA00F0F5
:10A6900038BF01210840704702288EBFFE2001A16B
:10A6A000085C7047060C160003207047072807D384
:10A6B0006FF001010F2808BF0E21C8B2704700BF1C
:10A6C00001A1095CC8B270470708090A0B0C0D000C
:10A6D000C11F1023CAB20E2808BF0F23072A38BF94
:10A6E0000B46D8B270470000002804BF0020704716
:10A6F0004B1F112B4FF0000C18D8DFE803F0121796
:10A7000017171717090B0F17171717171711170D0B
:10A71000063006E00C3004E01E3002E0123000E0AB
:10A72000183002788A4218BF00208446604670477D
:10A7300005288EBFFE2001A1085C7047050B0C0D9B
:10A740001416000006207047002804BF0020704740
:10A75000A1F10B030B2B4FF0000C11D8DFE803F035
:10A760000B061010101010101008100A063002E02E
:10A770000C3000E0123002788A4218BF0020844674
:10A780006046704703288EBFFE2001A1085C704719
:10A790000B0C141604207047704700003F2884BF3C
:10A7A0000020704702466FF07F400021F0F70ABB9F
:10A7B000B0B5032998BF072A02D90020B0BD00BF59
:10A7C00004464BF2A040C0F6060000EBC100855CD9
:10A7D0000A2DF2D82046FFF7DFFFFFF7DFFF002842
:10A7E000EBD04BF23C60C0F6060050F82500214645
:10A7F000BDE8B040F0F760BB027A40F20A3343EAAA
:10A80000C20240F2FA331A400A6000228A8006220D
:10A8100040688A7102688A60828800208A81704755
:10A82000027A40F20B3343EAC20240F2FB331A4091
:10A830000A6000228A80062240688A7102688A6063
:10A84000828800208A817047B0B584B00C460546E6
:10A85000FCF71EFF294622460023FCF735FC0220A8
:10A860008DF8044002958DF80C00E9F7E3FA01A990
:10A87000E9F7FEFA002004B0B0BD0000B0B50C4608
:10A880000546F4F7ADFB294622460023F4F75CFAAF
:10A890000020B0BDB0B50C460546F4F7A1FB294633
:10A8A00022460123F4F750FA0020B0BDB0B50C46A3
:10A8B0000546F9F721FA29462246F9F711F8F8F783
:10A8C0009FFA29462246F8F765F80020B0BD00003F
:10A8D000B0B584B00546029004200C468DF80410F3
:10A8E0008DF80C00E9F7A6FA01A9E9F7C1FA2846A4
:10A8F000214600F05FF8012806D0FDF767FC0F2124
:10A900002A462346FDF7FAF8002004B0B0BD000047
:10A91000B0B584B00C460546FCF7BAFE294622467F
:10A920000123FCF7D1FB03208DF8044002958DF83C
:10A930000C00E9F77FFA01A9E9F79AFA002004B0C0
:10A94000B0BD0000B0B584B00C460546FCF7A0FED3
:10A95000294622460223FCF7B7FB00208DF804406D
:10A9600002958DF80C00E9F765FA01A9E9F780FA7C
:10A97000002004B0B0BD0000B0B584B00C46054660
:10A98000FCF786FE294622460323FCF79DFB0020A8
:10A990008DF8044002958DF80C00E9F74BFA01A9F7
:10A9A000E9F766FA002004B0B0BD00004FF0FF30B8
:10A9B0007047000000284FF001001AD041F6D8512E
:10A9C000C1F20001C978002908BF704780B582B084
:10A9D00000208DF8070001F03FFF0DF1070101F0A5
:10A9E00029FF9DF80700013818BF012002B0BDE81B
:10A9F00080407047027A2023520863F31F12406898
:10AA00000A6000221C238A800B72037803224B7297
:10AA10008A71427800208A7270470000027A2023EF
:10AA2000520863F31F120A60002218238A800B72F7
:10AA3000022240688A71027800204A727047000042
:10AA4000002070470023027A8B8034230B72406809
:10AA50005208202363F31F1203780A604B72427876
:10AA600008238A7282788B71CA72C2780A7302795B
:10AA70004A7342798A7382790020CA737047000052
:10AA8000027A2023520863F31F120A600022352342
:10AA90008A800B72406802228A71027800204A7212
:10AAA0007047000000207047027A4FF0000C5308F6
:10AAB000202262F31F135222A1F804C00A724068D8
:10AAC0000B60437808220E2B8A7127D073BB027863
:10AAD00012014A72827802F0030393FAA3FC02F097
:10AAE0000C039B0043EA121242EA1C628A7202794A
:10AAF000CA7242790A73827902F0030393FAA3FCC3
:10AB000002F00C039B0043EA121242EA1C624A73F1
:10AB1000027A8A73407AC873002070470078C1F8BF
:10AB20000AC000010E304872A1F80EC00020704724
:10AB3000027A2023520863F31F120A600022532373
:10AB40008A800B72406802228A71027800204A7261
:10AB500070470000027A2023520863F31F120A6034
:10AB6000002208238A800B72022240688A710278D0
:10AB700000204A7270470000027A2023520863F3D3
:10AB80001F1200238B8010230B7240680A6000782C
:10AB9000022202288A7182BFFF2040B27047C000A3
:10ABA0000222C0B2C0F2010222FA00F04872002074
:10ABB00040B27047027A2023520863F31F120A60E2
:10ABC000002207238A800B72022240688A71027871
:10ABD00000204A7270470000027A2023520863F373
:10ABE0001F120A60002239238A800B7240680222F9
:10ABF0008A71027800204A7270470000027A20238E
:10AC0000520863F31F120A6000223A238A800B72F3
:10AC1000406802228A71027800204A727047000060
:10AC2000027A2023520863F31F120A6000228A80EE
:10AC30004F220A724068032203788A714B7242786D
:10AC400000208A7270470000027A2023520863F3C2
:10AC50001F1200238B804D230B7240680A6002781C
:10AC6000042302F007024A7242788B718A7282785A
:10AC70000020CA72704700000023027A8B805023A4
:10AC80000B724068520803784FF0200C4B724378E7
:10AC90006CF31F128B720A60C2780723CA72827823
:10ACA0008B710A7382880020A1F80D207047000084
:10ACB000007A2022400862F31F100860002088807C
:10ACC00040F24C1042F20002C0F20130C3F20052D6
:10ACD000C1E90202082200208A717047007A20220E
:10ACE000400862F31F1008600020888007208871E8
:10ACF0004E20CFF2220088604FF47F408881FF22EF
:10AD000000208A7370470000B0B582B002781E241C
:10AD100001F00101037A04EAD202C57B114420222A
:10AD200002EA93028C18691EB1FA81F14D09B0F85C
:10AD30000910D0F80B00ADF802100190EEF76EF993
:10AD40000DF1020321462A46EEF7B2F9002002B0C7
:10AD5000B0BD0000B0B584B00C460546FCF798FCC9
:10AD6000294622460423FCF7AFF901208DF8044060
:10AD700002958DF80C00E9F75DF801A9E9F778F87C
:10AD8000002004B0B0BD00000020704700207047D4
:10AD90000020704780B584B0029000208DF8041028
:10ADA0008DF80C00EAF786FC01A9EAF7A1FC002067
:10ADB00004B080BD80B584B0029002208DF80410EC
:10ADC0008DF80C00EAF776FC01A9EAF791FC002067
:10ADD00004B080BD80B584B0029001208DF80410CD
:10ADE0008DF80C00EAF766FC01A9EAF781FC002067
:10ADF00004B080BDB0B50C460546F2F771FB29469C
:10AE000022460223F2F722F80020B0BDB0B50C466E
:10AE10000546F2F765FB294622460423F2F716F8A9
:10AE20000020B0BDB0B50C46054600F031F8012851
:10AE300006D0F2F755FB294622460B23F2F706F817
:10AE40000020B0BDB0B50C46054600F021F8012841
:10AE500006D0F2F745FB294622460E23F1F7F6FF0E
:10AE60000020B0BD70B50C46054600F011F8012871
:10AE70000CD0687AFFF71AFCFE2807D00646F2F7D6
:10AE80002FFB294622463346F1F7E0FF002070BD34
:10AE900000284FF001001AD041F2C811C1F20001A0
:10AEA000C978002908BF704780B582B000208DF8AE
:10AEB000070001F0D1FC0DF1070101F0BBFC9DF88A
:10AEC0000700013818BF012002B0BDE8804070477C
:10AED000027A40F20F1343EAC20200238B804068DB
:10AEE0006FF35F2203880A600B81428808234A813E
:10AEF00082888B718A81C2880020CA8170470000D5
:10AF0000B0B5044600781E2201F0010102EAD0002B
:10AF10004518EEF7F9FE294601220123EEF7E6FD7A
:10AF2000FF2817D00546FE20012101222B4605F0FF
:10AF3000D9FB78B134F8081FA0F88410B4F90210D6
:10AF4000C1676168816728462146DAF7FFFF002064
:10AF5000B0BD00BF04F0BAFA0020B0BD2DE9F04149
:10AF6000044600781E2601F0010706EAD0003844A6
:10AF700000F14005EEF7C8FE2946EEF7C9FC0828A7
:10AF800020D1207806EAD000C519EEF7BDFE29468B
:10AF900001220123EEF7AAFDFF284DD00546FE2031
:10AFA000012101222B4605F09DFB002844D0B4F975
:10AFB0000A10A0F886102846DAF7ECFF0020BDE85A
:10AFC000F08100BF207894F8088006EAD000C51907
:10AFD000EEF79AFE294601220023EEF787FDFF28AF
:10AFE0002AD00346FE200121002205F07BFB18B386
:10AFF00008F00F0101291FD880F8151120781E21B3
:10B0000001EAD000384400F12004EEF77DFE21462D
:10B0100001220023EEF76AFDFF280DD00346FE2033
:10B020000121002205F05EFB30B1B8F11F0F9CBF7B
:10B030004FEA181180F815110020BDE8F0810000DA
:10B0400070B50446007801F001061E2101EAD00027
:10B050003518EEF759FE294601220123EEF746FD89
:10B06000FF2824D00346FE200121012205F03AFBEF
:10B07000E8B12189A0F8841020781E2101EAD000CF
:10B08000304400F12005EEF73FFE2946012201235E
:10B09000EEF72CFDFF280AD00346FE2001210122F5
:10B0A00005F020FB00281CBF6189A0F88410002057
:10B0B00070BD000070B586B0044600781E220D46B3
:10B0C00001F0010102EAD000084400F14006EEF769
:10B0D0001BFE3146EEF71CFC082824D10420022177
:10B0E000022601F0E7FA02902068A1796FF31F3081
:10B0F00040EA0130ADF80E002046EFF79BFDCDE9A8
:10B100000401002D08BF012620788DF80C6000098D
:10B110008DF80D00F0F7B6FD02AE022100220023EB
:10B120000096F0F77DFD002006B070BD70B50446B6
:10B13000007801F001061E2101EAD0003518EEF773
:10B14000E3FD294601220123EEF7D0FCFF2822D09F
:10B150000346FE200121012205F0C4FAD8B1A168FE
:10B16000816720781E2101EAD000304400F12005DB
:10B17000EEF7CAFD294601220123EEF7B7FCFF28AE
:10B1800009D00346FE200121012205F0ABFA002878
:10B190001CBFE1688167002070BD000070B50446E7
:10B1A000007801F001061E2101EAD0003518EEF703
:10B1B000ABFD294601220023EEF798FCFF282FD093
:10B1C0000346FE200121002205F08CFA40B390F8DE
:10B1D00014110822032908BF0C22A15AC0F8081133
:10B1E00020781E2101EAD000304400F12005EEF75E
:10B1F0008BFD294601220023EEF778FCFF280FD0B3
:10B200000346FE200121002205F06CFA40B190F8BF
:10B2100014110A22032908BF0E22A15AC0F80811EE
:10B22000002070BD70B50446007801F001061E21B3
:10B2300001EAD0003518EEF767FD29460122002308
:10B24000EEF754FCFF2824D00346FE200121002203
:10B2500005F048FAE8B12189C0F80C1120781E21C8
:10B2600001EAD000304400F12005EEF74DFD2946FB
:10B2700001220023EEF73AFCFF280AD00346FE2005
:10B280000121002205F02EFA00281CBF6189C0F8B8
:10B290000C11002070BD00002DE9F041044600783B
:10B2A00001F001071E2101EAD0003D18EEF72CFD48
:10B2B000294601220023EEF719FCFF2834D0054669
:10B2C000FE20012100222B4605F00CFA60B3D4F8D1
:10B2D00008800646F4F712FD29464246F4F7B2FA12
:10B2E000C6F8F00020781E2101EAD000384400F1B1
:10B2F0002005EEF709FD294601220023EEF7F6FBB3
:10B30000FF2811D00546FE20012100222B4605F022
:10B31000E9F948B1E4680646F4F7F0FC294622460C
:10B32000F4F790FAC6F8F0000020BDE8F0810000C4
:10B33000B0B586B00C46054600202D2101F0BAF9C3
:10B34000A97902902846ADF80E10EFF773FCCDE90D
:10B3500004010220002C08BF012029788DF80C0080
:10B3600008098DF80D00F0F78DFC02AD01210022D7
:10B3700000230095F0F754FC002006B0B0BD00009B
:10B38000F0B587B004460020CDE90400CDE9020005
:10B3900020781E2701F0010607EAD000304400F1B2
:10B3A0004005EEF7B1FC2946EEF7B2FA122818BFB5
:10B3B000082821D1207807EAD0008519EEF7A4FCEF
:10B3C000294601220023EEF791FBFF280ED0054607
:10B3D000FE20012100222B4605F084F930B104F152
:10B3E00008012846DAF7CAFD62E100BF04F06EF8F2
:10B3F000002007B0F0BD00BF032840F0598120783D
:10B400001E2101EAD0008519EEF77EFC29460122B3
:10B410000023EEF76BFBFF2800F04A810546FE2073
:10B42000012100222B4605F05DF9002800F0408143
:10B43000617A9F2900F3F480602900F23981DFE806
:10B4400011F0610061006100610061006100610054
:10B450000B010D0137013701370137013701370182
:10B46000370137013701370137013701370137011C
:10B47000370137013701370137013701370137010C
:10B4800037013701370137013701370137013701FC
:10B4900037013701370137013701370137013701EC
:10B4A00037013701370137013701370137013701DC
:10B4B00037013701370137013701370137013701CC
:10B4C00037013701370137013701370137013701BC
:10B4D00037013701370137013701370137013701AC
:10B4E0003701610037013701370137013701370173
:10B4F000370137013701370137013701370137018C
:10B500003701090180F8141120781E2101EAD000CA
:10B51000304400F12005EEF7F7FB29460122002315
:10B52000EEF7E4FAFF2800F0C3800546FE20012173
:10B5300000222B4605F0D6F8002800F0B980E17A09
:10B540009F2900F37B80602900F2B280DFE811F0D0
:10B550006200620062006200620062006200BA0083
:10B56000C000B000B000B000B000B000B000B0004B
:10B57000B000B000B000B000B000B000B000B0004B
:10B58000B000B000B000B000B000B000B000B0003B
:10B59000B000B000B000B000B000B000B000B0002B
:10B5A000B000B000B000B000B000B000B000B0001B
:10B5B000B000B000B000B000B000B000B000B0000B
:10B5C000B000B000B000B000B000B000B000B000FB
:10B5D000B000B000B000B000B000B000B000B000EB
:10B5E000B000B000B000B000B000B000B000B000DB
:10B5F0006200B000B000B000B000B000B000B00019
:10B60000B000B000B000B000B000B000B000B000BA
:10B61000B40000BF80F81411002007B0F0BD00BFD7
:10B62000B02905DCA0291BD0B02941D10B2169E745
:10B63000B12931D0FF293FF465AF39E0B0292DDCC5
:10B64000A0294BD0B02933D10B2180F81411002050
:10B6500007B0F0BDFE2155E7082153E7092151E766
:10B660000A2180F814110420092101F023F8617ADD
:10B67000029008020A30ADF80E0000208DF80D503F
:10B680008DF80C00F0F7FEFA02AF02210022002331
:10B690000097F0F7C5FA37E70C2133E7FF29B9D057
:10B6A000B12905D10C2180F81411002007B0F0BD9C
:10B6B000002007B0F0BD00BFFE2180F8141100206B
:10B6C00007B0F0BD082180F81411002007B0F0BDCC
:10B6D000092180F81411002007B0F0BD0A2180F87C
:10B6E00014110420092100F0E5FF617A029008029C
:10B6F0000A30ADF80E0000208DF80D508DF80C00CA
:10B70000F0F7C0FA02AF0221002200230097F0F701
:10B7100087FA002007B0F0BD2DE9F04381B0044660
:10B72000007801F001071E2101EAD0003D18EEF774
:10B73000EBFA294601220023EEF7D8F9FF284AD078
:10B740000546FE20012100222B4604F0CBFF0028F5
:10B7500041D0B4F90890B4F90A800646F4F7CEFA5D
:10B7600029464A46F4F7D6F8C6F8F400F4F7C6FAC4
:10B7700029464246F3F7E0FFC6F8F80020781E217C
:10B7800001EAD000384400F12005EEF7BDFA294661
:10B7900001220023EEF7AAF9FF281CD00546FE205F
:10B7A000012100222B4604F09DFFA0B1B4F90C70DA
:10B7B000B4F90E400646F4F7A1FA29463A46F4F7E2
:10B7C000A9F8C6F8F400F4F799FA29462246F3F7E7
:10B7D000B3FFC6F8F800002001B0BDE8F083000018
:10B7E000037A4268C3F343030B6000238B80082372
:10B7F0008B71007A042300F0E000202808BF6FF06E
:10B800007B030B7210780728487211D8DFE800F02C
:10B810000404040A0A10040490884881D0888881AE
:10B82000002004E090884881D08888811089C881F0
:10B8300000207047027AC2F343020A6000228A8025
:10B8400001228A71007A022200F0E00020284FF0E5
:10B85000000008BF6FF07D020A727047027AC2F3DF
:10B8600043020A6000228A8001228A71007A00F075
:10B87000E00020284FF0000008BF6FF07E020A723F
:10B8800070470000027AC2F343020A6000228A80F5
:10B8900001228A71007A062200F0E00020284FF091
:10B8A000000008BF6FF079020A727047027AC2F393
:10B8B00043020A6000228A8001228A71007A0522EE
:10B8C00000F0E00020284FF0000008BF6FF07A027F
:10B8D0000A727047027AC2F343020A6000228A8029
:10B8E00001228A71007A072200F0E00020284FF040
:10B8F000000008BF6FF078020A727047027AC2F344
:10B9000043020A6000228A8001228A71007A2D2275
:10B9100000F0E00020284FF0000008BF6FF0520256
:10B920000A727047027A4368C2F343020A60002237
:10B930008A8003228A71007A5B2200F0E0002028CE
:10B9400008BF6FF024020A72187848725A780020F3
:10B950008A727047027AC2F343020A6000228A8028
:10B9600001228A71007A5A2200F0E00020284FF06C
:10B97000000008BF6FF025020A727047027AC2F316
:10B9800043020A6000228A8001228A71007A5822CA
:10B9900000F0E00020284FF0000008BF6FF0270201
:10B9A0000A727047027AC2F343020A6000228A8058
:10B9B00001228A71007A432200F0E00020284FF033
:10B9C000000008BF6FF03C020A727047027AC2F3AF
:10B9D00043020A6000228A8001228A71007A412291
:10B9E00000F0E00020284FF0000008BF6FF03E029A
:10B9F0000A727047027AC2F343020A6000228A8008
:10BA000001228A71007A732200F0E00020284FF0B2
:10BA1000000008BF6FF00C020A727047027AC2F38E
:10BA200043020A6000228A8001228A71007A53222E
:10BA300000F0E00020284FF0000008BF6FF02C025B
:10BA40000A727047027AC2F343020A6000228A80B7
:10BA500001228A71007A552200F0E00020284FF080
:10BA6000000008BF6FF02A020A727047027AC2F320
:10BA700043020A6000228A8001228A71007A5E22D3
:10BA800000F0E00020284FF0000008BF6FF0210216
:10BA90000A727047027AC2F343020A6000228A8067
:10BAA00001228A71007A302200F0E00020284FF055
:10BAB000000008BF6FF04F020A727047027AC2F3AB
:10BAC00043020A6000228A8001228A71007A4F2292
:10BAD00000F0E00020284FF0000008BF6FF03002B7
:10BAE0000A727047027AC2F343020A6000228A8017
:10BAF00001228A71007A512200F0E00020284FF0E4
:10BB0000000008BF6FF02E020A727047027AC2F37B
:10BB100043020A6000228A8001228A71007A602230
:10BB200000F0E00020284FF0000008BF6FF01F0277
:10BB30000A727047027AC2F343020A6000228A80C6
:10BB400001228A71007A082200F0E00020284FF0DC
:10BB5000000008BF6FF077020A727047027A4368EC
:10BB6000C2F343020A6000228A8007228A71007AA7
:10BB70001B2200F0E000202808BF6FF064020A7268
:10BB800018689A88C1F809000020A1F80D207047B4
:10BB9000027A4923C2F343020A6000228A80052206
:10BBA0008A71027A02F0E002202A08BF6FF03603A1
:10BBB0000B72406802680020C1F80920704700003D
:10BBC000027A3E23C2F343020A6000228A800522E1
:10BBD0008A71027A02F0E002202A08BF6FF0410366
:10BBE0000B72406802680020C1F80920704700000D
:10BBF000027A4368C2F343020A6000228A8002226A
:10BC00008A71007A092200F0E000202808BF6FF056
:10BC100076020A721A7800204A727047027A4368E4
:10BC2000C2F343020A6000228A8008228A71007AE5
:10BC3000482200F0E000202808BF6FF037020A72A7
:10BC400018884881588888819A880020CA8170475E
:10BC5000027A6523C2F343020A6000228A80082226
:10BC60008A71027A02F0E002202A08BF6FF01A03FC
:10BC70000B724068D0F8032003680020CA60C1F846
:10BC800009307047027A4368C2F343020A60002217
:10BC90008A8007228A71007A672200F0E00020285B
:10BCA00008BF6FF018020A7293ED061A93ED052A89
:10BCB00093ED040ABDEEC11A11EE100ABDEEC21AD0
:10BCC000A1F8090011EE100ABDEEC00AA1F80B00A0
:10BCD00010EE102A0020A1F80D207047027A4FF0D4
:10BCE000000CC2F343020A6005224368A1F804C0B5
:10BCF0008A71007A6D2200F0E000202808BF6FF002
:10BD000012020A721888A1F80BC0A1F809000020DD
:10BD100070470000027A4368C2F343020A600022BF
:10BD20008A8005228A71007A2C2200F0E000202807
:10BD300008BF6FF053020A721878487293F9010035
:10BD40008872C2110020CA720A737047027A43686F
:10BD5000C2F343020A6000228A8005228A71007AB7
:10BD6000702200F0E000202808BF6FF00F020A7276
:10BD70005888A1F809001A880020A1F80B20704704
:10BD8000027A4368C2F343020A6000228A800322D7
:10BD90008A71007A592200F0E000202808BF6FF075
:10BDA00026020A721A880020A1F8092070470000B4
:10BDB000027A4368C2F343020A6000228A800822A2
:10BDC0008A71007A572200F0E000202808BF6FF047
:10BDD00028020A721888A1F809005A880020A1F8E0
:10BDE0000B207047027A4368C2F343020A600022C4
:10BDF0008A8005228A71007A742200F0E0002028EF
:10BE000008BF6FF00B020A721A7800204A7270475E
:10BE1000027A0F23C2F343020A6000228A800522BD
:10BE20008A71027A02F0E002202A08BF6FF07003E4
:10BE30000B72406802680020C1F8092070470000BA
:10BE4000027A4223C2F343020A6000228A8005225A
:10BE50008A71027A02F0E002202A08BF6FF03D03E7
:10BE60000B72406802680020C1F80920704700008A
:10BE7000027A4423C2F343020A6000228A8003222A
:10BE80008A71027A02F0E002202A08BF6FF03B03B9
:10BE90000B72406802880020A1F80920704700005A
:10BEA000027A1023C2F343020A6000228A8005222C
:10BEB0008A71027A02F0E002202A08BF6FF06F0355
:10BEC0000B72406802680020C1F80920704700002A
:10BED000027A4023C2F343020A6000228A800522CC
:10BEE0008A71027A02F0E002202A08BF6FF03F0355
:10BEF0000B72406802680020C1F8092070470000FA
:10BF0000027A7723C2F343020A6000228A80082261
:10BF10008A71027A02F0E002202A08BF6FF008035B
:10BF20000B724068D0F8032003680020CA60C1F893
:10BF300009307047027A4368C2F343020A60002264
:10BF40008A8003228A71007A722200F0E0002028A1
:10BF500008BF6FF00D020A721A880020A1F80920AC
:10BF600070470000027A4368C2F343020A6000226D
:10BF70008A8008228A71007A522200F0E00020288C
:10BF800008BF6FF02D020A7293ED000A93ED011ABB
:10BF900093ED022ABDEEC00A10EE100ABDEEC10AF2
:10BFA000A1F8090010EE100ABDEEC20AA1F80B00BC
:10BFB00010EE100A93F82420A1F80D000020CA7397
:10BFC00070470000027A4368C2F343020A6000220D
:10BFD0008A8008228A71007A542200F0E00020282A
:10BFE00008BF6FF02B020A7293ED061A93ED052A33
:10BFF00093ED040ABDEEC11A11EE100ABDEEC21A8D
:10C00000A1F8090011EE100ABDEEC00AA1F80B005C
:10C0100010EE102A0020A1F80D207047027A436824
:10C02000C2F343020A6000228A8005228A71007AE4
:10C030005D2200F0E000202808BF6FF022020A72A3
:10C0400093ED070A93ED081ABDEEC00A10EE100A30
:10C05000BDEEC10AA1F8090010EE102A0020A1F8D7
:10C060000B207047027A2F23C2F343020A6000229A
:10C070008A8003228A71027A02F0E002202A08BF35
:10C080006FF050030B72406802880020A1F809206D
:10C0900070470000027A4368C2F343020A6000223C
:10C0A0008A8005228A71007A0E2200F0E0002028A2
:10C0B00008BF6FF071020A72187848725878887257
:10C0C0009878C872DA7800200A737047027A792368
:10C0D000C2F343020A6000228A8003228A71027A34
:10C0E00002F0E002202A08BF6FF006030B724068DE
:10C0F00002880020A1F8092070470000027A4368F6
:10C10000C2F343020A6000228A8008228A71007A00
:10C110004E2200F0E000202808BF6FF031020A72C2
:10C1200093ED000A93ED011A93ED022ABDEEC00AC9
:10C1300010EE100ABDEEC10AA1F8090010EE100AB7
:10C14000BDEEC20AA1F80B0010EE100A93F82420ED
:10C15000A1F80D000020CA7370470000027A4368FE
:10C16000C2F343020A6000228A8008228A71007AA0
:10C17000502200F0E000202808BF6FF02F020A7262
:10C1800093ED061A93ED052A93ED040ABDEEC11A4C
:10C1900011EE100ABDEEC21AA1F8090011EE100A44
:10C1A000BDEEC00AA1F80B0010EE102A0020A1F885
:10C1B0000D207047027A4368C2F343020A600022EE
:10C1C0008A8005228A71007A5F2200F0E000202830
:10C1D00008BF6FF020020A7293ED070A93ED081A68
:10C1E000BDEEC00A10EE100ABDEEC10AA1F80900AA
:10C1F00010EE102A0020A1F80B207047027A692364
:10C20000C2F343020A6000228A8008228A71027AFD
:10C2100002F0E002202A08BF6FF016030B7240689C
:10C22000D0F8032003680020CA60C1F809307047C5
:10C23000037A4268C3F343030B60002312888B80A8
:10C2400003238B71007A4A2300F0E00020284FF08E
:10C25000000008BF6FF035030B72A1F8092070478A
:10C26000027A5623C2F343020A6000228A80032224
:10C270008A71027A02F0E002202A08BF6FF02903D7
:10C280000B72406802880020A1F809207047000066
:10C29000027AC2F343020A6000228A8001228A7174
:10C2A000007A2E2200F0E00020284FF0000008BFA6
:10C2B0006FF051020A727047027A4368C2F3430278
:10C2C0000A6000228A8005228A71007A1C2200F00E
:10C2D000E000202808BF6FF063020A721888A1F8F6
:10C2E00009005A880020A1F80B2070474FF0FF305A
:10C2F00070470000B0B582B002781E2401F0010141
:10C30000037A04EAD202C57B1144202202EA930296
:10C310008C18691EB1FA81F14D09B0F80910D0F8F6
:10C320000B00ADF802100190ECF778FE0DF102035E
:10C3300021462A46ECF7BCFE002002B0B0BD00004A
:10C340005A220CF0D3BA000058220CF0CFBA0000E9
:10C3500043220CF061BC000041220CF05DBC0000E7
:10C36000B0B5044600781E23227A01F0010103EAE9
:10C37000D0000844202101EA92014518EDF7C4FCE1
:10C38000294601220023EDF7B1FBFF280BD003461D
:10C39000FE200121002204F0A5F900281CBFB4F9F9
:10C3A0000910C0F82C110020B0BD000053220CF081
:10C3B00059BB000055220CF055BB00005E220CF06A
:10C3C00051BB00002DE9F04186B00446884601F0DB
:10C3D000010021781E23227A03EAD101084420219A
:10C3E00001EA92014518EDF78FFC2946012201234D
:10C3F000EDF77CFBFF2829D002460120012105230F
:10C4000003F05CF80646ECF70BFDECF71DFDFCF7BE
:10C41000F1FD31460746F7F797F8D8B10546FE20FB
:10C42000314606F041FBB4F809100180687829789C
:10C430000130C2B29142687008D1384631460022BC
:10C44000F7F7ACF900F008FA00F02AFC002006B07B
:10C45000BDE8F081002500202C21ADF80C5000F043
:10C4600029F90290ADF80E50CDE90465EFF70AFC0A
:10C4700002AD0421002200230095EFF7D1FB00203C
:10C480001B2100F017F902902068A1796FF31F308B
:10C4900040EA0130ADF80E002046EEF7CBFB0591E7
:10C4A0002178049008098DF80D000220B8F1000FE2
:10C4B00008BF01208DF80C00EFF7E4FB02210022F9
:10C4C00000230095EFF7ACFB002006B0BDE8F0813B
:10C4D0004F220CF0C7BA000051220CF0C3BA000082
:10C4E00060220CF0BFBA00002DE9F04186B005468D
:10C4F00000780C461E23297A04F0010203EAD000DA
:10C500001044202202EA91014618EDF7FDFB314666
:10C5100001220023EDF7EAFAFF282ED00646FE207E
:10C5200001210022334604F0DDF830B3697A324647
:10C5300080F81611012000210E234FF0000802F0B0
:10C54000BDFF0646ECF76CFCECF77EFCFCF752FDF9
:10C5500031460746F6F7F8FFA0B14178027801317D
:10C56000CBB29A42417008D1384631460022F7F7E3
:10C5700015F900F071F900F093FB002006B0BDE85A
:10C58000F08100BF00202C21ADF80C8000F092F863
:10C590000290ADF80E80CDE90468EFF773FB02AEB0
:10C5A0000421002200230096EFF73AFB00201B2114
:10C5B00000F080F802902868A9796FF31F3040EAF4
:10C5C0000130ADF80E002846EEF734FB05912978CE
:10C5D000049008098DF80D000220002C08BF0120EE
:10C5E0008DF80C00EFF74EFB02210022002300968D
:10C5F000EFF716FB002006B0BDE8F081B0B50C46A1
:10C600000546F9F71BFB29462246F9F719F90020E0
:10C61000B0BD00000146400E04284BF27360C0F626
:10C62000060011D80A0EFF2A08BF70474EF23400E8
:10C63000C0F6060050F8220021F07F41814205D962
:10C640004BF27360C0F60600704700BF4BF2F0601B
:10C65000C0F6060050F8220001EB410200EB820018
:10C6600042684AB103684BF29B60C0F606009942EB
:10C6700008BF1046704700BF4BF2C560C0F6060009
:10C68000704700000146400E04284FF0FF300FD8DD
:10C690000A0EFF2A08BF70474EF23400C0F60600AB
:10C6A00050F8222021F07F40904288BF4FF0FF30A9
:10C6B0007047000009280CD84EF23402C0F606027A
:10C6C00052F820208A4222BF21F07F4141EA0060D7
:10C6D00070474FF0FF307047F0B587B044F61475DF
:10C6E000C1F20005696829B144F61470C1F2000076
:10C6F00007B0F0BD4CF23816C0F60606002818BF89
:10C700000646EFF7BFFA4DF6625431794BF2805787
:10C71000C0F60604C0F6060724A22346002918BF67
:10C7200001210097EFF754FAEFF7ACFA71882AA2CB
:10C730002346002918BF01210097EFF749FAEFF7C8
:10C74000A1FA31782FA22346002918BF01210097B2
:10C75000EFF73EFA4CF20C133079C0F6060347F2BD
:10C7600025171B68C0F605077288317849F68126BF
:10C77000CDE9007002A80FF2B40CC0F60506002443
:10C7800058C004200023CDF814C002F0A5FB0146D8
:10C79000686047F20D10C0F6050006F007FC44F68D
:10C7A0001470C1F2000007B0F0BD00BF656F6D5F8F
:10C7B00063616C6C6261636B6D616E5F496E69741D
:10C7C00069616C69736528293A2030207175657537
:10C7D0006573697A65000000656F6D5F63616C6CFD
:10C7E0006261636B6D616E5F496E697469616C69EA
:10C7F000736528293A203020737461636B73697AFA
:10C8000065000000656F6D5F63616C6C6261636BF6
:10C810006D616E5F496E697469616C697365282921
:10C820002030207072696F726974790063626B6D79
:10C83000616E000010B50C4600284FF0FE0118BFD5
:10C84000002C01D148B210BD0068FAF76DF8002144
:10C85000207048B210BD000040F6D071C1F2000156
:10C86000087B002818BF0846704700002DE9F047F4
:10C87000C0B040F6D079C1F20009D9F8001039B142
:10C8800040F6D070C1F2000040B0BDE8F08700BFB4
:10C890000546CB480DF10C0C0290C9A0071D8ECFA8
:10C8A000007D8CE80E0006978DF81C00EFF7EAF982
:10C8B0004DF6E752C0F6060202A9EFF71DFA012075
:10C8C00089F80C004CF24010C0F60600002D18BF8D
:10C8D0002846D0E90001C9E90101EEF7B1F8FAF7FD
:10C8E00029F8C9F8000001200021002610F068FD99
:10C8F000D9F804000021ECF7E5F8ECF7D9F806F0D8
:10C90000D1FB00F025FB054690F848001A96012857
:10C9100008D1ECF7CDF81AA906F0B4FB1A99002853
:10C9200008BF0E46E96B05F1300005F144033246BD
:10C9300001F038FFE86A1BAE31461422EEF79AFA8E
:10C9400020AFA5A2384680213346D4F70DFFEFF77C
:10C9500099F94DF6E752C0F606023946EFF7CCF9E1
:10C9600001F00CFFE96A44F64032C0F24C0202F0DA
:10C970000DF90546F1F7A8FD00213DB1F1F780FE64
:10C980004EF6DD17C0F6060706E000BFF1F7A0FE81
:10C990004EF6E117C0F606074EF6E41220AEC0F6DA
:10C9A00006021BAB304680210097D4F7DDFEEFF77F
:10C9B00069F94DF6E755C0F6060531462A46EFF708
:10C9C0009BF900F0C5FA643000F020FB00F0C0FADB
:10C9D00006467C3001F01AFCF06A1BAE3146142288
:10C9E000EEF748FA4EF64E2220AFC0F60602384661
:10C9F00080213346D4F7B8FEEFF744F939462A468A
:10CA0000EFF77AF901F0F8FBD9F808104AF2201292
:10CA1000C0F2070201F0C8FB0546F1F755FD002101
:10CA200035B1F1F72DFE4EF6DD17C0F6060705E02D
:10CA3000F1F74EFE4EF6E117C0F606074EF6192244
:10CA400020AEC0F606021BAB304680210097D4F71B
:10CA50008BFEEFF717F94DF6E758C0F6060831469A
:10CA60004246EFF749F900F073FA883001F070FDA3
:10CA700000F06EFA4C3000F015FD00F069FAB030AD
:10CA800000F018FF00F064FAB43000F089FC00F008
:10CA90005FFAB83000F0C8FF4EF25800C0F606004A
:10CAA000EBF79AFAEBF7B8FAEFF7ECF848F25D011A
:10CAB000C0F60301EFF71AF90020CDE92600CDE911
:10CAC0002400CDE92200CDE9200000F037FC00F081
:10CAD0003FFC20AE024630460121EBF7AFFD01F0EE
:10CAE0008BFB31460022002301F020FC44F22C0095
:10CAF000C0F6070090E88E00D0E904650DF1080E3D
:10CB00008EE88E0000F12007D0E906C4CDE9066565
:10CB10008ECFD0E90C6590F838000DF1280E8EE824
:10CB20008E00CDE908C40E960F958DF84000EFF702
:10CB3000A9F80DF1080A51464246EFF7DDF84846DC
:10CB400000F0F0F843F6EC70C0F6070090E88E00B5
:10CB5000D0E9045402AE8EC600F12007D0E906CE1B
:10CB6000CDE906548ECFD0E90C54D0E90E600D9774
:10CB70000C930B920A91CDE908CECDE90E54CDE984
:10CB80001060EFF77FF851464246EFF7B5F8D9F855
:10CB90000000F9F7F1FF44F26801C0F607015046C2
:10CBA0005222D5F7E4F9EFF76DF851464246EFF718
:10CBB000A3F840F6D070C1F2000040B0BDE8F087A5
:10CBC000696E73696465205F496E697469616C6937
:10CBD000736528290000000061626F757420746F0E
:10CBE0002063616C6C20656F6D5F69706E65745F4A
:10CBF0005265736F6C76654950282920746F2068E0
:10CC00006F737420257320772F2074696D656F759D
:10CC10007420357365630000B0B548B100680C46F8
:10CC2000F9F782FEA04207D1002040B2B0BD00BF9C
:10CC3000FE2040B2B0BD00BF022803D1F12040B2B7
:10CC4000B0BD00BF02224FF0FF35032C4FEAC401F4
:10CC5000C0F2010238BF22FA01F5012808D078B9E4
:10CC600000F06CFBE9B2BDE8B04000F07BBB00BF58
:10CC700000F0A6FEE9B2BDE8B04000F0B9BE00BFCA
:10CC8000FF2040B2B0BD0000002804BF6FF00100DB
:10CC9000704740F6D070C1F200000068F9F714BF89
:10CCA00080B588B10068F9F73FFE022814D001284A
:10CCB0000ED0D8B900F042FB00F04AFB0221BDE8DB
:10CCC000804002F0B5BA00BFFE2040B280BD00BF78
:10CCD000002040B280BD00BF00F0D8FD00F0E0FDB4
:10CCE0004FF00051BDE8804002F0A2BAFF2040B2F0
:10CCF00080BD0000002818BF002903D16FF001009B
:10CD0000704700BFB0B504460D4601F001FC01F0CC
:10CD100015FC2946FCF72AFA05462046FFF7C0FF16
:10CD20002846B0BD80B5F1F7CFFB03214CF250325D
:10CD30000023F1F7F5FC00200FF05EFD0FF08CFDF5
:10CD400001F01CFD01F024FDBDE88040F8F754B966
:10CD500080B5F1F7B9FB48F28042C0F21E02032110
:10CD60000023F1F7DDFCEDF737FB0021EDF78EFD39
:10CD7000EDF732FBEDF774FC00F0E0FA00F0E8FAB2
:10CD80000221BDE8804002F053BA000080B5F1F7FF
:10CD90009BFB4DF29002C0F2030203210023F1F746
:10CDA000BFFCEDF719FB0021EDF770FDEDF714FB6B
:10CDB000EDF756FCF4F7D0F9F4F7A6FBF4F7CCF94D
:10CDC000F4F7BAF8FAF764FCFAF7C4FDFAF760FC76
:10CDD000FAF7DEFBE7F72EF8E8F760FBE7F72AF84B
:10CDE000E6F7DAFFF8F72AFFF9F76CFBF8F726FF0A
:10CDF000F8F7AAFEF2F7F4F8F2F7B8FAF2F7F0F85B
:10CE0000F2F77EF8F0F76CFBF0F750FCF0F768FBF8
:10CE1000F0F7FCFAFBF7DAF9FBF7B6FAFBF7D6F90D
:10CE2000FBF750F9F6F768FFF7F74AF8F6F764FFF3
:10CE3000F6F7EAFEF5F7E4FFF6F7C6F8F5F7E0FFD8
:10CE4000BDE88040F5F764BF80B5F1F73DFB44F2E3
:10CE50004022C0F20F0203210023F1F761FCEDF73D
:10CE6000BBFA0121EDF712FDEDF7B6FA0021002221
:10CE7000EDF714FDEDF7B0FA4CF20411C0F606011F
:10CE8000096801EB8101BDE88040EDF76DBD000050
:10CE9000704700007047000080B5EDF79DFA002153
:10CEA000EDF7F4FCEDF798FAEDF7DAFBF4F754F947
:10CEB000F4F72AFBF4F750F9F4F73EF8FAF7E8FB39
:10CEC000FAF748FDFAF7E4FBFAF762FBE6F7B2FF80
:10CED000E8F7E4FAE6F7AEFFE6F75EFFE8F7EAFB0D
:10CEE000E9F70EF8E8F7E6FBE8F796FBF8F7A6FE99
:10CEF000F9F7E8FAF8F7A2FEF8F726FEF2F770F86D
:10CF0000F2F734FAF2F76CF8F1F7FAFFF0F7E8FA13
:10CF1000F0F7CCFBF0F7E4FAF0F778FAFBF756F904
:10CF2000FBF732FAFBF752F9FBF7CCF8F6F7E4FE21
:10CF3000F6F7C6FFF6F7E0FEF6F766FEF5F760FFD8
:10CF4000F6F742F8F5F75CFFBDE88040F5F7E0BE84
:10CF500044F61500C1F200000178002904BF012148
:10CF600001704DF26030C0F60600704744F61500BF
:10CF7000C1F200000178002904BF012101704DF2C7
:10CF80006030C0F60600704770B594B0044644F6B1
:10CF90004570C0F23F0016460D461390EEF772FE44
:10CFA0002146EEF767FE44F61501C1F200010A784A
:10CFB0000346002A04BF012008701EB17168307852
:10CFC00002E000BF002013A903AECDE9001009A2C2
:10CFD000304640210295D4F7C7FB304612F0FDF9E8
:10CFE000042C9CBF14B070BD06F0CCFA06F0F2FA27
:10CFF000FEE700BF5B25735D20257320696E2074FA
:10D00000736B2025643A2025730000002DE9F04F52
:10D0100089B040F6E874C1F20004216821B12046CD
:10D0200009B0BDE8F08F00BF4CF24817C0F6060704
:10D03000002818BF074697E84F007D6904F1180CD7
:10D040008CE84F00E562387840B301F097FB4BF273
:10D050006058C0F6060858B9EEF714FE4DF6456361
:10D060004BA2C0F606030521CDF80080EEF7D8FDEF
:10D07000387DB7F80490B7F808A0012814D101F062
:10D08000C7FD397DFE88B7F80AB0012902460FD1E5
:10D09000154601F0BDFD2A4605460AE0002420465B
:10D0A00009B0BDE8F08F00BFBE79B7F80AB0002222
:10D0B00000255FFA89F0F3B25146CDE900B5F9F7E2
:10D0C0003FFE398960600846F5F730FB7989A0603A
:10D0D0000846F5F72BFBE060022001214FF0010923
:10D0E00016F0DCF82063EEF7CDFD216B4DF64563BD
:10D0F00036A2C0F60603002918BF0121CDF8008032
:10D10000EEF766FDF8897989ADF81E0000260DF16D
:10D110001E00ADF820108DF8226000F097F84CF258
:10D120000C10C0F6060049F69D230068C0F6050302
:10D1300079787A8847F29515049347F2BD230FF268
:10D14000C80CC0F60505CDE90206C0F605030120AE
:10D15000CDE90056CDF814C001F0BEFE3D69206057
:10D160002675256101F00AFB44F64032C0F24C02FC
:10D17000294601F00BFD002808BF84F8149040F602
:10D18000E874C1F20004204609B0BDE8F08F00BF8A
:10D19000656F6D5F656D736261636B646F6F725F06
:10D1A000496E697469616C69736528293A20454F35
:10D1B0004D74686549506E6574206E6F7420737489
:10D1C000617274656420796574000000656F6D5F3D
:10D1D000656D736261636B646F6F725F496E6974D2
:10D1E00069616C69736528293A206F73616C2067E7
:10D1F00069766573204E554C4C20747873656D616B
:10D2000070686F726500000062636B646F6F72001C
:10D2100044F61801C1F200010868002818BF08464A
:10D220007047000000284FF0FE0218BF002901D10E
:10D2300050B27047026803790A605A1E4FF000012D
:10D2400018BF4FF0FF32017150B2704770B544F60D
:10D250001804C1F20004216811B1204670BD00BF5E
:10D260004CF26011C0F60601002818BF01468888FC
:10D2700060810868C4F8060006F09AFE4FF00006C8
:10D2800060B105462089F5F751FA206028462671DD
:10D2900006F0B0FDE060204670BD00BF002070BD0C
:10D2A0002DE9F04186B0044600200390ADF80A0055
:10D2B0004FF0FE00ECB30D46D9B303A90DF10A02FD
:10D2C0002846F5F753FA01A90DF102022846F5F7B1
:10D2D000E1F944F61807C1F200073868039EDDF84B
:10D2E0000480002505A90DF11202ADF81250F5F7E2
:10D2F0003DFAB87AD8B9F868314606F06BFD4FF0C0
:10D300000005A0B9F868059A04AB3146ADF8105095
:10D3100006F086FD01280AD13868BDF81010F5F72F
:10D3200039FA3868FA884146F5F7C6F90125002030
:10D33000257140B206B0BDE8F081000044F6280136
:10D34000C1F200010868002818BF084670470000B5
:10D3500044F62801C1F200010968002818BF0846F8
:10D360007047000040B199B1012909D002290CBFD2
:10D370000020FF2040B27047FE2040B2704700BF3F
:10D3800044F62800C1F200000068042101F050BFFB
:10D3900044F62800C1F200000068082101F048BFEF
:10D3A000B0B586B044F62804C1F20004216829B162
:10D3B00044F62800C1F2000006B0B0BD4CF266127F
:10D3C000C0F60602002818BF02464CF20010C0F654
:10D3D000060047F2293500680023C0F605051178DC
:10D3E000528849F6A12ECDE9005302ADC0F6050ED4
:10D3F00085E8094047F2DD430FF21C0CC0F6050337
:10D400000120CDF814C001F067FD206044F628002B
:10D41000C1F2000006B0B0BD63666753540000005F
:10D4200070470000704700007047000080B5ECF7BF
:10D43000D3FFBDE88040EDF713B9000080B5EBF7EE
:10D44000EDFDBDE88040ECF789B8000080B5EEF74F
:10D4500073FCBDE88040EEF70BBD00007047000094
:10D4600010B586B0002014210024FFF723F9CDE980
:10D470000204CDE90444EEF705FC02AC03A303214A
:10D4800000220094EEF7CCFB06B010BD454F4D7462
:10D490006865454D53636F6E666967757261746F39
:10D4A000720000002DE9F0478AB041F21C06C1F27B
:10D4B0000006316831B141F21C00C1F200000AB02F
:10D4C000BDE8F0874CF26C17C0F60607002818BFBD
:10D4D000074697E82F007C6906F1180C8CE82F00AE
:10D4E000F46201F04BF988B9EEF7CCFB4BF26055D2
:10D4F0004EF690224DF60B63C0F60605C0F6060206
:10D50000C0F6060305210095EEF78AFB387DB7F8D3
:10D510000480B7F8089001280ED101F079FB397D1D
:10D52000FD88B7F80AA00129024609D1144601F086
:10D530006FFB2246044604E0BD79B7F80AA000223A
:10D5400000245FFA88F0EBB24946CDE900A4F9F770
:10D55000F7FB398970600846F5F7E8F8B06038697C
:10D56000F98906907889ADF81C10797DADF81E0018
:10D57000002406A88DF82010099400F049F84CF218
:10D580000C10C0F6060049F6A9230068C0F6050392
:10D5900039787A8847F20D55049347F2BD530AA7AC
:10D5A000C0F60505CDE90204C0F605030120CDE96A
:10D5B0000054059701F090FC306041F21C00C1F26C
:10D5C00000000AB0BDE8F0876C697374656E65721F
:10D5D0000000000044F27020C1F2000050F8041F67
:10D5E000002908BF0846704700284FF0FE0218BF08
:10D5F000002901D150B27047026803790A605A1EAF
:10D600004FF0000118BF4FF0FF32017150B2704768
:10D6100070B58CB044F27025C1F20005696819B18B
:10D62000281D0CB070BD00BF4CF28411C0F606017D
:10D63000002818BF0146D1E90020D1E902316A6112
:10D64000C5E906032962688BF5F770F80026686063
:10D650002E72FBF787FB296AC5E903060029DFD094
:10D66000FBF780FB43F6C97104AC2861C0F60501E5
:10D67000204600220023CDE90A66CDE90866CDE9FF
:10D680000666CDE90466EAF7CBFF4CF2F000C0F67F
:10D690000600D0E900232869296A0294CDE9001622
:10D6A000FBF7D4FB281D0CB070BD00002DE9F04F36
:10D6B00093B0044600200790ADF81A00002C4FF0FC
:10D6C000FE0000F0DE800D46002900F0DA8007A998
:10D6D0000DF11A022846F5F749F805A90DF11202D5
:10D6E0002846F4F7D7FF4CF2F800C0F606000768AA
:10D6F0002069059D87424FF0000618BFA8422BD134
:10D7000044F2702BC1F2000BDBF804000DF122098A
:10D71000DDF81C809DF81AA009A94A46CDE91066DB
:10D72000CDE90E66CDE90C66CDE90A66ADF822605A
:10D73000F5F71CF88BF8006098F80010DDF824C0AD
:10D74000BBF81A002E2909DD7E291BDC2F290BD0FE
:10D75000792929D040E000BFFF2091E0062931D08F
:10D76000092921D0202937D12F2148F6755640F6B6
:10D770000652BAF1010F08BF2021C0F60506039238
:10D7800032E000BFFF2901D07F2925D17F21BAF1E6
:10D79000010F08BF4FF0FF31BBF8182048F6A5561F
:10D7A0000392C0F605061FE07921BAF1010F08BF08
:10D7B0000921BBF8182048F675660392C0F60506E5
:10D7C00012E000BFBBF8181048F60D760391062151
:10D7D000C0F6050608E000BFBBF8181048F6017651
:10D7E00003910021C0F60506CDE90109C8B2414602
:10D7F00052462B46CDF800C0B04701283ED19BF8D9
:10D800000000BDF822A0012821D143F6C9710DF115
:10D810002808C0F605014046002200234FF0000909
:10D82000EAF7FEFE4CF2F001C0F60601D1E9002352
:10D830004CF20411C0F606010968DBF80C00322630
:10D840007143CDE90019CDF80880FBF7FFFABAF172
:10D85000000F13D0DBF81420DBF80400BDF8221011
:10D86000974218BF1546F4F795FFDBF80400039ABA
:10D870002946F4F721FF012601E000BF0026002021
:10D88000267140B213B0BDE8F08F000044F298203A
:10D89000C1F2000050F8081F002908BF0846704771
:10D8A00044F29821C1F200018968002818BF084697
:10D8B00070470000B0B586B044F29824C1F200046D
:10D8C000A16819B104F1080006B0B0BD4CF2941281
:10D8D000C0F60602002818BF02464CF20010C0F63F
:10D8E000060047F2296500680023C0F60505117897
:10D8F000528849F6A52ECDE9005302ADC0F6050EBB
:10D9000085E8094047F2BD730FF2400CC0F60503ED
:10D910000120CDF814C001F0DFFAA060FBF722FA75
:10D92000E0604BF25050C0F6060090E80E00C06870
:10D9300004F1180C8CE80E0004F1240C8CE80F00A4
:10D94000606304F1080006B0B0BD00BF6572726F7D
:10D950007200000000284FF0FE0018BF002901D11E
:10D9600040B2704710B544F29822C1F20002108A0A
:10D970000130108291E80850CC6802F1280181E85A
:10D9800008504BF27053C0F60603D3E900315463DC
:10D99000C2E90631D0830020C2E90800BDE810408A
:10D9A00040B270477047000070470000002804BF75
:10D9B0000020704790F85A00002818BF01207047D7
:10D9C00040F66831C1F20001486B002818BF0846D4
:10D9D00070470000002812BFD0E91A010020002182
:10D9E00070470000002814BF006901207047000044
:10D9F00030B1FF2908D059B9002040B2704700BFAC
:10DA0000FE2040B2704700BFFF2040B2704700BF09
:10DA100040F66832C1F20002002082F8600040B295
:10DA200082F84010704700002DE9F04786B040F6BC
:10DA30006835C1F20005696B31B140F66830C1F25A
:10DA4000000006B0BDE8F0874CF29816C0F6060656
:10DA5000002818BF0646EEF715F9D6E90521F36947
:10DA60000A449A420AD2D6E908723B44934205D24C
:10DA7000B36A002B18BF002F40F0DA8000214AF66D
:10DA80000C584EF6D322C0F606084FF0000AC0F636
:10DA900006024346CDF800A0EEF79AF8EEF7F2F84A
:10DAA000F18D68A202294FF00001434638BF0121E1
:10DAB000CDF800A0EEF78CF8746996E88F006C61E1
:10DAC00085E88F0006F118079FCF05F1180C8CE848
:10DAD0009F00306B2863307B85F843007089A5F880
:10DAE0004100B6F80D00A5F84400F07B85F860A071
:10DAF00085F8460096F8304085F85040EEF7C2F8B9
:10DB00004EF60F32A11EC0F60602434618BF012191
:10DB1000CDF800A0EEF75CF8FF20002185F840006A
:10DB200085F851A015F0BAFB6865EEF7ABF8696DA2
:10DB300052A24346002918BF0121CDF800A0EEF7FC
:10DB400047F84FF6FF70A5F8610028696A6AE9692D
:10DB5000801AC5E9340A96F83100C5E91C1A511A31
:10DB6000C5E91AAAC5E9281A4FF00108012898BF8B
:10DB7000404685F858004CF20C10C0F6060040F6FE
:10DB80001913046849F695204FF00309C0F6030302
:10DB90003178B288C0F60500CDE9003941F28D2315
:10DBA00043A70490C0F603030220CDE9024A05977B
:10DBB00001F092F940F68503686349F68920C0F6C2
:10DBC00003037178F288C0F60500CDE9003941F20F
:10DBD000592339A70490C0F603030220CDE9024A75
:10DBE000059701F079F940F63D23A86349F699209D
:10DBF000C0F60303B1783289C0F60500CDE90039DB
:10DC000041F2C1232EA70490C0F603030220CDE900
:10DC1000024A059701F060F9E86385F800A1A5F8CC
:10DC2000028140F66830C1F2000006B0BDE8F0871E
:10DC300000293FF423AF31691A448A42BFF41EAF72
:10DC400001211CE7656F6D5F656D7372756E6E65A2
:10DC5000725F496E697469616C69736528293A203D
:10DC60006D61786E756D6F6654587061636B657425
:10DC700073206973203E203100000000656F6D5FE6
:10DC8000656D7372756E6E65725F496E69746961F8
:10DC90006C69736528293A207761697475647074BA
:10DCA000786973646F6E65206973204E554C4C0023
:10DCB00072756E525800000072756E444F0000007D
:10DCC00072756E5458000000002814BF90F80001CF
:10DCD0000020704740F66830C1F20000406D00211E
:10DCE00015F0BABA00284FF0FE0018BF002901D184
:10DCF00040B27047086840F66831C1F20001C1F8CF
:10DD00000201002040B2704700284FF0FE0318BF08
:10DD1000002901D158B27047B0B540F6683EC1F253
:10DD2000000E9EF86030012B04D1FF23BDE8B04007
:10DD300058B27047D1E900C3D1E9022409694361AF
:10DD40005D18551BC0E906520A442144A21A591A0B
:10DD5000C0E9082461448162C0F810C0DEF81C00EC
:10DD6000DEF824100023DEF81020CEE91C03081A88
:10DD7000CEE92803501ACEE93403BDE8B04058B2CA
:10DD80007047000000280FBFFE2080F85C1080F86C
:10DD90005D20002040B2704740B1012998BF0121A9
:10DDA00080F85810002040B2704700BFFE2040B2FB
:10DDB00070470000002800F0D3802DE9F04186B0C4
:10DDC00040F66836002790F83010C1F2000604468D
:10DDD00080F85170706D84F85010002115F0BAFA77
:10DDE00000F096FB00F0AAFBFBF70AF996F8582022
:10DDF000012101234FF00108FBF798FC5AA0D0E95C
:10DE0000020184F8997084F8C97084F8F97086F872
:10DE10009A7086F8CA7086F8FA70CDE90301524804
:10DE2000D4E9041201905018029094F8410001AD19
:10DE300029460022059711F081FA2069E169002244
:10DE40000844029094F842002946CDF8148011F05D
:10DE500075FA2069616A002208440290022194F850
:10DE600043000591294611F069FA94F8440042F6FE
:10DE7000C945FF28C0F603050BD004F110030ECBF3
:10DE8000CDE9045711441944029101A9002211F06F
:10DE900055FA94F84500FF280CD02169D4E90723EE
:10DEA00004951144194402910121059101A9002210
:10DEB00011F044FA94F84600FF280CD02169D4E907
:10DEC000092304951144194402910221059101A9E5
:10DED000002211F033FA606B012101F0A9F94FF62D
:10DEE0000170A4F86000FF2084F86200002506F1AC
:10DEF00078008821C4E91A55D4F7D2F8F169726A1A
:10DF00003069C6E91C15511AC6E92815811A94F81A
:10DF10004100C6E9341511F04CFA94F8420011F0B2
:10DF200048FA94F8430011F044FA94F84400FF28AA
:10DF300018BF11F03EFA94F84500FF2818BF11F001
:10DF400038FA94F84600FF2818BF11F032FA012081
:10DF500084F80001002006B0BDE8F04140B27047EF
:10DF6000FE2040B2704700BFFF000000000000002C
:10DF7000020000007D2C03080000000000283FD0B4
:10DF8000B0B5044600F0C4FA00F0D8FAFBF738F850
:10DF9000012101220123FBF7C9FB40F66835C1F2DC
:10DFA000000595F8410011F00BFA02282CD095F8E5
:10DFB000440011F005FA022830D095F8420011F023
:10DFC000FFF9022834D095F8450011F0F9F902283C
:10DFD00038D095F8430011F0F3F902283CD095F8B9
:10DFE000460011F0EDF9022803D195F8460011F032
:10DFF000EDF9002084F80001BDE8B04040B2704760
:10E00000FE2040B2704700BF95F8410011F0DEF9E4
:10E0100095F8440011F0D4F90228CED195F84400C7
:10E0200011F0D4F995F8420011F0CAF90228CAD1CA
:10E0300095F8420011F0CAF995F8450011F0C0F9C1
:10E040000228C6D195F8450011F0C0F995F84300B3
:10E0500011F0B6F90228C2D195F8430011F0B6F9D3
:10E0600095F8460011F0ACF90228BED0C1E70000D7
:10E0700010B586B0002016210024FEF71BFBCDE969
:10E080000204CDE90444EDF7FDFD4EF6543302AC35
:10E09000C0F60603032100220094EDF7C1FD06B08F
:10E0A00010BD000010B586B0002015210024FEF739
:10E0B00001FBCDE90204CDE90444EDF7E3FD4EF6A2
:10E0C000543302ACC0F60603032100220094EDF79E
:10E0D000A7FD06B010BD000080B582B0F3F73CF894
:10E0E000F3F756FAF0F77CFFF1F766F9F9F7D0FA93
:10E0F000F9F762FCE5F79EFEE7F7D6F9E7F7DAFAFB
:10E10000E7F704FFF5F7F8FDF5F736FFF4F778FECB
:10E11000F4F7B6FF00208DF807008DF80600ECF745
:10E120005BF90DF107010DF10602ECF7B7FBFFF704
:10E1300047FC9DF807109DF80620FFF723FE02B06C
:10E1400080BD000080B5EAF769FFEBF707FAECF74E
:10E1500043F9BDE88040ECF783BA00007047000047
:10E1600010B5FFF72DFCFFF721FC0446F7F766FD1D
:10E170002146F8F719FAEFF7B3F92146EFF7D8FA85
:10E18000FAF724F82146FAF731F9EDF7D5FDEDF766
:10E190006FFEECF721F940F6B831BDE81040ECF71E
:10E1A000E3BB000070470000D0B1037F2BB183694F
:10E1B0008B4202BF002040B2704770B50023037746
:10E1C0000646816114460D4600F0D8FA29462246DB
:10E1D00000F0DCFC40B1BDE8704040B2704700BFC9
:10E1E000FE2040B2704700BF012030770020BDE81C
:10E1F000704040B27047000041F24C01C1F2000192
:10E200000868002818BF0846704700002DE9F0474D
:10E2100082B041F24C06C1F20006316831B141F2E0
:10E220004C00C1F2000002B0BDE8F0874CF2CC1700
:10E23000C0F60607002818BF07463868331D7968FE
:10E24000BA6807C300F09AFA70B9EDF71BFD4BF2FC
:10E2500060554DF63563C0F606051FA2C0F60603ED
:10E2600005210095EDF7DCFCB87AB7F80080B7F827
:10E27000049001280ED100F0CBFCB97A7D88B7F864
:10E2800006A00129024609D1144600F0C1FC22462D
:10E29000044604E0BD78B7F806A0002200245FFA27
:10E2A00088F0EBB24946CDE900A4F8F749FDB988FA
:10E2B00030600846F4F73AFA306100207077EAF7E8
:10E2C000A3F93062EAF73CF941F24C00C1F20000D8
:10E2D00002B0BDE8F08700BF74686520454F4D74FB
:10E2E000686549506E657420686173206E6F742094
:10E2F00073746172746564207965740080B582B04E
:10E3000001460020ADF8060049B1487F012809D137
:10E3100008680DF10601F8F79DFEBDF8060002B091
:10E3200080BD00BF002002B080BD000070B584B089
:10E3300060B11C46437F05460068012B0AD1F8F7FF
:10E34000A1FE0646286AA4B920E000BFFE2670B2EE
:10E3500004B070BDAB890026CDE9006119461646B0
:10E36000032200230296F8F777FD064640B1286A9B
:10E3700064B12146EAF7ECF870B204B070BD00BF9A
:10E38000012000266877286A002CF2D1EAF7D8F835
:10E3900070B204B070BD0000F0B581B0002A044630
:10E3A0001CBF00201080002C4FF0FE0518BF002974
:10E3B00002D168B201B0F0BD607FC8B116464CF220
:10E3C0001012C0F606020F46206821691268F8F79D
:10E3D00079FC054618B120690021F4F7DBF92068C3
:10E3E0003146F8F737FE2069386068B201B0F0BDF9
:10E3F000FF2568B201B0F0BDF0B583B00446002837
:10E400004FF0FE0018BF002902D140B203B0F0BDAA
:10E41000607F18B302AB16460DF106020D460846A2
:10E420001946F4F737F9207F029F10B1A06987429F
:10E430000CD000202077A76100F0A0F939463246C1
:10E4400000F0A4FB0028E0D10120207720682946B5
:10E45000F8F7B4FD40B203B0F0BD00BFFF2040B2FA
:10E4600003B0F0BDF0B581B00C46002100284FF09C
:10E47000FE00ADF80210ADF8001018BF002C03D15B
:10E4800040B201B0F0BD00BF1E461546EFF7FEFDDD
:10E490006B464FF6FF710022EFF75AFF44F2403708
:10E4A000C1F2000738680DF102013246FAF726FF83
:10E4B0000028E5D1BDF80200002D18BF288008B360
:10E4C00038682146FAF712FFBDF8001029B104465A
:10E4D000FEF7C2F9FEF7E4FB2046396801F13C067D
:10E4E0004CCED1E9125CD2E91A41126F1B6FC7E919
:10E4F000014107F11401C7E9032681E8281040B261
:10E5000001B0F0BD0020BDF800100029DFD1E4E724
:10E5100044F24031C1F200010868002818BF0846E3
:10E5200070470000002804BF0020704780B5EAF75C
:10E5300077FCBDE88040EAF77DBC000044F2403142
:10E54000C1F200010968002818BF084670470000A2
:10E5500070B58EB044F24034C1F20004216829B194
:10E5600044F24030C1F200000EB070BD4CF2D81140
:10E57000C0F60601002818BF0146D1E90002D1F813
:10E580000A3003900889D1F80EC0ADF81400D1F814
:10E5900012000492CDF81E004EF61140C0F60400A1
:10E5A000099001F118000B904EF27560C0F604005E
:10E5B0000C904EF25970CA8AC0F604000D9003A860
:10E5C000CDF81630CDF81AC0ADF82820EAF746FC91
:10E5D000EAF726FCEAF738FC00F13C0E9EE80E5004
:10E5E000126FD1E91A56096F84E86100C4E9031378
:10E5F00004F1140181E804500021019118210091D7
:10E60000FAF7FEFC01906846EFF74AFD44F240300D
:10E61000C1F200000EB070BD002804BF6FF0010011
:10E62000704744F24030C1F200000068FAF796BD2E
:10E63000002818BF002903D16FF00100704700BF08
:10E6400070B544F24034C1F200042068FAF7A6FD28
:10E65000216801F13C0E9EE80C50C96CD2E91A56B3
:10E66000126F1B6FC4E90156C4E9032CC4E9053ECF
:10E67000E16170BDB0B582B0F5F754FEF0B1D0E9FC
:10E68000022182F001030B4334D140F6B074D0E98B
:10E690000402C1F200043421C4E902020120216015
:10E6A000E080EDF7EFFA0121002200230094EDF75E
:10E6B000B7FA3020206002B0B0BD00BF40F6B074A1
:10E6C000C1F200040820206042F246304CF22221C0
:10E6D000C0F20100C7F6AB71C4E902100120E0806E
:10E6E000EDF7D0FA0321002200230094EDF798FA09
:10E6F00002B0B0BDD0E904CE48F20004B2EB0C0287
:10E70000CFF6FF7461EB0E01A01A4FF0FF3070EBF3
:10E7100001034FF00003B8BF0123002B1CBF0846C4
:10E72000144647F6FF71621A70F1000040F6B075AA
:10E73000C1F200054FF03000A8BF0C462860EC8005
:10E74000C5E902CEEDF79EFA0421002200230095D0
:10E75000EDF766FA02B0B0BD80B582B0EDF792FA7F
:10E7600040F6C07CC1F2000C042100220023CDF849
:10E7700000C0EDF755FA02B080BD000044F63871D4
:10E78000C1F200010868002818BF08467047000061
:10E7900044F63871C1F20001896E002818BF08469E
:10E7A000704700002DE9F04FADB044F6387AC1F261
:10E7B000000A9146DAF8002032B144F63870C1F20E
:10E7C00000002DB0BDE8F08F884605460021D9F83D
:10E7D000080007AFCDE90A11CDE9081107913946C4
:10E7E00014221E46ECF746FB4EF280720CACC0F6CB
:10E7F0000602204680213B46D2F7B6FFEDF742FAEB
:10E800004DF69857C0F6060721463A46EDF774FADA
:10E810004CF20024C0F60604002D18BF2C46EDF77C
:10E8200031FA4BF2805B4EF2BC624146C0F6060BF9
:10E83000C0F606023B46B8F1000F18BF0121CDF823
:10E8400000B0EDF7C5F9EDF71DFA6168ACA23B46E3
:10E85000002918BF0121CDF800B0EDF7B9F9EDF7A7
:10E8600011FA6188B1A23B46002918BF0121CDF8F9
:10E8700000B0EDF7ADF9EDF705FA2178B5A23B460A
:10E88000002918BF0121CDF800B0EDF7A1F94CF235
:10E890000C25C0F60605002E18BF3546EDF7F2F937
:10E8A000697809B1012103E02978B1FA81F14909B8
:10E8B0004DF698564EF2E072C0F60606C0F6060215
:10E8C0003346CDF800B0EDF783F947F6050247F679
:10E8D000850347F63D41C0F60502C0F605032878DA
:10E8E000C0F60501CDE9003247F6411247F6812313
:10E8F0000291C0F60502C0F6050300214FF0000B9F
:10E9000004F0DAFCCAF800000220002114F0C6FC72
:10E91000CAF83400EDF7B6F9DAF834104BF2605764
:10E920004EF28362C0F60607C0F60602334600299F
:10E9300018BF01210097EDF74BF914F0A5FBCAF8B9
:10E940001000EDF79FF9DAF810104EF22872C0F6B9
:10E9500006023346002918BF01210097EDF738F968
:10E96000FAF700FACAF83800E9F74EFE6978CAF8F3
:10E970003C00B9B1084614F093FACAF84800EDF724
:10E9800081F9DAF848104EF2A3724DF69853C0F6AA
:10E990000602C0F60603002918BF01210097EDF713
:10E9A00017F901E0CAF848B00AF15006304641466E
:10E9B000D822D3F755FAD9E90001002550EA01021F
:10E9C00018BFCAE91801D9F80800002818BFCAF80A
:10E9D0006800D9F80C00002818BFCAF86C000020A5
:10E9E000F3F7A4FE4CF20C11C0F606010968CAE95F
:10E9F0001001217ADAF800008AF84C1004F012FCB9
:10EA000049F68D236068C0F605032178628847F6D1
:10EA10009557049348F2D9030FF2601CC0F605071E
:10EA2000CDE90205C0F605030120CDE90075CDF85A
:10EA300014C000F051FADAF85430CAF8040049F66C
:10EA40009120617A6289C0F6050048F2DD04CDE9C3
:10EA5000023548F2E1034BA7C0F605040490C0F666
:10EA600005030520CDE90045059700F035FACAF801
:10EA700008002CA93046D1F7D4FE2C9850B1F1F7FC
:10EA80008DFABDF8B02004210123F1F791FA014677
:10EA900001E000BF00219AF84C0047F661620128AE
:10EAA0003046C0F6030208BF1546CAF8EC50D1F74D
:10EAB00026FFD2F703F9EDF7E5F84DF698544EF23C
:10EAC0006661C0F60604C0F606012246EDF714F9A9
:10EAD0004EF259720CADC0F6060207AB28468021F3
:10EAE000D2F742FEEDF7CEF829462246EDF704F9BB
:10EAF00044F63870C1F200002DB0BDE8F08F00BFC1
:10EB0000656F6D5F69706E65745F496E6974696188
:10EB10006C69736528293A20302070726F636D61CB
:10EB20007869646C6574696D65000000656F6D5F80
:10EB300069706E65745F496E697469616C6973654B
:10EB400028293A20302070726F63737461636B738D
:10EB5000697A6500656F6D5F69706E65745F496E97
:10EB6000697469616C69736528293A2070726F63F2
:10EB70007072696F72697479000000006970505298
:10EB800043000000697054434B000000F0B581B0B1
:10EB9000B0B30068A0B3B9B34AF2D41344F63875E1
:10EBA000C0F60603C1F200051C6828690E4621461E
:10EBB000174614F0F5FA4FF6E850288348F2A060A3
:10EBC000C0F20100C5E907600020A875C5E90A0088
:10EBD000286801212F63297518B16868042100F0A5
:10EBE00027FB686B214614F009FBA87D441E2869A9
:10EBF00018BF6FF0020414F0B1FA60B201B0F0BDBA
:10EC0000FE2460B201B0F0BDFF2460B201B0F0BDDF
:10EC100010B582B0F1F7C2F9042108220123F1F7FF
:10EC2000C7F9044604F026FC48F2191148F2111203
:10EC300048F2E503C0F60501C0F60502C0F605037B
:10EC4000206004F025FC14F01FFA6060EDF71AF85C
:10EC500061684BF2605C4DF65153C0F6060C06A29B
:10EC6000C0F60603002918BF0121CDF800C0ECF75B
:10EC7000AFFF204602B010BD656F6D5F6D757465A6
:10EC8000785F4E657728293A206F73616C5F6D75E8
:10EC90007465785F6E657728292072657475726E69
:10ECA00073204E554C4C0000002804BF6FF001004B
:10ECB0007047406814F052BA002804BF6FF001009A
:10ECC0007047406814F06CBA44F61C71C1F2000140
:10ECD0000868002818BF0846704700002DE9F04F6B
:10ECE00085B044F61C75C1F200050F46296804463C
:10ECF0004FF00000049039B144F61C70C1F20000DE
:10ED000005B0BDE8F08F00BFDDF838A09946164683
:10ED1000ECF7B8FF4DF678584BF2805BC0F606086A
:10ED20002146C0F6060B36A24346002C18BF01212F
:10ED3000CDF800B0ECF74CFFECF7A4FF616839A206
:10ED40004346002918BF0121CDF800B0ECF740FF81
:10ED5000ECF798FFA1683CA24346002918BF0121A7
:10ED6000CDF800B0ECF734FF43F2D54143F29132D5
:10ED700043F29530C0F60601C0F606024FF2013CA0
:10ED8000C0F60600CDE9002148F2211247F2ED73EA
:10ED9000C0F6050C0290C0F60502C0F60503384621
:10EDA0003146CDF80CC004F023FCD4E9011285E80B
:10EDB000070608460EF070FA0EF0C8FA2068002820
:10EDC00018BF10F0B3FAA86804A913F01BFF049849
:10EDD00050B1F1F7E3F8BDF8102008210123F1F755
:10EDE000E7F8014601E000BF0021A86813F074FDB8
:10EDF00044F61C70C1F2000005B0BDE8F08F00BF02
:10EE0000656F6D5F7379735F496E697469616C6971
:10EE1000736528293A204E554C4C207379736366EC
:10EE200067000000656F6D5F7379735F496E697489
:10EE300069616C69736528293A204E554C4C2068ED
:10EE4000616C636667000000656F6D5F7379735F67
:10EE5000496E697469616C69736528293A204E5559
:10EE60004C4C206F73616C6366670000B0B582B074
:10EE70000C460546ECF706FF4BF2805C4DF67853E6
:10EE8000002D18BF0125C0F6060C0BA2C0F6060324
:10EE90002946CDF800C0ECF79BFE44F61C71C1F288
:10EEA000000148F23930C0F605004C6102B0BDE8FF
:10EEB000B04014F07FBA00BF656F6D5F7379735F08
:10EEC000537461727428293A204E554C4C20686165
:10EED0006E646C65000000002DE9F04F87B0109C57
:10EEE000DDF854A0139F069391460E460546ECF7B5
:10EEF000C9FE002C21464DF65A544BF28058C0F6FC
:10EF00000604C0F60608BCA2234618BF0121CDF8AE
:10EF10000080ECF75DFEECF7B5FE4946BDA2234646
:10EF2000B9F1000F18BF0121CDF80080ECF750FEB9
:10EF3000F1F734F83421F1F7ADF9044604F026FC7A
:10EF400004F1240B4EF284534EF64B222060C0F69F
:10EF50000603C0F60602584610212762BAF1000FD8
:10EF600018BF5346D2F700FC4BF2605A052DC0F68D
:10EF7000060A00F23181DDE91110DFE805F003AF88
:10EF80005B770DD148F211300021C0F60500A17465
:10EF9000C4E90501E16157E00422A27448F29D1220
:10EFA000C0F605024FF00008C4E90520C4F81C8033
:10EFB000012998BF0121C8B2217413F071FF217C8F
:10EFC000A060084613F06CFFE060ECF75BFE4DF6C6
:10EFD0005A55A1684EF2AD52C0F60605C0F60602BB
:10EFE0002B46002918BF0121CDF800A0ECF7F0FD59
:10EFF000ECF748FEE1684EF20C62C0F606022B46C2
:10F00000002918BF0121CDF800A0ECF7E1FD48F27E
:10F01000A52148F2F512206848F2D917C0F605017B
:10F02000C0F60502C0F60507CDE90088CDE90282E9
:10F0300004918CE00222A27448F23D12C0F605024F
:10F04000C4E90520E1610021206848F2D91748F29F
:10F050000532C0F60507C0F605022174A160E16023
:10F06000CDE90021CDE90211049152E00322A274FE
:10F0700048F25922C0F605020025C4E90520E561E1
:10F08000012998BF0121C8B2217413F009FFC4E916
:10F090000205ECF7F7FDA1684EF2DD524DF65A532A
:10F0A000C0F60602C0F60603002918BF0121CDF8FC
:10F0B00000A0ECF78DFD48F2F12148F239222068DA
:10F0C00048F2D917C0F60501C0F60502C0F60507DB
:10F0D000CDE90052CDE90215049538E00121A17473
:10F0E00048F27911C0F60501C4E9051048F205316E
:10F0F0000022206848F2D917C0F60501E2612274A7
:10F10000A260E260C0F60507CDE90012CDE9022257
:10F11000049248F24D230699109AC0F6050319E0AF
:10F120000521A17448F28121C0F60501C4E905104A
:10F13000206848F2D9170022C0F60507E261227460
:10F14000A260E260CDE90022CDE902220492069994
:10F15000109A0023059704F04DFBF11ECAB26FF020
:10F160000401022E38BF0221F82A09F1070214987F
:10F1700038BF314622F007036174CAB29BB2214600
:10F18000002808BF606914F005FA2146606014F099
:10F19000C1F9ECF777FD61684EF23D624DF65A53C6
:10F1A000C0F60602C0F60603002918BF0121CDF8FB
:10F1B00000A0ECF70DFDEDF72BFB61685A46EDF76B
:10F1C00051FB44F63471C1F200010878421C20461C
:10F1D0000A7007B0BDE8F08FECF754FD4EF28C5288
:10F1E0004DF65A53C0F60602C0F606030521CDF8C7
:10F1F0000080ECF715FDB0E7656F6D5F7461736BB0
:10F200005F4E657728293A204E554C4C2072756E1A
:10F210005F666E00656F6D5F7461736B5F4E6577DF
:10F2200028293A203020737461636B73697A650012
:10F2300004F086BB002808BF7047416908470000FA
:10F2400004F034BB04F042BBF0B587B045F2600572
:10F25000C1F20005296829B145F26000C1F2000041
:10F2600007B0F0BD4CF24426C0F60606002818BFD1
:10F270000646ECF707FD4DF6855431794BF2805781
:10F28000C0F60604C0F606072CA22346002918BFC4
:10F2900001210097ECF79CFCECF7F4FC718833A299
:10F2A0002346002918BF01210097ECF791FCECF7E9
:10F2B000E9FC317837A22346002918BF01210097C5
:10F2C000ECF786FCFFF7A4FC044648F2116048F214
:10F2D000A15148F2115248F25163C0F60500C0F640
:10F2E0000501C0F60502C0F60503009404F072FBA8
:10F2F0004CF20C17728831783379C0F60607286013
:10F3000049F6852048F295663F68C0F60500C0F6CC
:10F3100005060FF2A80C0024CDE900630490032039
:10F320000023CDE90274CDF814C0FFF7D5FD686065
:10F3300045F26000C1F2000007B0F0BD656F6D5F7F
:10F3400074696D65726D616E5F496E697469616C37
:10F3500069736528293A2030206D6573736167658C
:10F36000717565756573697A65000000656F6D5F1D
:10F3700074696D65726D616E5F496E697469616C07
:10F3800069736528293A203020737461636B73694F
:10F390007A650000656F6D5F74696D65726D616E91
:10F3A0005F496E697469616C69736528293A203018
:10F3B000207072696F72697479000000746D726DEB
:10F3C000616E00000138C0B20D288EBF002001A17F
:10F3D000085C704701010101010102030104010100
:10F3E000010100004EF264020146C0F60602B0F1CF
:10F3F000FF3F4FF00F0009DC11F5804F10D08B1C40
:10F4000010D0013112D120320FE000BF69B1B1F547
:10F41000804F09D0B1F5004F18BF7047083204E0A3
:10F42000183202E0283200E01032107970470000F4
:10F43000002804BF0020704710B504460078032858
:10F440000BD801F0FDF94CF2D861C0F60601095C59
:10F45000A1F1090010F1080F02D2002010BD00BF79
:10F460006078012919D0A2780229104415D0E278D9
:10F470000329104411D02279042910440DD0627957
:10F480000529104409D0A2790629104405D0E27953
:10F49000072910441CBF217A0844002818BF012006
:10F4A00010BD0000000E7047C0F307407047000019
:10F4B000C0F3072070470000C0B2704743EA022241
:10F4C00042EA014141EA00607047000041F6D07015
:10F4D000C1F200000078704741F6D0720146C1F2D7
:10F4E0000002002011707047FE2802BF002040B2C9
:10F4F000704741B2002921D470B544F22855C1F2B9
:10F5000000052C78844214D86A68461C06EB460035
:10F5100001011046D2F727F8A0B104EB440168605E
:10F5200000EB0110311B01EB410109012E70D2F7F4
:10F53000B7FD0020BDE8704040B27047FF2040B2E8
:10F54000704700BFFF20BDE8704040B27047000028
:10F55000B0B544F22853FE28C1F2000308D103F1EC
:10F56000080403294FF0FF000ED940B2B0BD00BF20
:10F570001C78844214D95B6800EB400003EB001454
:10F5800003294FF0FF00F0D8002CEED008461546B6
:10F5900001F056F944F82050002040B2B0BD00BF41
:10F5A000FF2040B2B0BD0000B0B544F22853FE28A1
:10F5B000C1F2000308D103F1080403294FF0FF0052
:10F5C0000ED940B2B0BD00BF1C78844214D95B682C
:10F5D00000EB400003EB001403294FF0FF00F0D8CC
:10F5E000002CEED00846154601F02AF904EB800005
:10F5F0000561002040B2B0BDFF2040B2B0BD0000A8
:10F60000FE284FF0FF0010D103290ED810B5084690
:10F61000144601F015F944F22851C1F2000101EB42
:10F62000800084620020BDE8104040B270470000B6
:10F6300010B544F22852FE28C1F2000206D102F1B0
:10F64000080403294FF000000ED910BD137883423F
:10F650009CBF002010BD526800EB400002EB00147C
:10F6600003294FF00000F0D8002C08BF10BD084659
:10F6700001F0E6F854F82000002818BF012010BD62
:10F6800003288EBF002002A151F82000704700BF60
:10F690004D080508490805084508050851080508EA
:10F6A0002DE9F04F85B044F22852FE28C1F2000245
:10F6B00006D102F10804080E03280DD934E000BF7A
:10F6C0001378834230D9526872B300EB400002EBEA
:10F6D0000014080E032827D80D4601F0B1F854F89D
:10F6E00020B0BBF1000F1FD04CF2D861C0F606016C
:10F6F0000B5CC5F30747BB4216D94CF2EC66C0F66B
:10F7000006062B0C56F820102A462D0ADEB28FB1C1
:10F710004FF0FF3454FA83F4032C03F003030BD2AD
:10F720004FF0000C002435E04FF0FF3005B0BDE88D
:10F73000F08F00BF002446E0CDE90352CDE900364A
:10F740009D1B0BF101064F1C00246FF00303029177
:10F75000F818F118C27891F8038090F804C091F875
:10F76000049090F805E091F805A018FB02420433DC
:10F770008079897919FB0C22EC181AFB0E220434CB
:10F7800011FB0024E4D103F1040C049ADDE9021515
:10F79000DDE90036BBB111F80C001BF80C70012B31
:10F7A00017FB00440FD00CF101000F5C1BF80000A8
:10F7B000022B10FB074406D00CF102000B5C1BF877
:10F7C000000010FB0344895DE8B254FA82F210FB9A
:10F7D000012005B0BDE8F08F2DE9F04F83B044F271
:10F7E0002852FE28C1F2000206D102F108040329C2
:10F7F0004FF000000CD96BE01378834226D9526891
:10F8000000EB400002EB001403294FF000005FD82A
:10F81000002C5DD0084601F013F854F82080B8F1B0
:10F82000000F13D04CF2D862C0F60602125C6AB127
:10F830004CF2EC63C0F6060353F82070042A02F081
:10F84000030609D2002200209EBB41E0002080B2C6
:10F8500003B0BDE8F08F00BF02F0FC00C0F100096A
:10F8600008F1010A07F1010B00206FF00305019672
:10F87000029700BF0BEB05060AEB0507F178FC7851
:10F88000327997F804C0737997F805E014FB01000A
:10F89000B679BF791CFB020004351EFB030009EB9F
:10F8A0000501043117FB0600E4D1DDE901672A1DDB
:10F8B00076B1B95C18F80230012E13FB010007D0B5
:10F8C000511C7B5C18F80110022E11FB030003D1C0
:10F8D00080B203B0BDE8F08F911C7A5C18F801107B
:10F8E00011FB020080B203B0BDE8F08F70B544F2A6
:10F8F0002853FE28C1F2000306D103F108040329AE
:10F900004FF0FF300CD970BD1E7886423ED95B683F
:10F9100000EB400003EB001403294FF0FF30F2D856
:10F92000002C08BF70BD084615460E4600F088FF43
:10F9300054F8201051B34CF2D862C0F60602125CA3
:10F9400022B34CF2EC63C0F6060353F820E000202B
:10F95000B4462B4605E000BF01309042A3EB040300
:10F9600014D21EF800500C5C6C43002CF4D0A3425F
:10F97000F2D299B2EAB2B1FBF2F101FB123242EAE1
:10F980000121C1EA004040EA0C6070BD4FF0FF3039
:10F9900070BD00002DE9F04381B044F22852FE28EA
:10F9A000C1F2000206D102F1080403294FF0000061
:10F9B0000CD96BE01378834228D9526800EB4000E1
:10F9C00002EB001403294FF000005FD8002C5DD03B
:10F9D000084600F035FF54F82080B8F1000F15D02C
:10F9E0004CF2D862C0F60602135C7BB14CF2DC62CA
:10F9F000C0F6060252F820C0042B03F0030E0BD20F
:10FA000000220020BEF1000F2DD13FE0002080B287
:10FA100001B0BDE8F08300BF03F0FC00ACF10802C8
:10FA2000C0F1000908F1010400206FF0030500BFD8
:10FA3000671932F8086FF9783B7906FB01005188A5
:10FA40007E7901FB03009188BB7901FB0600D18818
:10FA5000043501FB030009EB05010431E8D12A1D3F
:10FA6000BEF1000F12D03CF8121018F80230BEF1AF
:10FA7000010F01FB030009D0511C3CF8113018F8AC
:10FA80000110BEF1020F03FB010003D180B201B0EF
:10FA9000BDE8F083911C3CF8112018F8011002FB1E
:10FAA000010080B201B0BDE8F08300002DE9F04113
:10FAB00082B00D4644F228511446FE28C1F20001DE
:10FAC00002D101F1080707E00A7882423CD949686F
:10FAD00000EB400001EB0017002D4FF0FF0018BFB6
:10FAE000002F03D140B202B0BDE8F0812846E9F70B
:10FAF0000BF9012828D12846E9F75EF900260DF117
:10FB0000070800208DF8076008E000BF9DF8070097
:10FB10000130C1B204298DF8070010D2C0B200F044
:10FB20008FFE57F820000028F0D00136F0B2A04236
:10FB3000ECD928464146E9F71FF90028E6D0002015
:10FB400040B202B0BDE8F081FF2040B202B0BDE893
:10FB5000F08100002DE9F04F81B08B4644F228512E
:10FB60009146FE28C1F2000102D101F1080A07E026
:10FB70000A7882424ED9496800EB400001EB001A36
:10FB8000BBF1000F4FF0FF0218BFBAF1000F03D115
:10FB900050B201B0BDE8F08F5846E9F7B5F8042837
:10FBA00038D15846E9F708F900204FF0000800F076
:10FBB00047FE5AF820E0BEF1000F04D0B9F1000F63
:10FBC0002ED04FF00108012000F03AFE5AF820E054
:10FBD000BEF1000F00F08180C84508F101087CD318
:10FBE0004FF6017200924CF2A862C0F606024CF287
:10FBF000D86352F82020C0F60603185C1288ADF8CE
:10FC0000022038B3042800F0030C25D20022002083
:10FC100042E000BFFF2250B201B0BDE8F08F00BF4C
:10FC20004CF2A862C0F6060252F820304CF2D862BC
:10FC3000C0F60602125C002000901B88002AADF876
:10FC4000023000F0AB80042A02F0030C6ED20022D6
:10FC50008CE000BF002037E000F0FC0043420EF1D2
:10FC6000010200206FF00307D619F5783479717915
:10FC7000002DB67918BF0130002C18BF01300029C3
:10FC800007F1040718BF0130002E03EB070118BF6E
:10FC900001300431E8D13A1DBCF1000F14D01EF838
:10FCA0000210002918BF0130BCF1010F0CD00EEB7F
:10FCB00002014A78002A18BF0130BCF1020F03D0BC
:10FCC0008978002918BF01308DF80100694658462F
:10FCD000E9F752F8002840F01181022000F0B0FD51
:10FCE0005AF820E0BEF1000F00F0A280C84508F1EC
:10FCF0000108C0F09D804FF6027200924CF2A8629B
:10FD0000C0F606024CF2D86352F82020C0F6060373
:10FD1000185C1288ADF8022030B1042800F0030C02
:10FD200046D20022002063E0002079E002F0FC00CF
:10FD300043420EF1010700206FF00302BD18E9787D
:10FD40002E796C790029AD7918BF0130002E18BFCB
:10FD50000130002C02F1040218BF0130002D03EB2A
:10FD6000020118BF01300431E8D10432BCF1000FA8
:10FD700014D01EF80210002918BF0130BCF1010F89
:10FD80000CD00EEB02014A78002A18BF0130BCF1FA
:10FD9000020F03D08978002918BF01308DF80100C7
:10FDA00069465846E8F7E8FF002840F0A78008E7D2
:10FDB00000F0FC0043420EF1010200206FF0030747
:10FDC000D619F57834797179002DB67918BF0130DC
:10FDD000002C18BF0130002907F1040718BF0130BB
:10FDE000002E03EB070118BF01300431E8D13A1DA2
:10FDF000BCF1000F14D01EF80210002918BF01300A
:10FE0000BCF1010F0CD00EEB02014A78002A18BF9A
:10FE10000130BCF1020F03D08978002918BF0130EE
:10FE20008DF8010069465846E8F7A6FF002865D11D
:10FE3000032000F005FD5AF820E00022BEF1000F7B
:10FE40003FF4A6AEC845FFF4A3AE4FF6037200928E
:10FE50004CF2A862C0F606024CF2D86352F8202099
:10FE6000C0F60603185C1288ADF8022030B10428F1
:10FE700000F0030C04D20023002021E0002037E032
:10FE800000F0FC0043420EF1010700206FF0030672
:10FE9000BD19EC782A796979002CAD7918BF013049
:10FEA000002A18BF0130002906F1040618BF0130EE
:10FEB000002D03EB060118BF01300431E8D1331DDA
:10FEC000BCF1000F14D01EF80310002918BF013038
:10FED000BCF1010F0CD00EEB03014A78002A18BFC9
:10FEE0000130BCF1020F03D08978002918BF01301E
:10FEF0008DF8010069465846E8F73EFF002250B2EF
:10FF000001B0BDE8F08F000070B544F22851FE2822
:10FF1000C1F2000102D101F1080408E00A7882422E
:10FF200028D9496831B300EB400001EB00140020F0
:10FF300000F086FC54F82060012000F081FC54F8A9
:10FF400020500220002D18BF0125002E18BF0135BA
:10FF500000F076FC54F8200000284FF0030018BF92
:10FF6000013500F06DFC54F82000002818BF013561
:10FF7000E8B270BD0025E8B270BD00002DE9F04F79
:10FF800081B0894644F228519346FE28C1F200010F
:10FF900002D101F1080707E00A78824256D9496880
:10FFA00000EB400001EB0017B9F1000F4FF0FF002C
:10FFB00018BF002F04D140B201B0BDE8F08F00BFE0
:10FFC0004846E8F7A1FE042840D14846E8F7F4FE89
:10FFD0000020002500F034FC064657F820000028D9
:10FFE0004CF2D860C0F6060037D0845DA4B3E84672
:10FFF0004FF0000A002503E00AF1010A54452CD015
:020000040805ED
:1000000057F8260010F80A000028F5D00135A8B2EC
:100010005845F1D90020009057F826008DF801A02E
:100020004CF2EC6110F80A00C0F6060151F82610F7
:100030008DF8020011F80A0041468DF80300484689
:10004000E8F79AFE0028D7D007E000BFFF2040B2B3
:1000500001B0BDE8F08F00BF0025012000F0F0FBEB
:10006000064657F8200078B34CF2D860C0F6060078
:1000700010F806A0BAF1000F26D00024E84602E0EE
:100080000134A24520D057F82600005D0028F7D0A3
:100090000135A8B25845F3D90120009057F8260041
:1000A0008DF801404CF2EC61005DC0F6060151F89C
:1000B00026108DF80200085D41468DF80300484681
:1000C000E8F75AFE0028DBD0022000F0B9FB064614
:1000D00057F8200080B34CF2D860C0F6060010F844
:1000E00006A0BAF1000F27D00024E84603E000BFC5
:1000F0000134A24520D057F82600005D0028F7D033
:100100000135A8B25845F3D90220009057F82600CF
:100110008DF801404CF2EC61005DC0F6060151F82B
:1001200026108DF80200085D41468DF80300484610
:10013000E8F722FE0028DBD0032000F081FB064612
:1001400057F8200080B34CF2D860C0F6060010F8D3
:1001500006A0BAF1000F27D00024E84603E000BF54
:100160000134A24520D057F82600005D0028F7D0C2
:100170000135A8B25845F3D90320009057F826005E
:100180008DF801404CF2EC61005DC0F6060151F8BB
:1001900026108DF80200085D41468DF803004846A0
:1001A000E8F7EAFD0028DBD0002040B201B0BDE84E
:1001B000F08F00002DE9F04F83B00C4644F2285137
:1001C0001E461546FE28C1F2000103D101F1080BBD
:1001D00008E000BF0A78824222D9496800EB400259
:1001E00001EB021B002D4FF0FF0718BFBBF1000F02
:1001F00004D178B203B0BDE8F08F00BF07462846AF
:10020000E8F782FD04280BD1FE2C07D13846294699
:10021000324603B0BDE8F04FFFF7B0BE032C05D95E
:10022000FF2778B203B0BDE8F08F00BF2846E8F79B
:10023000C3FD204600F004FB81465BF82000D8B3E4
:100240004CF2D860C0F6060010F80920A2B34FF0B7
:1002500000084FF0000A019206E000BF08F1010813
:1002600042454FF00007C4D05BF8290010F8081091
:100270000029F3D00AF1010A1FFA8AF1B142EDD93F
:10028000002702978DF808408DF809804CF2EC6148
:1002900010F80800C0F6060151F829108DF80A0080
:1002A00011F8080002A98DF80B002846E8F764FD54
:1002B000019A0028D2D09CE7002778B203B0BDE8AD
:1002C000F08F0000F0B581B044F22852FE28C1F250
:1002D000000209D102F10804FE2910D101B0BDE8E5
:1002E000F04000F067B800BF1378834224D9526809
:1002F00012B300EB400302EB0314FE29EED00329F6
:1003000004D9002080B201B0F0BD00BF084600F063
:1003100097FA54F820E0BEF1000F0DD04CF2D861EE
:10032000C0F60601085C38B1042800F0030C07D2BF
:100330000021002024E000BF002080B201B0F0BD09
:1003400000F0FC0043420EF1010200206FF00301B7
:100350005418E57826796779002DA47918BF013003
:10036000002E18BF0130002F01F1040118BF013029
:10037000002C03EB010418BF01300434E8D1043130
:10038000BCF1000FBED01EF80120002A18BF0130BA
:10039000BCF1010FB6D071444A78002A18BF013071
:1003A000BCF1020FAED08978002918BF013080B2AD
:1003B00001B0F0BD2DE9F04381B044F22851FE2890
:1003C000C1F2000102D101F108090AE00A78824273
:1003D00022D94968002900F0538100EB400001EB6D
:1003E00000190020002400F02BFA59F820E04CF20C
:1003F000D868BEF1000FC0F606084DD018F80020EE
:1004000082B1042A02F0030C0ED200220024BCF1B7
:10041000000F2CD140E000BF0024A0B201B0BDE825
:10042000F08300BF002437E002F0FC0252420EF1DC
:10043000010300246FF003069F19F8783D7979795C
:100440000028BF7918BF0134002D18BF01340029DE
:1004500006F1040618BF0134002F02EB060018BF96
:1004600001340430E8D1321DBCF1000F14D01EF865
:100470000200002818BF0134BCF1010F0CD00EEBB4
:1004800002014878002818BF0134BCF1020F03D0E4
:100490008878002818BF0134012000F0D1F959F8FC
:1004A00020E0BEF1000F45D018F80020002A41D00E
:1004B000042A02F0030C05D20022BCF1000F24D163
:1004C00038E000BF02F0FC0252420EF101066FF06C
:1004D000030300BFF718FD7838797979002DBF79CB
:1004E00018BF0134002818BF0134002903F10403A8
:1004F00018BF0134002F02EB030018BF0134043091
:10050000E8D11A1DBCF1000F14D01EF8020000281B
:1005100018BF0134BCF1010F0CD00EEB020148787A
:10052000002818BF0134BCF1020F03D088780028DE
:1005300018BF0134022000F083F959F820E0BEF121
:10054000000F45D018F80020002A41D0042A02F0FC
:10055000030C05D20022BCF1000F24D138E000BF0B
:1005600002F0FC0252420EF101066FF0030300BFDD
:10057000F718FD7838797979002DBF7918BF0134E3
:10058000002818BF0134002903F1040318BF013407
:10059000002F02EB030018BF01340430E8D11A1D0C
:1005A000BCF1000F14D01EF80200002818BF01345F
:1005B000BCF1010F0CD00EEB02014878002818BFE7
:1005C0000134BCF1020F03D08878002818BF013431
:1005D000032000F035F959F820E0BEF1000F3FF498
:1005E0001CAF18F80020002A3FF417AF042A02F0CD
:1005F000030C05D20022BCF1000F25D10DE700BF8E
:1006000002F0FC0252420EF101076FF0030300BF3B
:10061000FE18F57830797179002DB67918BF01345C
:10062000002818BF0134002903F1040318BF013466
:10063000002E02EB030018BF01340430E8D11A1D6C
:10064000BCF1000F3FF4E9AE1EF80200002818BF0D
:100650000134BCF1010F3FF4E0AE0EEB020148782B
:10066000002818BF0134BCF1020F3FF4D6AE8878E1
:10067000002818BF0134A0B201B0BDE8F08300BF6C
:100680000024A0B201B0BDE8F083000070B544F2D0
:100690002853FE28C1F2000304D103F10804032902
:1006A0000BD91DE01E7886421AD95B68C3B100EBF6
:1006B000400003EB0014032912D8084616460D46E5
:1006C00000F0BEF854F8201051B14CF2D861C0F6D9
:1006D0000601085CB04203D954F82500805D70BD66
:1006E000002070BD2DE9F04F81B044F22855C1F2D1
:1006F000000505F108048446FE28264608D028781F
:10070000604540F2998068680CEB4C0700EB0716D7
:1007100003294FF0000000F28B80002E00F088804B
:10072000084667469046994600F08AF806EB800135
:100730000969002900F08080FE2FC2460AD03E469B
:100740002F78B74278D96F68002F75D006EB460630
:1007500007EB06144CF2D867C0F606073F5C574516
:100760006AD954F820C0BCF1000F65D01CF80A709B
:100770004F4561D94CF2DC67C0F6060757F8208078
:10078000BAF1000F08D0BAF1040F0AF0030305D242
:100790000025002428E000BF00243EE00AF0FC0011
:1007A000C0F1000BA8F108060CF1010700246FF05E
:1007B000030000933A1836F8083FD57892F804E021
:1007C00003FB05437488557904FB0E33B488927992
:1007D00004FB0533F588043005FB02340BEB000203
:1007E0000432E7D1009B051DBBB11CF8050038F8A9
:1007F0001520012B02FB00440FD0681C1CF80020C0
:1008000038F81000022B00FB024406D0A81C1CF88C
:10081000002038F8100000FB024438F81A004FF6A8
:10082000FF7300FB094082B29A4205D011FA80F0B2
:1008300001B0BDE8F08F00BF002001B0BDE8F08F2F
:1008400070470000704700007047000070470000CC
:10085000704700007047000080B5F1F7F7FB642196
:10086000016080BD80B5F1F7F1FB0021C0E9001106
:10087000C0E90211C0E90411C0E9061180BD000001
:10088000704700007047000080B5F1F7DFFB40F6CD
:100890000121C0F20011016080BD0000B0B5F1F788
:1008A000D5FB4AF6A071C0F6060191E80C50CC6A5F
:1008B00080E80C50D1E9042301F12005C0E90423AC
:1008C0002CCDC46200F12004D1E906CE2CC4D1E9BC
:1008D0000C12C0E906CEC0E90C12B0BD7047000092
:1008E000704700007047000080B5F1F7AFFB322180
:1008F00001800021416080BD80B5F1F7A7FB024671
:1009000004201021E8F706FA0021BDE88040E8F74E
:1009100063BA00007047000080B5F1F797FB4FF411
:10092000206101800021817080BD000070470000BF
:10093000704700007047000080B5F1F787FB024662
:100940000F200121E8F7E6F90F21BDE88040E8F724
:1009500043BA000070470000704700007047000075
:1009600080B5F1F773FB0A21017080BD80B5F1F706
:100970006DFB02460E200221E8F7CCF90E21BDE8FE
:100980008040E8F729BA0000704700007047000077
:1009900080B5F1F75BFB0A21017080BD80B5F1F7EE
:1009A00055FB024606200221E8F7B4F90621BDE80E
:1009B0008040E8F711BA00007047000080B5F1F7F9
:1009C00045FB40F6012101800021817080BD0000BF
:1009D00010B5F1F73BFB0446062002212246E8F75A
:1009E00099F90021E8F7F8F904F110020620022134
:1009F000E8F790F90621E8F7EFF904F12002062064
:100A00000221E8F787F90621BDE81040E8F7E4B9CC
:100A100070470000704700007047000070470000FA
:100A20007047000080B5F1F711FB0221016080BD25
:100A300080B5F1F70BFB024602200821E8F76AF9BE
:100A40000021BDE88040E8F7C7B90000704700000A
:100A500070470000704700007047000070470000BA
:100A600070470000704700007047000070470000AA
:100A700080B5F1F7EBFAF021D1F712FB80BD000051
:100A8000704700007047000070470000704700008A
:100A9000704700007047000070470000704700007A
:100AA0007047000010B5F1F7D1FA04464AF66850D5
:100AB000C0F6060000F1F00120466022D1F757FA97
:100AC0000B20A08410BD000070470000704700009C
:100AD000704700007047000070470000704700003A
:100AE000704700007047000080B5F1F7AFFA782139
:100AF000D1F7D6FA80BD00007047000070470000B3
:100B00007047000070470000704700007047000009
:100B10007047000080B5F1F799FA4AF6E861C0F62F
:100B2000060101F1780E9EE80C50D1F8881080E89B
:100B30000C504BF2EC62C0F606021268C0E90412D7
:100B400080BD000070470000704700007047000043
:100B50007047000010B584B0044600200390CDE932
:100B60000100FCF7F5F9D0F8C81090F8E900009101
:100B70008DF80A006946204601220023F1F76CFA3D
:100B800004B010BD704700002DE9F04389B04FF06C
:100B900000088146CDF81880FCF7DAF9816AD0F8B0
:100BA000C8204E68D0F8D430D0F8DC50019690F8C8
:100BB000E900D1F821C0D1F825404E88D1F829703C
:100BC000C96AADF81C30EB1A521B8DF822002120A7
:100BD000ADF81E30ADF82020CDF815108DF82300AB
:100BE00001A9484601220023ADF80860CDF8127033
:100BF000CDF80E40CDF80AC08DF81A80F1F72CFA26
:100C000009B0BDE8F08300007047000070470000A5
:100C100070470000704700007047000070470000F8
:100C200010B5446941F602002080FCF791F9B0F854
:100C30008410B0F8902021816281D0F88010E160AA
:100C4000B0F89610B0F898202182B0F89A10A282DD
:100C50006182B0F89410B0F89C00E18220830020FB
:100C6000E083C4F81A0010BD704700007047000010
:100C70007047000070470000704700007047000098
:100C800070470000704700007047000080B5F1F722
:100C9000DDF90021C0E900110181FF21417480BD0F
:100CA000704700007047000080B5F1F7CFF90021D0
:100CB000017080BD10B50446F1F7C8F92046F1F780
:100CC000C5F9024618200A21BDE81040E8F722B80D
:100CD0007047000070B544F2DC45C1F20005287988
:100CE0000C46C007BFF35F8F28D0ECB1A068D8B125
:100CF000286805686068FEF7DBFB61680646084601
:100D0000FEF7DAFB012811D070B9A06860B1697AEA
:100D1000002908BF70BD05EB8601D1F8BC11002980
:100D20001EBF81420068086070BD00BFA2682846EF
:100D30003146BDE87040E4F7D5BF00BF281D08F07C
:100D4000B5FE0028D1D0042009F094FAE5F7F6F8B2
:100D5000294641F8040B084608F0BEFEC5E700002E
:100D600070B544F2DC45C1F2000528790C46C00795
:100D7000BFF35F8F28D0ECB1A068D8B128680568B0
:100D80006068FEF795FB616806460846FEF794FB2F
:100D9000012811D070B9A06860B1697A002908BF34
:100DA00070BD05EB8601D1F8BC1100291EBF814240
:100DB0000068086070BD00BFA26828463146BDE8E3
:100DC0007040E4F78FBF00BF281D08F06FFE0028B9
:100DD000D1D0042009F04EFAE5F7B0F8294641F8E1
:100DE000040B084608F078FEC5E7000070470000D5
:100DF0007047000070B544F26445C1F200052879DF
:100E00000C46C007BFF35F8F22D0BCB1A068A8B169
:100E1000286805686068FEF74BFB6168064608466F
:100E2000FEF74AFB01280BD0002818BF70BDA2684E
:100E300028463146BDE87040E3F7AABF70BD00BF49
:100E4000A26828463146BDE87040E4F701BA00BF09
:100E5000281D08F02BFE0028D7D0042009F00AFA3C
:100E6000E4F742FB294641F8040B084608F034FE3B
:100E7000CBE7000070B544F26445C1F20005287963
:100E80000C46C007BFF35F8F22D0BCB1A068A8B1E9
:100E9000286805686068FEF70BFB6168064608462F
:100EA000FEF70AFB01280BD0002818BF70BDA2680E
:100EB00028463146BDE87040E3F76ABF70BD00BF09
:100EC000A26828463146BDE87040E4F7C1B900BFCA
:100ED000281D08F0EBFD0028D7D0042009F0CAF93E
:100EE000E4F702FB294641F8040B084608F0F4FD3C
:100EF000CBE700007047000070470000704700001B
:100F000010B588680478ECF7EBFA4CB1ECF7AEFB5F
:100F1000ECF7E6FA0121BDE81040ECF7D1BC00BFC8
:100F2000BDE81040ECF7C2BB10B58C68ECF7D8FAFE
:100F30002146BDE81040ECF71FBA000070470000E2
:100F40007047000010B58C68EEF74AF82146BDE8FE
:100F50001040EEF7E3B8000010B58C68EEF740F8EB
:100F60002178BDE81040EEF731B9000010B58C686B
:100F7000EEF736F82178BDE81040EEF751B90000E1
:100F800010B58C68EEF72CF82178BDE81040EEF72C
:100F900089B90000704700007047000070470000EA
:100FA00010B588680478F1F72BFF4CB1F1F7D2FF48
:100FB000F1F726FF0121BDE81040F2F7BBB800BFF2
:100FC000BDE81040F2F700B810B58C68F1F718FFD3
:100FD0002146BDE81040F1F741BE00007047000017
:100FE0007047000010B588680478F2F785FE4CB1B0
:100FF000F2F72CFFF2F780FE0121BDE81040F3F775
:1010000015B800BFBDE81040F2F75ABF10B58C68A4
:10101000F2F772FE2146BDE81040F2F7ADBD0000C8
:10102000704700007047000010B58C68F6F730FB81
:101030002146BDE81040F6F7C9BB0000704700002C
:1010400070470000704700007047000070470000C4
:1010500010B588680478F7F7B9F84CB1F7F774F968
:10106000F7F7B4F80121BDE81040F7F745BA00BF23
:10107000BDE81040F7F788B910B58C68F7F7A6F807
:101080002146BDE81040F6F7A3BF000070470000FE
:101090007047000070470000704700007047000074
:1010A0002DE9F0472DED028B98B048680C46FEF70D
:1010B000FFF9A6680546F0F74FF8F0F757F80E2845
:1010C00000F2E0800121814044F61A02114209D069
:1010D0002846314618B0BDEC028BBDE8F047D2F788
:1010E00039BF00BF022840F0CD80EEF707FE002197
:1010F0001791CDE9151131784FF48062129215AA3B
:1011000007298DF85410139200F2BC80DFE801F03B
:101110000474040606BA122AB1886EE07168B268D7
:10112000F36896ED040AADF85810ADF85A20ADF802
:101130005C3069E029460746EEF792FD8146384665
:101140002946BA46EEF774FDB6F918204FF6FF733C
:1011500091B29942804600F09B80012940F09A802C
:101160003069A1E0D6E901120746ADF85810002118
:10117000ADF85C102946ADF85A20EEF771FD8146B6
:1011800038462946EEF754FD804638462946EEF7A4
:1011900073FD38462946EEF757FDD6E9031096ED64
:1011A000052A401A00EE100AA8EB090001EE100A09
:1011B000B8EEC00AB8EEC11A80EE018A00EE101A2D
:1011C000B8EEC00A01EE109AB8EEC11A38462946A8
:1011D00080EE080A30EE410AB8EEC21A30EE010A7B
:1011E000EEF75CFC38462946B0EE480AEEF73CFCC8
:1011F000384629464A461AE07168ADF85810B16879
:1012000096ED030AADF85A10B8EEC00A2946074613
:10121000EEF744FC38462946EEF722FD06463846EE
:101220002946EEF705FD8046384629463246EEF758
:101230003DFB06460090384629464246EEF736FB0F
:10124000B0421190BCBF009011964FF480400490C2
:1012500068460590E9F7C0F8626804AD2946E9F7E9
:1012600099FA42208DF8110011A80590E9F7B4F819
:1012700062682946E9F78EFAE9F7AEF8626812A9C2
:10128000E9F788FA18B0BDEC028BBDE8F08700BF23
:10129000F06809E004AF2EA13846D0F74FFA28468F
:1012A000394607F043FE0020D6E90312ADF8580096
:1012B000521A00EE102AA8EB090201EE102AB8EE2D
:1012C000C00AB8EEC11A80EE018A00EE101AB8EE1C
:1012D000C00A01EE109AB8EEC11AB0682946ADF8FE
:1012E0005A005046574680EE080A30EE410A96ED05
:1012F000051AB8EEC11A30EE010AEEF7CFFB5046E0
:101300002946B0EE480AEEF7AFFB504629464A465A
:10131000EEF7CCFA06461190504629464246EEF7C3
:10132000C5FAB0420390BCBF119003964FF48040C1
:10133000009011A80190E9F74FF862686D462946C0
:10134000E9F728FA42208DF8010003A801908DE703
:101350006572726F722074797065362E6375727261
:10136000656E743D2564000070B584B0D1E9010656
:101370000C46FEF79DF80546EFF7EEFEEFF7F6FE9A
:101380000E2800F254800121814044F61A021142D5
:1013900008D096F90010284604B0BDE87040D4F794
:1013A00007BD00BF022840F042803078502800F28C
:1013B0003E80DFE800F02E2E2E2E2E2E2E29292BF9
:1013C0003C3C3C2D3C3C3C3C3C3C3C3C3C3C3C3C6C
:1013D0003C3C3C3C3C3C3C3C3C3C3C3C3C3C3C3C4D
:1013E0003C3C3C3C3C3C3C3C3C3C3C3C3C3C3C3C3D
:1013F0003C3C3C3C3C3C3C3C3C3C3C3C3C3C3C3C2D
:101400003C3C3C3C3C3C2E00072002E0082000E035
:1014100009208DF80F004FF4106000900DF10F00BF
:101420000190E8F7D9FF62686946E9F7B3F904B0BB
:1014300070BD000070B584B0D1E901060C46FEF71E
:1014400037F80546EFF788FEEFF790FE0E2820D814
:101450000121814044F61A02114207D03178284612
:1014600004B0BDE87040D4F7B1BC00BF022810D171
:10147000307801280DD88DF80F004FF4E840009027
:101480000DF10F000190E8F7A7FF62686946E9F7E0
:1014900081F904B070BD00002DE9F04389B0D1E9B5
:1014A00001070C46FEF704F80546EAF77FF82946DF
:1014B000EAF79CF80646EFF74FFEEFF757FE002ECF
:1014C00000F0018100210E2886F8161100F2FB8041
:1014D0000121814044F61A02114219D038780528BA
:1014E0000FD8DFE800F003715561478397ED010ADB
:1014F00097ED021AB8EEC00AF8EEC10A2846D4F7F2
:101500008BFC284609B0BDE8F043D4F7FBBC00BF14
:10151000022840F0D880EEF7F1FB00220792CDE9D7
:101520000522CDE90322ADF80A20ADF8082039786C
:101530000192052900F2C780DFE801F0047A68C54E
:1015400098A600BF7A6829468046EEF7AFF9BA68D8
:101550000490404629460323EEF71EFAADF8140026
:1015600004A8079079681B208DF81900C6F8181197
:1015700095E000BF97ED010A2846B8EEC00AD4F7FF
:101580003FFC284609B0BDE8F043D4F7BBBC00BF20
:1015900097ED010A2846D4F757FC284609B0BDE864
:1015A000F043D4F7AFBC00BFB7F9040000EE100A57
:1015B000B8EEC00A2846D4F717FC284609B0BDE8A3
:1015C000F043D4F79FBC00BF97ED010A97ED021AD4
:1015D000B8EEC00AF8EEC10A2846D4F741FC284606
:1015E00009B0BDE8F043D4F78DBC00BFB7F90400E3
:1015F00000EE100AB8EEC00A2846D4F719FC2846B7
:1016000009B0BDE8F043D4F77DBC00BF97ED010AF7
:101610002946EEF73DFBADF80A000DF10A000790F0
:1016200079682C208DF81900C6F8281137E000BF22
:101630007A682946012380464FF00109EEF7ACF99C
:10164000BA68ADF80C0040462946EEF7B9F803A990
:101650000128C8BF8146079179681C20ADF80E901B
:101660008DF81900C6F8201119E000BF7A682946E4
:10167000EEF71CF9019001A8079079683E208DF8DB
:101680001900C6F81C110AE0B7F9040072218DF8A0
:10169000191002A9ADF808000791C6F82C01E8F767
:1016A0009BFE626806A9E9F775F8387805280AD123
:1016B00073208DF8190000200790E8F78DFE62680E
:1016C00006A9E9F767F809B0BDE8F08310B582B064
:1016D0000C46EFF741FDEFF749FD0E281BD801211D
:1016E000814044F61A02114208D06068FDF7E0FE1E
:1016F00002B0BDE81040D4F7BFBB00BF02280AD13A
:101700004FF43850009000200190E8F765FE6268C1
:101710006946E9F73FF802B010BD00002DE9F0433B
:1017200085B0D1E901050C46FDF7C2FE0646E9F792
:101730003DFF3146E9F776FFEFF70EFDEFF716FDB7
:101740000E2800F2C1800121814044F61A021142A4
:1017500006D03046294605B0BDE8F043D3F716BEA3
:10176000022840F0B180EEF7C9FA95ED260A9FED08
:10177000581AB8EEC00A80EE010A31468146EEF7EB
:1017800073F99FED540A48463146EEF787F94FF456
:10179000A440CDE90205E8F71FFE62680DF10808D4
:1017A0004146E8F7F7FF54208DF809000395E8F764
:1017B00013FE62684146E8F7EDFF5D208DF80900F1
:1017C0000395E8F709FE62684146E8F7E3FF4E201B
:1017D00005F150078DF809000397E8F7FDFD6268F1
:1017E0004146E8F7D7FF50208DF809000397E8F746
:1017F000F3FD62684146E8F7CDFF5F208DF80900F0
:101800000395E8F7E9FD62684146E8F7C3FFAA6F70
:1018100048463146EEF72AFAEA6F48463146EEF777
:101820000DFA56208DF8090005F1BC000390E8F789
:10183000D3FD62684146E8F7ADFFEEF75FFA95ED3C
:10184000220A3146EEF7A2F9ADF80200EEF756FA99
:1018500095ED230A3146EEF73BF9ADF80400EEF7BB
:101860004DFA95ED240A3146EEF712FA0DF1020118
:10187000ADF8060057200F1D8DF809000391E8F719
:10188000ABFD62684146E8F785FF59208DF80900F5
:101890000397E8F7A1FD62684146E8F77BFFEEF7A2
:1018A0002DFAD5F8942031460223EEF775F8ADF8FD
:1018B000000044208DF8090068460390E8F78CFD8D
:1018C00062684146E8F766FF05B0BDE8F08300BFF7
:1018D00000FF7F4700000000F0B589B0D1E90105A5
:1018E0000C46FDF7E5FD0646EFF736FCEFF73EFC4C
:1018F0000E2863D80121814044F61A02114207D014
:101900003046294609B0BDE8F040D3F7C9BD00BF55
:10191000022853D1607800210128079106912BD02D
:1019200003284BD1EEF7EAF995ED000A3146074658
:10193000EEF72CF995ED010AADF80800384631466E
:10194000EEF7C6F895ED020AADF80A0038463146C2
:10195000EEF79EF902A9ADF80C0057200E1D8DF888
:1019600019000791E8F738FD626806AD2946E8F7E7
:1019700011FF592019E000BFE7F752FAE7F764FAC0
:10198000F7F738FB6168F1F7DFFDC8B1022101808C
:10199000582000268DF819000796E8F71DFD6268AB
:1019A00006AD2946E8F7F6FE5A208DF8190007968D
:1019B000E8F712FD62682946E8F7ECFE09B0F0BDD1
:1019C000002500202921ADF80C50FAF773FE029093
:1019D000E0686168ADF80E50CDE90410EAF752F9FD
:1019E00002AF0421002200230097EAF719F909B099
:1019F000F0BD0000B0B5D1E90104FDF759FD054681
:101A0000EFF7AAFBEFF7B2FB0E2888BFB0BD0121AC
:101A100001FA00F044F61A01084205D02846214692
:101A2000BDE8B040D3F796BDB0BD000070B54868C2
:101A30000C46FDF73DFDA5680646EFF78DFBEFF779
:101A400095FB0E2888BF70BD0121814044F61A0223
:101A5000114205D030462946BDE87040D3F742BD5B
:101A6000022805D120460021BDE8704006F0A4BE42
:101A700070BD000070B548680C46FDF719FDA568FB
:101A80000646EFF769FBEFF771FB0E2888BF70BDC4
:101A90000121814044F61A02114205D03046294600
:101AA000BDE87040D3F7B0BF022805D12046012120
:101AB000BDE8704006F080BE70BD000080B548688B
:101AC000FDF7F6FCEFF748FBBDE88040EFF74EBBB3
:101AD00070470000F0B58BB0D1E901070C46FDF767
:101AE000E7FC0546EFF738FBEFF740FB0E285FD821
:101AF0000121814044F61A02114207D0D7E90012B1
:101B000028460BB0BDE8F040D3F7D6BC02284FD131
:101B10006078002101280991089127D0032847D136
:101B2000EEF7ECF83A682946EDF7C0FE064602905B
:101B3000EEF7E4F87A682946EDF7B8FEB042079070
:101B4000BCBF0290079640208DF8210002A80990A2
:101B5000E8F742FC626808AD2946E8F71BFE422020
:101B60008DF8210007A809901CE000BFE7F758F99D
:101B7000E7F76AF9F7F73EFA6168F1F7E5FCC8B1F3
:101B800002210180412000268DF821000996E8F706
:101B900023FC626808AD2946E8F7FCFD43208DF878
:101BA00021000996E8F718FC62682946E8F7F2FD7B
:101BB0000BB0F0BD002500202921ADF80C50FAF73C
:101BC00079FD0290E0686168ADF80E50CDE904102F
:101BD000EAF758F802AF0421002200230097EAF741
:101BE0001FF80BB0F0BD00007047000070B5D1E9E0
:101BF0000105FDF75DFC0446EFF7AEFAEFF7B6FA24
:101C00000E2834D80121814044F61A02114207D02F
:101C100095ED000A2046BDE87040D4F77FB900BFBB
:101C2000022824D1EEF76AF895ED000A2146EEF776
:101C30002FF8054648F20000CFF6FF7085EA00064F
:101C4000F8F7D4FB21463246F8F700FCE9F7AEFC82
:101C50002146E9F7E7FC002808BF70BD0646EEF70D
:101C60004DF821462A46EEF739F886ED030A70BD95
:101C70007047000070470000704700007047000088
:101C800070470000B0B588B048680C46FDF710FCFE
:101C9000EFF762FAEFF76AFA022819D160780128A3
:101CA00016D14FF40060002506900795E7F7B8F8C5
:101CB000E7F7CAF8F7F79EF96168F1F745FC48B114
:101CC00001210180E8F788FB626806A9E8F762FD58
:101CD00008B0B0BD00202921ADF80C50FAF7EAFC9D
:101CE0000290E0686168ADF80E50CDE90410E9F7A4
:101CF000C9FF02AD0421002200230095E9F790FFFF
:101D000008B0B0BD70470000704700007047000089
:101D10002DE9F04184B0D1E901040D46FDF7C8FB7F
:101D20000646EFF719FAEFF721FA002103914FF475
:101D300090410E28029151D80121814044F61802A9
:101D4000114209D0EFF708FA3146224604B0BDE847
:101D5000F041EFF78BB800BF0128F3D002283DD146
:101D6000EDF7CCFFA04658F8702F31460746EDF747
:101D700089FF54F8742F38463146EDF76BFFA4F114
:101D800014000390E8F728FB6A6802AE3146E8F7D2
:101D900001FD0F208DF809000394E8F71DFB6A6828
:101DA0003146E8F7F7FC10208DF80900CDF80C80DB
:101DB000E8F712FB6A683146E8F7ECFC34F8080CE7
:101DC000ADF806002F208DF809000DF106000390F4
:101DD000E8F702FB6A683146E8F7DCFC04B0BDE8CE
:101DE000F081000070B584B048680C46FDF760FBD8
:101DF000A5680646EFF7B0F9EFF7B8F90E2820D836
:101E00000121814044F61802114207D0E9F712F986
:101E1000314604B0BDE87040E9F75CBA012813D040
:101E200002280ED1A888ADF80E004FF49040009023
:101E30000DF10E000190E8F7CFFA62686946E8F705
:101E4000A9FC04B070BD00BF3046294604B0BDE80F
:101E50007040D3F7B5BD0000B0B548680C46FDF73B
:101E600027FBA5680446EFF777F9EFF77FF90E280F
:101E700088BFB0BD012101FA00F044F61A01084202
:101E800006D095ED000A2046BDE8B040D3F77CBBF4
:101E9000B0BD000070B582B00C46EFF75DF9EFF70A
:101EA00065F902280CD0012820D1D4E90104FDF7FE
:101EB000FFFA214602B0BDE87040D3F775BD00BF00
:101EC000A6684FF4CA40CDE90006E8F785FA6268D3
:101ED0006D462946E8F75EFC67208DF80100019603
:101EE000E8F77AFA62682946E8F754FC02B070BD58
:101EF00010B50C46EFF730F9EFF738F9012818BFA5
:101F000010BDD4E90104FDF7D3FA2146BDE8104025
:101F1000D3F76EBD70B588B048680C46FDF7C8FAB7
:101F2000A6680546EFF718F9EFF720F90E2839D81B
:101F30000121814044F61A02114207D0B6F900107F
:101F40002846D3F72DFB308008B070BD022829D178
:101F5000607801280ED0032824D13088ADF808001D
:101F60004FF43C50049002A80590E8F735FA6268F7
:101F700004A915E0E6F754FFE6F766FFF7F73AF82D
:101F80006168F1F7E1FA00254FF4405103950291A1
:101F900050B1012101800395E8F71EFA626802A999
:101FA000E8F7F8FB08B070BD00202921ADF8145007
:101FB000FAF780FB0490E0686168ADF81650CDE94F
:101FC0000610E9F75FFE04AE04210022002300960C
:101FD000E9F726FE08B070BDB0B548680C46FDF7BD
:101FE00067FAA5680446EFF7B7F8EFF7BFF80E28D1
:101FF00088BFB0BD012101FA00F044F61A01084281
:1020000006D029682046BDE8B040D3F797BA00BF94
:10201000B0BD0000B0B548680C46FDF749FAA468A9
:102020000546EFF799F8EFF7A1F8012818BFB0BD02
:1020300028462146BDE8B040D3F7CEBC704700002B
:10204000704700007047000010B54469002001216E
:1020500000220323FDF732FA0146FE2000F024FDA2
:102060002078042888BF10BDDFE800F00424161E85
:102070000C0000BFFAF7F0FB0021BDE81040FAF7B2
:10208000CBBD00BF11F088F90220E5F78FFFBDE856
:102090001040E5F79FBF00BFFAF7DEFB0221BDE865
:1020A0001040FAF7B9BD00BF11F076F9BDE8104055
:1020B000E5F790BFFAF7D0FB0121BDE81040FAF731
:1020C000ABBD00002DE9F04FC1B0D0F8149001F085
:1020D00059FA01F067FAD9E900628046301A44F2F1
:1020E0004027039062EB0100C0F20F078A4602907E
:1020F000304611463A460023CFF7A8FA034600FBC4
:10210000176044F6D351C1F26201A0FB01124AF2FA
:102110007B41C4F21841A3FB011794094FF47A7173
:1021200004FB110519AE40A2304640214FEAD75BAF
:10213000CDE90045CFF718FB29AF3EA23846602114
:102140003346CDF800B0CFF70FFBE9F79BFD44A273
:102150003946E9F7D1FD04AD28464021CFF7A0FF6D
:10216000002604200021CDE9168A1596FAF7A2FA76
:10217000D9E9003714903FA228464021CDE9003725
:10218000CFF7F2FAE9F77EFD14AF01212A460023CA
:102190000097E9F745FDDDE90221481E72F10000D4
:1021A0000ADB4CF20410C0F606000068081A72F14F
:1021B00000000DD2002612E048424CF20411C0F695
:1021C0000601096866EB0202401A72F1000006D3AC
:1021D00001F0D8F9D9E9002301F0ECF9012601F06A
:1021E000D1F901F0DFF90446CDE9160100200D46D2
:1021F000ADF8540004200121ADF85660FAF75AFA00
:1022000004AE149020A230464021CDE90045CFF71E
:10221000ABFAE9F737FD0121324600230097E9F7D1
:10222000FFFC41B0BDE8F08F732564206D2564206C
:102230007525640052515354206F662074696D6592
:10224000206368616E676520746F202573205B6F63
:1022500072207965617273203D20256400000000C2
:1022600074696D657365742063616C6C6261636B26
:102270000000000073796E63682072717374203DF2
:1022800020256C6C6400000074696D65203D20257C
:102290006C6C640088680168B1F57A7F1CBF4FF4EC
:1022A0007A7101602DE9F04385B08788C688058979
:1022B000F1192944B1F57A7F0BD940F24D11C0F2E2
:1022C0004D114FF4A77540F24D1640F24D17416085
:1022D0000581847A00F10C08002C04BF012484726B
:1022E00000200121002203234FF00009FDF7E6F84A
:1022F0000146FE2000F0D8FB078346838583847760
:102300004FF47A70CDE90009F019CDF810900297DA
:102310000390FBF755FB6946FBF7F6FCFBF750FB18
:102320002146FBF739FDFBF74BFB4146FBF7DAFC97
:1023300005B0BDE8F083000010B58868012104787D
:102340000022002C04BF0124047000200323FDF7A9
:10235000B5F80146FE2000F0A7FB8477FBF730FBC1
:102360002146BDE81040FBF717BD00007047000094
:10237000704700002DE9F04F8DB044692578EFF7E4
:1023800079FF012840F04281A5F10F00052800F2F5
:102390003D81264616F8087BE6F742FDE6F754FD38
:1023A000002800F033810546A7F10F00052800F250
:1023B0002D81DFE810F00700B900130075000D0053
:1023C000190100BF2846F6F771FF0DB0BDE8F08F88
:1023D0003078FDF781F80DB0BDE8F08F3046E6F7B4
:1023E00093FC042840F012813046E6F77BFC10286D
:1023F00040F00C813046E6F70DFD81460138C0B251
:102400000F2800F203814CF21410C0F60600007889
:102410004FF0000B20F00C0A4FF0000807E000BF5F
:1024200008F101085FFA88F0484580F0EF805FFA14
:1024300088F13046E6F742FC07466078A17801381B
:10244000B0FA80F001394009B1FA81F14AEA80001E
:10245000490940EAC1008DF8180004208DF81900E0
:10246000386806A90790606809902846F6F7FCFED0
:102470000028D5D0CDE904BBCDE902BB38681721CF
:1024800004900520FAF716F90290E9F7FBFB042106
:102490000022002302AF0097E9F7C2FBC0E700BFAC
:1024A0003046E6F731FC042840F0B0803046E6F7CD
:1024B00019FC102840F0AA803046E6F7ABFC8146B4
:1024C0000138C0B20F2800F2A1804CF21410C0F6FF
:1024D00006000078002720F00C0A4FF0040B0DF1E5
:1024E0001808F9B23046E6F7E9FB6178A2780139BD
:1024F000B1FA81F1013A4909B2FA82F24AEA81015C
:10250000520941EAC2018DF818108DF819B000681F
:1025100041460790606809902846F6F7BDFE0137EE
:10252000F8B24845DDD371E03046E6F7EDFB04280C
:102530006CD13046E6F7D6FB102867D13046E6F777
:1025400069FC102862D881462846F6F7AFFEB9F13B
:10255000000F5BD04CF21410C0F6060000784FF06C
:10256000000B20F00C0A4FF0000805E008F101080C
:102570005FFA88F0484549D25FFA88F13046E6F7BD
:102580009DFB07466078A1780138B0FA80F00139E8
:102590004009B1FA81F14AEA8000490940EAC100E4
:1025A0008DF8180004208DF81900386806A90790E6
:1025B000606809902846F6F757FE0028D6D0CDE986
:1025C00004BBCDE902BB3868172104900520FAF757
:1025D00071F80290E9F756FB04210022002302AFB4
:1025E0000097E9F71DFBC1E73046FCF721FF012802
:1025F0000CD13178FE20FDF71BF838B9FBF788FFC6
:10260000FBF790FF31460122EFF7F6FE0DB0BDE873
:10261000F08F00002DE9F04F87B044692578EFF77F
:1026200029FE012840F00F81E81E4FEA70000528BE
:1026300000F20981012101FA00F010F02B0F00F0E7
:1026400002812678E6F7ECFBE6F7FEFB002800F0B7
:10265000FA80074694F801A094F80290E5782046A5
:102660005021CFF71DFDF01E4FEA7000052800F243
:10267000EA80DFE800F0036BE835E89F002D08BF33
:102680004025221D28460121E6F744FB80464CF2F6
:102690001810C0F6060090E88E00D0E904608DE8BE
:1026A0008E00CDE9046004208DF801000020002197
:1026B000002206230026FCF701FFCDE90106404673
:1026C000E6F77AFB4FF60460208005FB09F0C2B202
:1026D000FE20414684F80290E570FDF7E7F9ADE091
:1026E000002D08BF1025221D284604214FF00408A4
:1026F000E6F710FB83464CF21810C0F6060090E88F
:10270000CE0040698DE8CE00059000200021002217
:1027100006238DF801800026FCF7D0FECDE90106E6
:102720005846E6F749FB0A202070BAF1FE0F05FB78
:1027300009F084F801A084F80290E57072D1C2B269
:10274000FE205946FDF71AFC78E000BF002D08BFB7
:102750001025221D284604214FF00408E6F7DAFA76
:1027600082464CF21810C0F6060090E88E00D0E9C0
:1027700004608DE88E00CDE9046000200021002275
:1027800006238DF801800026FCF798FECDE90106AE
:102790005046E6F711FB4FF60660208005FB09F076
:1027A000C2B2FE20514684F80290E570FDF7D2F9DE
:1027B00044E000BF002D08BF1025221D284604213B
:1027C0004FF0040BE6F7A6FA80463846F6F73CFDD4
:1027D0004CF21810C0F6060090E84E1040698DE8E3
:1027E0004E10059000200021002206238DF801B034
:1027F0000026FCF763FECDE901064046E6F7DCFA69
:102800000E202070BAF1FE0F05FB09F2384684F85D
:1028100001A084F80290E5700CD111464246F6F70B
:10282000FFFC0BE0C3B2FE2051465A46FDF7C2FC46
:1028300004E000BF51464346F6F7FCFCFAF70CF8FB
:102840006946FAF757FA07B0BDE8F08FF0B587B0E0
:1028500044692578EFF70EFD01285AD10B2D58D881
:102860000120A84040F68201084252D02778E6F7BE
:10287000D7FAE6F7E9FA00284BD0064665782046F5
:102880005021CFF70DFC0B2F14D0072F08D0012FAC
:102890003FD14FF602602080FE20FDF735FB1AE0A5
:1028A00008202070FE2D4FF0FE0065700CD1FDF762
:1028B00081FD10E00C202070FE2D3046657007D1A0
:1028C000F6F7C2FC07E000BF2946FDF7FBFC02E07B
:1028D0002946F6F7C1FC60804CF21810C0F60600DD
:1028E00090E88E00D0E904608DE88E00CDE90460A8
:1028F00004208DF80100002000210022052300247F
:10290000FCF7DCFDCDE90104F9F7A6FF6946FAF70B
:10291000F1F907B0F0BD00007047000070470000FB
:1029200070470000704700007047000070470000CB
:1029300070470000704700007047000070470000BB
:1029400010B54469F2F74EFB2146BDE81040F2F79E
:1029500069BC00007047000070470000B0B5D1E9C5
:102960000104FCF7A5FD0546F3F768F92946224660
:10297000BDE8B040F3F71ABAB0B5D1E90104FCF7ED
:1029800097FD0546F3F75AF929462246BDE8B040BF
:10299000F3F712BCB0B5D1E90105FCF789FD044697
:1029A000F3F74CF92A782146BDE8B040F3F766BB4F
:1029B0007047000070470000B0B544F22852FE286E
:1029C000C1F2000202D102F1080407E01378834249
:1029D00032D9526800EB400002EB0014481C4FF063
:1029E000000018BF002C01D1B0BD00BF080E0D467D
:1029F000FDF726FF4CF2D862C0F60602135CC5F361
:102A00000742934218D954F82040ACB129460346F6
:102A1000280AA55CC0B285424FF0000098BFB0BD47
:102A20004CF2EC65C0F6060555F82330C9B29A5C45
:102A30008A4288BF0120B0BD0020B0BD032884BFFA
:102A40000020704780B5FDF7FBFE44F60401C1F29B
:102A5000000151F8200080BDB0B544F22852FE2894
:102A6000C1F2000206D102F10804080E03280CD9B5
:102A700018E000BF1378834214D9526800EB40007D
:102A800002EB0014080E03280CD85CB10D46FDF7CC
:102A9000D7FE04EB8000026A22B12846BDE8B040B0
:102AA000104700BF0020B0BD2DE9F04F85B044F2C3
:102AB0002856C1F2000606F108050446FE282F46F6
:102AC00008D03078A04240F2C580706804EB440220
:102AD00000EB02170A0E032A4FF0000000F2B68046
:102AE000002F00F0B38010468846FDF7A9FE07EBE3
:102AF0008001D1F81090B9F1000F00F0AB80FE2CEE
:102B0000C3460BD03378A34240F2A4807368002BF5
:102B100000F0A08004EB440703EB07154CF2D863E8
:102B2000C0F606031F5CCBF307439F4240F292803E
:102B300055F82040002C00F08D804FEA1B41CDB2AB
:102B40004FEA1B27665D5FFA87FC664540F282808C
:102B50004CF2DC67C0F6060757F8207043B16B1ED5
:102B6000032B01F0030305D24FF0000E00262FE0E7
:102B7000002646E0CDE903C50093A3EB050AA7F1C3
:102B800008050294631C00266FF00304019700BF40
:102B90001A1935F8088F92F803E092F804C008FB80
:102BA0000E666988577901FB0C61AE88927906FB45
:102BB0000711EF88043407FB02160AEB0401043105
:102BC000E6D104F1040E049DDDE9024CDDE9003795
:102BD000BBB114F80E1037F81E20012B02FB016662
:102BE0000FD00EF10101625C37F81110022B01FBCE
:102BF000026606D00EF10201625C37F8111001FB8B
:102C0000026637F815104FF6FF7301FB0C67B9B277
:102C100099421FD04CF2B861C0F6060151F820105D
:102C20005FFA8BF251F8251051F822104CF2C8626D
:102C3000C0F6060252F82000496850F82500081A2C
:102C4000384481B2994205D019FA80F005B0BDE848
:102C5000F08F00BF002005B0BDE8F08F080E0328FC
:102C600084BF0020704710B50C46FDF7E9FD4CF21B
:102C7000D861C0F606010A5CC4F307418A4215D93F
:102C80004CF2EC62C0F6060252F82020535CE2B22D
:102C900093420BD94CF2B863C0F6060353F82000F8
:102CA00050F8210050F8220010BD00BF002010BDD8
:102CB00005284FF0000C98BF022940F29580511E64
:102CC0007E294FF0000000F29F80DFE811F07F00C6
:102CD0007F0086007F00F7000F01AF00270117017A
:102CE0008600FF00DF0086008600860086001F0148
:102CF0000701B700860086008600860086008600F1
:102D0000860086008600860086008600E700860032
:102D10008600860086008600860086008600860083
:102D200086008600860086008600EF00BF002F0127
:102D3000C700CF00860086008600860086008600D9
:102D40008600860086008600860086008600860053
:102D50008600860086008600860086008600860043
:102D60008600860086008600860086008600860033
:102D70008600860086008600860086008600860023
:102D80008600860086008600860086008600860013
:102D90008600860086008600860086008600860003
:102DA00086008600860086008600A70086008600D2
:102DB000B7008600860086008600AF008600D70038
:102DC00086008600860086008600A700AA2B00F0F9
:102DD000B5805A2B40F0BA80082020EA0C00B0FAE7
:102DE00080F04009704700BF01EB810C4DF2541197
:102DF000C0F6060101EB8C0151F820C0511E7E295E
:102E00004FF000007FF661AFFF2A08BF4FF400309B
:102E100020EA0C00B0FA80F0400970474FF00050F3
:102E200020EA0C00B0FA80F0400970474FF480208F
:102E300020EA0C00B0FA80F040097047802020EAB8
:102E40000C00B0FA80F04009704700BF4FF400500A
:102E500020EA0C00B0FA80F0400970474FF400609F
:102E600020EA0C00B0FA80F0400970474FF480006F
:102E700020EA0C00B0FA80F0400970474FF0804023
:102E800020EA0C00B0FA80F0400970474FF48060EF
:102E900020EA0C00B0FA80F0400970474FF480300F
:102EA00020EA0C00B0FA80F040097047202020EAA8
:102EB0000C00B0FA80F04009704700BF4FF400707A
:102EC00020EA0C00B0FA80F0400970474FF400107F
:102ED00020EA0C00B0FA80F0400970474FF400205F
:102EE00020EA0C00B0FA80F040097047102020EA78
:102EF0000C00B0FA80F04009704700BF4FF480101A
:102F000020EA0C00B0FA80F0400970474FF400400E
:102F100020EA0C00B0FA80F0400970474FF480407E
:102F200020EA0C00B0FA80F0400970474FF480505E
:102F300020EA0C00B0FA80F040097047042020EA33
:102F40000C00B0FA80F04009704700BFA3F15500B3
:102F5000B0FA80F04009400020EA0C00B0FA80F09E
:102F60004009704705284FF0000298BF022901D997
:102F7000104670474DF2541201EB8101C0F6060273
:102F800002EB810151F820201046704745F268019C
:102F9000C1F200010868002818BF08467047000009
:102FA000002814BF40680020704700002DE9F04160
:102FB00082B045F26807C1F200073A6832B145F2C3
:102FC0006800C1F2000002B0BDE8F0810C46054681
:102FD000E8F758FE4DF61B564BF28058C0F6060631
:102FE0002946C0F606080FA23346002D18BF01215E
:102FF000CDF80080E8F7ECFDE8F744FE214616A284
:103000003346002C18BF0121CDF80080E8F7E0FD21
:10301000C7E9005445F26800C1F2000002B0BDE803
:10302000F08100BF656F765F63616C6C6261636B9A
:103030006D616E5F6869645F496E697469616C692E
:10304000736528293A204E554C4C20657865637588
:1030500074655F666E000000656F765F63616C6C1F
:103060006261636B6D616E5F6869645F496E69740C
:1030700069616C69736528293A204E554C4C20745F
:1030800061736B00B0B50C460546E7F7C5FE28B185
:10309000826828462146BDE8B04010476FF0010025
:1030A000B0BD000010B50446E7F7B6FE20B10168D8
:1030B0002046BDE8104008476FF0010010BD000039
:1030C0002DE9F04F81B045F27009C1F200091546B3
:1030D000D9F8002032B145F27000C1F2000001B011
:1030E000BDE8F08FDDF828A01C460E460746E8F73D
:1030F000C9FD4DF6D5584BF2805B4EF67F12C0F6F7
:1031000006083946C0F6060BC0F606024346002FF5
:1031100018BF0121CDF800B0E8F75AFDE8F7B2FD7D
:103120004EF6AE123146C0F606024346002E18BFD8
:103130000121CDF800B0E8F74BFDE8F7A3FD2946E3
:1031400017A24346002D18BF0121CDF800B0E8F7C3
:103150003FFDE8F797FD21461CA24346002C18BF0F
:103160000121CDF800B0E8F733FDE8F78BFD5146BB
:1031700021A24346BAF1000F18BF0121CDF800B0DB
:10318000E8F726FDC9E90076C9E90254C9F810A09C
:1031900045F27000C1F2000001B0BDE8F08F00BF41
:1031A000656F765F656E765F6869645F496E6974A6
:1031B00069616C69736528293A204E554C4C206929
:1031C000706E65745F67657400000000656F765F00
:1031D000656E765F6869645F496E697469616C6980
:1031E000736528293A204E554C4C2063616E6E65FC
:1031F000745F676574000000656F765F656E765F6B
:103200006869645F496E697469616C6973652829CE
:103210003A204E554C4C206570726F635F67657441
:103220000000000070B18368012180F820106BB1AC
:1032300080B50146012298470020BDE8804040B299
:10324000704700BFFE2040B2704700BF002040B270
:103250007047000010B1836823B11847FE2040B2C8
:10326000704700BFFF2040B270470000002812BF27
:1032700000296FF0010070470268104700280EBF58
:10328000FE21002180F8201048B2704742F20C0164
:10329000C1F200010868002818BF08467047000006
:1032A00010B1036923B11847FE2040B2704700BF38
:1032B000FF2040B2704700002DE9F04F83B042F28A
:1032C0000C06C1F20006144632683AB142F20C0014
:1032D000C1F2000003B0BDE8F08F00BF9A468846F7
:1032E000054660B9E8F7CEFC4DF6B5524BF2805377
:1032F00029A1C0F60602C0F60603E8F7C9FCE8F704
:10330000C1FC4DF6B55927464BF2805B4EF69A024A
:10331000C0F60609002C18BF0127C0F6060BC0F640
:10332000060239464B46CDF800B0E8F751FCE8F705
:10333000A9FC24A239464B46CDF800B0E8F748FC7A
:10334000E8F7A0FC0D9F2AA239464B46002F18BF74
:103350000121CDF800B0E8F73BFC0C98C6E9020764
:103360000E984FF00007C6E9004A306145B10420CD
:1033700029460022002300970197EBF77FFB0746C1
:103380000120C6E9067886F8200042F20C00C1F25E
:10339000000003B0BDE8F08F656F765F69706E6501
:1033A000745F6869645F496E697469616C697365AB
:1033B00028293A2030206D6178646772616D736FDF
:1033C000636B7300656F765F69706E65745F6869C3
:1033D000645F496E697469616C69736528293A2074
:1033E0004E554C4C206465746163685F666E0000E6
:1033F000656F765F69706E65745F6869645F496E5A
:10340000697469616C69736528293A204E554C4C82
:10341000206172705F666E0010B50446E7F7FCFC31
:1034200020B141682046BDE8104008476FF0010018
:1034300010BD0000B0B50C460546E7F7EDFC28B11D
:10344000026828462146BDE8B04010476FF00100F1
:10345000B0BD0000002808BF704710B50021C0E9CA
:10346000001181600446ECF799FD2146BDE810404B
:10347000ECF768BD80B5ECF791FD04210C22012327
:10348000ECF796FD0021C0E90011816080BD0000CD
:103490002DE9F04381B01C4616460F460546E8F775
:1034A000F1FB4DF612584BF28059C0F6060839462A
:1034B000C0F6060913A24346002F18BF0121CDF81C
:1034C0000090E8F785FBE8F7DDFB314617A243469D
:1034D000002E18BF0121CDF80090E8F779FBE8F73E
:1034E000D1FB21461CA24346002C18BF0121CDF878
:1034F0000090E8F76DFBC5E900760020AC6001B0F4
:10350000BDE8F083656F765F6D757465785F686997
:10351000645F536574565441424C4528293A204E05
:10352000554C4C20765F74616B650000656F765F6B
:103530006D757465785F6869645F5365745654414E
:10354000424C4528293A204E554C4C20765F7265F6
:103550006C65617365000000656F765F6D757465FD
:10356000785F6869645F536574565441424C4528DE
:10357000293A204E554C4C20765F64656C65746525
:103580000000000045F28401C1F200010868002833
:1035900018BF084670470000002804BF002070478D
:1035A0004068004710B18068004700BF002000213C
:1035B0007047000050B180B5D0F80CC010461946D5
:1035C000E0470020BDE8804040B27047FE2040B296
:1035D0007047000040B180B5406980470020BDE8D9
:1035E000804040B2704700BFFE2040B270470000EC
:1035F0002DE9F04F83B045F28404C1F20004164671
:1036000022683AB145F28400C1F2000003B0BDE87F
:10361000F08F00BFDDE90C8B1D4689460290E8F76C
:1036200031FB4DF631574BF2805A4EF2FB42C0F659
:1036300006073146C0F6060AC0F606023B46002ED3
:1036400018BF0121CDF800A0E8F7C2FAE8F71AFB8D
:103650004EF2D0422946C0F606023B46002D18BF66
:103660000121CDF800A0E8F7B3FAE8F70BFB4146DB
:1036700021A23B46B8F1000F18BF0121CDF800A0F0
:10368000E8F7A6FAE8F7FEFA594625A23B46BBF151
:10369000000F18BF0121CDF800A0E8F799FAE8F76C
:1036A000F1FADDF838B028A259463B46BBF1000FCD
:1036B00018BF0121CDF800A0E8F78AFA48F2ED60C2
:1036C0000F99C0F60500002918BF08460D996061E2
:1036D0004846C4E90065C4F80880C4E9031BE8F75C
:1036E000F7FA0298ECF722FD45F28400C1F20000DF
:1036F00003B0BDE8F08F00BF656F765F7379735FCD
:103700006869645F496E697469616C6973652829C9
:103710003A204E554C4C2074696D65676574000005
:10372000656F765F7379735F6869645F496E69740A
:1037300069616C69736528293A204E554C4C207498
:10374000696D657365740000656F765F7379735F8B
:103750006869645F496E697469616C697365282979
:103760003A204E554C4C206E616E6F74696D6567E2
:103770006574000010B50446E7F74EFB20B1016AFE
:103780002046BDE810400847002010BDB0B5ECF75A
:1037900005FC2421ECF77EFD002808BFB0BD48F2EF
:1037A000F161C0F6050148F20972C0F6050248F25F
:1037B000217348F2017C48F2197EC0E9001100F142
:1037C0000801C0F60503C0F6050CC0F6050E48F268
:1037D000F96448F2117581E80C5048F2F561C0F6C1
:1037E0000504C0F60505C0F60501C0E906450162FD
:1037F000B0BD0000002855D02DE9F04348F2F16437
:10380000002948F20979C0F6050408BF2146002ABC
:10381000C0F60509DDE9077608BF2246002B18BF70
:10382000994648F22173C0F60503002F18BF3B46A6
:1038300048F201770DF1240EC0F605079EE82041FD
:10384000002E18BF374648F21976C0F60506002D3F
:1038500018BF2E4648F2F96548F21174C0F6050506
:10386000B8F1000FC0F60504DDF830C018BF4546BA
:10387000BEF1000F18BF744680E8060248F2F561F9
:10388000C0F60501C0E90337C0E90565C461BCF1B4
:10389000000F18BF614601620020BDE8F04340B24E
:1038A000704700BFFE2040B270470000B0B50C4624
:1038B0000546E7F7B1FA28B1026928462146BDE876
:1038C000B04010476FF00100B0BD0000B0B50C462D
:1038D0000546E7F7A1FA28B1826828462146BDE8E7
:1038E000B04010476FF00100B0BD0000F0B581B0EE
:1038F0001C4615460E460746E7F78EFA50B1D0F83B
:103900001CC0384631462A46234601B0BDE8F04087
:10391000604700BF6FF0010001B0F0BD70B5144604
:103920000D460646E7F778FA30B143693046294636
:103930002246BDE8704018476FF0010070BD0000DE
:10394000B0B50C460546E7F767FA28B1C2682846C5
:103950002146BDE8B04010476FF00100B0BD000047
:10396000002812BF00296FF001007047426810471D
:1039700045F29C01C1F200010868002818BF084602
:1039800070470000002812BF00296FF00100704747
:10399000C2681047002812BF00296FF0010070476D
:1039A0000268104745F29C00C1F200000069FFF771
:1039B00033BD0000002812BF00296FF001007047DE
:1039C0008268104745F29C00C1F200000069FFF7D1
:1039D00031BD00002DE9F04F81B045F29C09C1F2E4
:1039E00000091546D9F8002032B145F29C00C1F219
:1039F000000001B0BDE8F08FDDF828A01C460E469F
:103A00000746E8F73FF94DF63E584BF2805B4EF221
:103A10005252C0F606083946C0F6060BC0F606023A
:103A20004346002F18BF0121CDF800B0E8F7D0F8C9
:103A3000E8F728F94EF220523146C0F60602434616
:103A4000002E18BF0121CDF800B0E8F7C1F8E8F763
:103A500019F9294610A24346002D18BF0121CDF8BF
:103A600000B0E8F7B5F8E8F70DF9214616A243468D
:103A7000002C18BF0121CDF800B0E8F7A9F809F132
:103A80000800C9E9007580E8500445F29C00C1F2C5
:103A9000000001B0BDE8F08F656F765F74696D65F9
:103AA000726D616E5F6869645F496E697469616CAB
:103AB00069736528293A204E554C4C206164647422
:103AC000696D65725F666E00656F765F74696D65BE
:103AD000726D616E5F6869645F496E697469616C7B
:103AE00069736528293A204E554C4C2072656D74D7
:103AF000696D65725F666E007047000045F2B00147
:103B0000C1F20001087818B1002040B2704700BF30
:103B10004EF6FC50CEF200000068C0010BD540F616
:103B20000060CEF20000D0F88020D20703D00068F9
:103B3000B0F1FF3F02DDFF2040B270477C20CEF2A3
:103B4000000001220A7000BF016831B9016821B983
:103B5000016811B901680029F6D043F6F921C0F6D1
:103B600005010160016831B9016821B9016811B925
:103B700001680029F6D040F201110180016831B9D5
:103B8000016821B9016811B901680029F6D0012145
:103B9000017042F20800C1F200000170002040B242
:103BA0007047000080B545F2B00EC1F2000E9EF8DD
:103BB0000020002A40F27C02CEF2000244D14EF6F0
:103BC000FC53CEF200031B68DB013DD540F6006CD0
:103BD000CEF2000CDCF88030DB0735D0DCF80030AA
:103BE000B3F1FF3F30DC01238EF80030136833B9A6
:103BF000136823B9136813B91368002BF6D043F682
:103C0000F923C0F605031360136833B9136823B9A9
:103C1000136813B91368002BF6D040F20113138018
:103C2000136833B9136823B9136813B91368002BE9
:103C3000F6D042F208034FF0010CC1F2000382F803
:103C400000C083F800C000BF136833B9136823B9FC
:103C5000136813B91368002BF6D01160116831B9DD
:103C6000116821B9116811B911680029F6D000F561
:103C70008070108080BD000045F2B00142F2080261
:103C8000C1F20001C1F200020B781178012B107013
:103C90000CD17C22CEF20002136833B9136823B929
:103CA000136813B91368002BF6D0107008467047DC
:103CB00080B545F2B00EC1F2000E9EF80020002A39
:103CC00040F27C02CEF2000244D14EF6FC53CEF21A
:103CD00000031B68DB013DD540F6006CCEF2000C02
:103CE000DCF88030DB0735D0DCF80030B3F1FF3F83
:103CF00030DC01238EF80030136833B9136823B920
:103D0000136813B91368002BF6D043F6F923C0F6F5
:103D100005031360136833B9136823B9136813B923
:103D20001368002BF6D040F201131380136833B9E7
:103D3000136823B9136813B91368002BF6D042F245
:103D400008034FF0010CC1F2000382F800C083F8B1
:103D500000C000BF136833B9136823B9136813B9DF
:103D60001368002BF6D01160116831B9116821B9C0
:103D7000116811B911680029F6D0108080BD0000CB
:103D800080B582B0F9F7F2F800F1100100F11802E5
:103D900000F11C0300F1220CCDF800C0FAF79EFFE1
:103DA000FAF792FF47F22911C0F60501FBF75EF81A
:103DB000002002B080BD00000EF022BF0EF07CBFDC
:103DC00044F61400C1F2000001780131017001785D
:103DD0000170704700284FF0FF0018BF002901D183
:103DE00040B270470878DE3818BF4FF0FF3040B25D
:103DF00070470000B0B588B1054604200121CDF719
:103E00005BFB4FF0000430B10560054600F0D2F8CE
:103E1000002808BF2C462046B0BD00BF0020B0BD22
:103E20002DE9F04381B000284FF0FF0418BF0029AE
:103E300004D160B201B0BDE8F08300BF002BF8D020
:103E40000F78DE2F36D100684E880788B742F0D150
:103E50004788002FEDD007EB47046FF023078D89CB
:103E6000406807EB840E6FF00B066FF017074FEA00
:103E7000840C06EB840907EB84080027C45BAC4282
:103E80001ED0B94500F08680C419A689AE4219D06B
:103E9000B84500F07F80268BAE4217D0BE4500F0BB
:103EA0007980A68CAE4215D03037BC454FF0FF0468
:103EB000E4D1BEE70020188060B201B0BDE8F08315
:103EC000C51909E004F10C0506E000BF04F118056E
:103ED00002E000BF04F124054878002703281F8072
:103EE00054D8DFE800F0033F233100BFD5F804C009
:103EF000BCF1000F4ED04FF4EF7010804888B5F839
:103F000002E050802888BEF1000F9081A2F80EE0F8
:103F100046D002F11000614672461C46CDF7A0FF64
:103F200068882346133020F003003AE047F6DE703D
:103F300000241060D460AB68002B3FF47AAF01F12D
:103F4000100202201AE000BF47F6DE700024106065
:103F5000D460AB68002B3FF46CAF01F1100203207A
:103F60000CE000BF47F6DE7000241060D460AB6840
:103F7000002B3FF45EAF01F1100201202946984763
:103F8000002460B201B0BDE8F08300BF47F6DE70E8
:103F90001060D760FF2460B201B0BDE8F08300BFBD
:103FA00010201880012460B201B0BDE8F083000049
:103FB000002070474FF0FF3070470000CDF77CBA0B
:103FC000CDF7BFBACDF7CFBA80B50FF0E5F9012034
:103FD000E3F7ECFFBDE88040E3F7FCBF2DE9F047D5
:103FE00086B0044601704FF40070A4F80100101F61
:103FF000E070002605A900200596E3F779FF04A8E4
:104000000496E3F76FFF04984578112D11D100F164
:10401000210572A12846CEF76BF848B171A1284658
:10402000CEF766F84FF0FF35002808BF212500E0E5
:1040300020254FF0FF090DF10F0049F2CF788DF8E0
:104040000F908DF80E90E3F7C1FF0DF10E00E3F72E
:10405000B9FF02A80DF10D018DF80D600296E3F78E
:10406000AFFF2571F9F7ACFCF9F72EFE0138B0FA75
:1040700080F040096071022002210225FEF772FFE4
:104080000599E0604879A0710879E071C8782072DC
:10409000887860724878A07208789DF80D10E072F8
:1040A0009DF80F0021749DF80E1060740298A174A1
:1040B000E5740196007801A9E3F786FF029849F2BA
:1040C000CF72007884F8159020750198C2F22952B9
:1040D00041882546E182416845F81C2F45F8041CBB
:1040E000806800F500763046E3F7E8FE20B906F177
:1040F00040002946E6F7A6FD01984FF0000AD0E9F6
:104100000201CDF804A0800A2084880A6084029805
:1041100001A94078E3F758FF02982546407884F8D3
:10412000259084F82400019842F229574188E184BF
:10413000416825F82C8F45F8041C6F80806800F5D5
:1041400000763046E3F7BAFE20B906F14000294672
:10415000E6F778FD0198CDF804A0D0E90201800AC5
:104160002086880A6086029801A98078E3F72CFFF0
:10417000029801998078254684F83400FF2084F85D
:1041800035004888E086486825F83C8F45F8040CDF
:104190006F80886800F500763046E3F78FFE20B91F
:1041A00006F140002946E6F74DFD0198D0E90201ED
:1041B000800AA4F84000880AA4F842000020019078
:1041C00001A90420E3F794FE019904F144002022A0
:1041D000CDF746FE06B0BDE8F08700BF656D7334CD
:1041E000726400006D6334706C75730042F23000CD
:1041F000C1F20000026900200A60704742F23000FC
:10420000C1F20000027D00200A70704770B582B0D4
:1042100042F23006C1F2000606F10C0014460D46CB
:10422000E3F764FE90B1E7F72DFD4BF260564DF6D3
:10423000C153C0F606060AA2C0F606030521009681
:10424000E7F7EEFCFF2040B202B070BDF06810301E
:10425000286002202070002040B202B070BD00BF74
:10426000735F656F5F61726D656E765F73686172B3
:104270006564646174615F63616E6E6574735F67CA
:10428000657428293A2063616E6E6F7420726561CF
:104290006420646576696E666F000000B0B582B018
:1042A00042F23005C1F2000505F10C000C46E3F7BF
:1042B0001DFE98B1E7F7E6FC4BF260554DF6C15391
:1042C000C0F6060508A2C0F6060305210095E7F72B
:1042D000A7FCFF2040B202B0B0BD00BFE86820607C
:1042E000002040B202B0B0BD735F656F5F61726D58
:1042F000656E765F736861726564646174615F693D
:10430000706E65745F67657428293A2063616E6E0C
:104310006F74207265616420646576696E666F00F3
:104320002DE9F04192B0E3F749FE4BF26058C0F638
:10433000060818B1E7F7A6FC3DA20BE000200290AA
:1043400001208DF80C0002A8E3F7D4FD58B1E7F77F
:1043500099FC46A24DF6C153C0F606030521CDF8DF
:104360000080E7F75DFC42F23005C1F200056968A4
:104370004878E3F72DFE70B1E7F784FC4EF6C502EE
:104380004DF6C153C0F60602C0F606030521CDF86E
:104390000080E7F745FCA86888B3466990E89E006E
:1043A0000DF1080C07968CE89E0000F118078ECFDF
:1043B000D0E90A460DF1200CCDE90C468CE88E00C0
:1043C000D0E90C12D0E90E03CDE90E12CDE91003AD
:1043D0000BF010F8CDE90E0102A8E3F785FD70B1EE
:1043E000E7F750FC4EF603124DF6C153C0F6060235
:1043F000C0F606030521CDF80080E7F711FC05F1B2
:104400000C00E3F773FD70B1E7F73CFC4EF6411288
:104410004DF6C153C0F60602C0F606030521CDF8DD
:104420000080E7F7FDFB002012B0BDE8F08100BF7F
:10443000735F656F5F61726D656E765F73686172E1
:10444000656473657276696365735F696E69742804
:10445000293A207368617273657276206973206EE1
:104460006F742076616C696400000000735F656F93
:104470005F61726D656E765F7368617265647365A6
:104480007276696365735F696E697428293A20637F
:10449000616E6E6F7420696E6974207368617273E7
:1044A0006572760090F82020037C01324FF0010CF9
:1044B000D1B280F823C0994280F8202028BF80F82C
:1044C00021C080B582B002208DF80700F8F7C4F94A
:1044D0000DF10701F8F7AEF99DF8070010B102B031
:1044E00080BD00BFF8F72AFFF8F732FF4021FAF746
:1044F0009FFE02B080BD00002DE9F04F85B041F273
:104500008008C1F20008D8F82800E4F783FC0028EE
:1045100000F0B28004464FF001094FF0000B01900B
:1045200007E000BF0BF1010B5FFA8BF0A04280F0B7
:104530009B8098F824005FFA8BF63146E6F766FB1D
:104540000028EFD1D8F828003146E4F7B7FB00285F
:10455000E8D006460124422707E000BF4FF00009DB
:1045600001340F2C07F1020736D0F088E5B2294656
:10457000E6F758FC0128F3D1B8F83C002946E6F7E5
:1045800051FC0028ECD1B0883178ADF81200002041
:104590000290C81EC0B213280DF112010391DDD89C
:1045A0004DF63D71C0F20E01C140C907D6D04AF6A2
:1045B000C5414AF6D942C0F60601C0F60602095CBA
:1045C000105C8DF808108DF80900E5F705FF02A9C9
:1045D0003A46E6F737F9C1E7019C4FF0010A432755
:1045E00009E000BF4FF000090AF1010ABAF10F0F0C
:1045F00007F1020796D030895FFA8AF52946E6F777
:1046000011FC0128F0D1B8F83E002946E6F70AFC73
:104610000028E9D1B0883178ADF81200002002906E
:10462000C81EC0B213280DF112010391DAD84DF65D
:104630003D71C0F20E01C140C907D3D04AF6C54151
:104640004AF6D942C0F60601C0F60602095C105CC3
:104650008DF808108DF80900E5F7BEFE02A93A466C
:10466000E6F7F0F8BEE700BFB9F1010F88F838901F
:1046700005D005B0BDE8F08F012088F8380041F280
:104680008000C1F20000E4F71FFF05B0BDE8F08F25
:104690002DE9F04F89B041F2800AC1F2000ACDE95C
:1046A0000201BAF84400BAF84820BAF84C30BAF817
:1046B0002C101043184308404DF6576B00251FFA85
:1046C00080F84FF00109C0F6060BCDE90655CDE99B
:1046D00004552EE0032405200221F7F7EBFF049098
:1046E0000AEBC500B0F8521090F8502090F8513005
:1046F00090F8547049BA90F85560B0F8560041EA05
:10470000034147EA022241EA066142EA0040ADF86D
:104710001490ADF81650CDE90610E7F7B3FA21462C
:1047200000225B4604AF0097E7F77AFA01350F2DB8
:1047300010D0ECB240462146E6F774FB0128C9D000
:10474000BAF83C002146E6F76DFB0128EED10124C2
:10475000C1E700BFBAF84600BAF84A20BAF84E30AE
:10476000BAF82E101043184308404DF6576800253C
:104770001FFA80FB4FF00209C0F606082FE000BFC9
:10478000032405200221F7F795FF04900AEBC500EA
:10479000B0F8CA1090F8C82090F8C93090F8CC70E2
:1047A00049BA90F8CD60B0F8CE0041EA034147EA3B
:1047B000022241EA066142EA0040ADF81490ADF8E9
:1047C0001650CDE90610E7F75DFA21460022434670
:1047D00004AF0097E7F724FA01350F2D10D0ECB2A3
:1047E00058462146E6F71EFB0128C9D0BAF83E001C
:1047F0002146E6F717FB0128EED10124C1E700BFEF
:10480000029901295ED1039801285BD1DAF82800CA
:10481000E4F700FB002859D04DF6576883464FF067
:104820000009C0F60608002404E000BF0134E0B22D
:1048300058454BD2DAF82800E7B23946E4F73EFA99
:104840000028F3D00646C088E6F700FB318905460C
:104850000846E6F7FBFA41190806E7D09AF8240063
:10486000CDB23946E6F7D2F9074605200121F7F720
:1048700021FF049045EA0730ADF81490ADF816001A
:104880007088727840BA31783379767940EA02409C
:10489000BAF83A2043EA012140EA066041EA0241BF
:1048A000CDE90601E7F7EEF9012F4FF001014FF0D6
:1048B0000002434604AF08BF03210097E7F7B0F9B1
:1048C000B4E700BF31B1039800286FD009B0BDE84C
:1048D000F08F00BFDAF82800E4F79CFA0028F2D045
:1048E0004DF65769834600254FF6FF78C0F6060956
:1048F00004E000BF0135E8B25845E4D2DAF82800F8
:10490000E9B2E4F7DBF90028F4D00746BAF83C0036
:10491000F98880EA080011EA00041ED02046E6F774
:1049200095FA064605200321F7F7C4FE0121ADF8EC
:1049300014103978049046EA0120BAF83A10ADF81C
:1049400016000804CDE90640E7F79CF9042100228F
:104950004B4604AE0096E7F763F9BAF83E00398992
:1049600080EA080011EA0004C4D02046E6F76EFA97
:10497000064605200321F7F79DFE0221ADF814102D
:104980003978049046EA0120BAF83A10ADF81600DA
:104990000804CDE90640E7F775F9042100224B46EB
:1049A00004AF0097E7F73CF9A4E700BFDAF8280066
:1049B000E4F730FA0028014603903FF487AF4FF048
:1049C000000B23E005200421F7F774FE0221ADF867
:1049D0001410317804900298CDE9069440EA012041
:1049E000ADF81600E7F74EF94DF6576304210022A3
:1049F000C0F6060304AF0097E7F712F90BF1010BBD
:104A000003995FFA8BF08842BFF460AFDAF82800B0
:104A10005FFA8BF1E4F752F90028EFD00646BAF8B6
:104A20004000F1880840010400F07C8085B22846EF
:104A3000E6F70CFA002400274FF000084FF00009B9
:104A400002901DE091F855107279891A18BF012162
:104A500061F38200C4F1200220FA02F2B4F12001D5
:104A600058BF00FA01F200FA04F058BF002049EAEA
:104A7000020948EA000804343C2C07F1010735D04C
:104A8000F9B22846E6F7CEF90128F4D10AEB440141
:104A900091F8500033787278181A18BF01201AB9AB
:104AA000B3780BB9F37893B191F85130934211D1A7
:104AB00091F85220B3789A420CD191F85320F378B0
:104AC0009A424FF0000238BF012262F3410032796E
:104AD00032B902E00230327912B97379002BB9D0C1
:104AE00091F854309342ADD00430B3E7052004214F
:104AF000F7F7E0FD0121ADF8141031780490029829
:104B0000CDE9068940EA0120ADF81600E7F7BAF8CA
:104B10004DF6576304210022C0F6060304AF009748
:104B2000E7F77EF8BAF842003189084001043FF403
:104B300065AF85B22846E6F789F900274FF00008EF
:104B40004FF00009002402901EE000BF91F8CD1044
:104B50007279891A18BF012161F38200C7F120021E
:104B600020FA02F2B7F1200158BF00FA01F200FA70
:104B700007F058BF0020144349EA000904373C2FCE
:104B800008F101083FF41EAF5FFA88F12846E6F706
:104B900049F90128F2D10AEB470191F8C8003378AE
:104BA0007278181A18BF012022B9B37813B9F378B4
:104BB0009BB100BF91F8C930934211D191F8CA203E
:104BC000B3789A420CD191F8CB20F3789A424FF007
:104BD000000238BF012262F34100327932B902E0AB
:104BE0000230327912B97379002BB7D091F8CC30FA
:104BF0009342ABD00430B1E740F20F720240B2F5FD
:104C0000007F17D110B501F00101C0B241EAD00414
:104C1000E5F77AF82146E4F77BFE811F02294FF081
:104C20000001BDE8104002D3FF2818BFFF2148B2A1
:104C3000704700BFFF2148B27047000070B58AB0CE
:104C400000260C460546CDE90466CDE90266E5F787
:104C5000DBFA02AA2146E5F7ABFAB8B100201A2127
:104C6000F7F728FD2188069008BA000CADF81E0061
:104C7000207A0996C1074FF00201089608BF01216A
:104C80008DF81C10C0F3430029E000BF207A297979
:104C900000F00104481EB0FA80F0420902A9204643
:104CA00008F068FA50B300201821F7F703FD0690CA
:104CB00002989DF80E106FF31F3040EA0130ADF8F6
:104CC0001E0002A8E5F7B6FFCDE908010220002C7E
:104CD00008BF01209DF808108DF81C0008098DF808
:104CE0001D00E6F7CFFF06AE042100220023009648
:104CF000E6F796FFFF2040B20AB070BD002040B238
:104D00000AB070BD7047000044F60C31C1F20001DA
:104D10000A79002A18BF7047C0B201EB8000016910
:104D200011B18069084700BF7047000044F60C319C
:104D3000C1F200010A79012A0DD1C0B201EBC00015
:104D400090F82110002908BF7047203041780139C0
:104D50004170417801B17047406801210EF07CBA82
:104D6000704700007047000070B584B044F2D83539
:104D7000C1F20005687D48B14AF2D411C0F60601BF
:104D80000C68E86921460EF039FA08B104B070BD2C
:104D9000F0F724FD002122460026F0F73DFD002813
:104DA00041D10DF10F008DF80F600296CDE900663C
:104DB000AE7508F0FBFC95F83C0095F84C1085F8B2
:104DC0003D009DF80F0085F84D1000F00101C0F383
:104DD000400095F85C2085F84C00012085F83C10D7
:104DE00085F85C006846032185F85D2008F0F4FC36
:104DF00095F83C0001282DD095F84C00012835D0BD
:104E000095F85C00012807D1029805F16402286634
:104E10000220072108F0AEFC0120A875F0F7DEFCA7
:104E20000021F0F703FDE86900210EF015FAA87DD6
:104E30000128ABD1286A21460EF0E0F9686A18B162
:104E4000A96A09B1FAF7F4F9286A00210EF004FA08
:104E500004B070BD009805F14402286400200721C9
:104E600008F088FC95F84C000128C9D1019805F19B
:104E7000540228650120072108F07CFC95F85C00AD
:104E80000128C1D0C8E7000080B5E6F7FBFE4DF66B
:104E90007E6203A1C0F60602BDE88040E6F72CBFA3
:104EA00063616C6C6564205F7461736B776F726BA8
:104EB00065725F7374617274757028290000000058
:104EC000704700002DE9F04F85B04FF0000A00F563
:104ED000E7790C460546C0F8C8A14846C621FF221E
:104EE000CDF7B4F895F8E50285F8CCA10028C5E91E
:104EF0006EAAC5F8C0A1C5F8C4A100F0BF8005F531
:104F0000E670049005F5DC70039005F5DE70029004
:104F100005F5E07005F5E47B019005F5E2704FF0D2
:104F2000000800900FE000BFA0F1FE01022980F010
:104F3000898000BF08F1010895F8E5025FFA88F161
:104F4000814280F09B80D5F8D4025FFA88F6314622
:104F5000E3F7B4FE0028EDD0074620463146E5F7DA
:104F6000ABFF0028E6D0797801F00300022823D0B7
:104F70000128DFD1C1F380000BEB4000C1F3C30176
:104F8000E5F75CFFB878FD28CEDC022838D003288E
:104F900046D0042856D17878019AC0F38001C0F336
:104FA000C30041EA410109EB411100EB400001EB74
:104FB0004000868043E000BFB8780628BAD1049844
:104FC0000021E5F72FFE0120A5F88E6285F89202F8
:104FD00079780A1FD2B20B2A9EBF4FF0FF3000EB48
:104FE000910085F8920295F8B0114FF47A7251430E
:104FF000C5F8981285F894A285F895029AE700BF43
:105000007878039AC0F38001C0F3C30041EA4101FC
:1050100009EB411100EB400021F810600FE000BFE8
:105020007878029AC0F38001C0F3C30041EA4101DD
:1050300009EB411100EB400001EB4000468079781C
:1050400013E000BF7978C1F38002C1F3C30142EAE3
:10505000420209EB421201EB410102EB410101EB7B
:10506000400020F8046C7978009AC1F3800002EBCC
:105070004000C1F3C301E5F7E1FE5BE705B0BDE821
:10508000F08F00002DE9F04782B0044600F5D27899
:1050900043F20250012918BF0022A4F8A4010DF127
:1050A000070001264FF040098DF80720C4F8A80139
:1050B00004E000BF0E2E06F101061FD2B4F8C801AD
:1050C000F5B22946E5F7AEFEB4F8C4110746084626
:1050D0002946E5F7A7FE012F08BF0128EAD109F00C
:1050E000E10000EB4609E5F777F92AF0FF0141EA14
:1050F000090A41465246E5F7A5FBDBE749F00109FD
:10510000012603E00E2E06F101061FD2B4F8CA01F3
:10511000F7B23946E5F786FEB4F8C61105460846EB
:105120003946E5F77FFE012D08BF0128EAD109F0D5
:10513000E10000EB4609E5F74FF92AF0FF0141EAEB
:10514000090A41465246E5F77DFBDBE702B0BDE8C0
:10515000F08700000021C0F203210840401AB0FA95
:1051600080F04009704700002DE9F04F81B00446FF
:10517000B0F8C80120B9B4F8CA01002800F01381C2
:1051800044F602704FF0000904F5D278A4F8A401A7
:105190000DF1020001294FF001064FF0400A8DF891
:1051A00003208DF80290C4F8A80139D004E000BFB4
:1051B0000E2E06F101066FD2B4F8C801F5B22946E9
:1051C000E5F730FEB4F8C411074608462946E5F76E
:1051D00029FE012F08BF0028EAD10AF0E1008DF86E
:1051E000029000EB460AE5F7F7F82BF0FF0141EAE1
:1051F0000A0B41465A46E5F725FBD9E70AF0E100DC
:1052000000EB460AE5F7E8F82BF0FF0141EA0A0B4C
:1052100041465A46E5F716FB0E2E06F1010667D207
:10522000B4F8C801F7B23946E5F7FCFDB4F8C4118B
:10523000054608463946E5F7F5FD012D08BF00286B
:10524000EAD1B4F8B80139468DF80290E5F7EAFDE5
:10525000012805D19DF8020040F002008DF80200FF
:10526000B4F8BC013946E5F7DDFD012805D19DF80C
:10527000020040F008008DF80200B4F8C001394681
:10528000E5F7D0FD0128B9D19DF8020040F00400F7
:105290008DF80200B2E700BF4AF0010901264FF085
:1052A000000A03E00E2E06F1010675D2B4F8CA0119
:1052B000F5B22946E5F7B6FDB4F8C611074608462B
:1052C0002946E5F7AFFD012F08BF0028EAD109F014
:1052D000E1008DF802A000EB4609E5F77DF82BF020
:1052E000FF0141EA090B41465A46E5F7ABFAD9E717
:1052F0004AF0010901264FF0000A11E009F0E1002F
:1053000000EB4609E5F768F82BF0FF0141EA090BCD
:1053100041465A46E5F796FA0E2E06F101063BD2B3
:10532000B4F8CA01F7B23946E5F77CFDB4F8C61106
:10533000054608463946E5F775FD012D08BF0028EA
:10534000EAD1B4F8BA0139468DF802A0E5F76AFD52
:10535000012805D19DF8020040F002008DF80200FE
:10536000B4F8BE013946E5F75DFD012805D19DF889
:10537000020040F008008DF80200B4F8C20139467E
:10538000E5F750FD0128B9D19DF8020040F0040076
:105390008DF80200B2E700BFD4F8C8010021C4E9CB
:1053A000B600C4F8E01201B0BDE8F08F2DE9F04777
:1053B0008CB041F2C81A9146012AC1F2000A17D1F5
:1053C000064603208AF80C00EFF70CFE9AF80C2032
:1053D0000421EFF7F5FD9AF80200012812D141F2FD
:1053E000C810C1F200003146E7F730FE0AE000BF06
:1053F00005208AF80C00EFF7F5FD9AF80C2004213F
:10540000EFF7DEFD0020CAE95F00CAF88401CDE9AC
:105410000A00CDE90800CDE90600CDE90400FDF75A
:10542000B5FDFDF7BDFD45F279510DF110080346BC
:10543000C0F6050140465246E3F7F2F8B9F1010F14
:1054400020D102208AF8880105202921F7F732F9B6
:10545000CAF878010AF5BC74E6F714FC9AF88811CA
:105460004DF6A463C0F6060300220094E6F7D8FBCD
:105470009AF88A71002F70D0DAF8741100295DD182
:105480006BE000BFB9F1000F67D1DAF89801002195
:10549000E3F714FCE0B1DAF89801E3F7BBFCE8B1FC
:1054A00000260027002407E0DAF898010134E5B26D
:1054B000E3F7B0FC854213D2DAF89801E1B2E3F7E2
:1054C000FDFB0028F0D0C18800890E430743EBE7BD
:1054D000FF2040B20CB0BDE8F08700BF00270026D7
:1054E000E3F79CFDE3F790FD81884FF6FF72514092
:1054F000C28803894089314027EA020241EA024119
:105500001843CAE9601005202B210AF5BC74F7F78F
:10551000D1F8CAF8780104208AF88801E6F7B2FBCE
:105520009AF888114DF6A463C0F606030022009491
:10553000E6F776FBDAF8741179B1FF274CF2F00246
:10554000C0F60602DAF87001D2E900238AF8897100
:1055500001278DE88201F3F779FCDAF804202AB1FB
:1055600041F2C810C1F2000049469047002040B205
:105570000CB0BDE8F087000010B582B00446E6F735
:1055800081FB94F888114DF6A46304F5BC7CC0F649
:1055900006030022CDF800C0E6F742FBD4F87801FC
:1055A000F7F770F82B2803D1E3F738FDE3F772FE25
:1055B00094F88901FF2804D00138010684F8890194
:1055C00002D002B010BD00BFD4F8700102B0BDE837
:1055D0001040F3F7BDBC000070B542F29C05C4B2A8
:1055E000C1F2000505EB8406304650F8381F4A1C0E
:1055F00002D00139016009D029692046884705F1A8
:1056000058002146BDE87040E5F72CBCE96820460B
:10561000884705F158002146E5F708FCB069BDE868
:105620007040F3F795BC00004FF0FF30704700006A
:105630004FF0FF30704700004FF0FF307047000020
:105640004FF0FF307047000070B5044640894FF6B8
:10565000FF7188420CD0206A30B14168002219B134
:105660000A60216270BD00BF0021216270BD00BFD1
:10567000EAF794FC04210C220123EAF799FCA189A2
:1056800000F10805052906460ED3EAF787FCA28932
:1056900004210123EAF78CFC2269286062B1616968
:1056A0009047304670BD00BF22695AB161692846F3
:1056B0009047304670BD00BFA189CCF7CFFC304683
:1056C00070BD00BF2846CCF7C9FC304670BD000055
:1056D0000021C0F201210840401AB0FA80F04009D0
:1056E00070470000F0B58DB041F2B0451446064653
:1056F000012AC1F2000513D103202873EFF772FCD1
:105700002A7B0221EFF75CFCA878012810D141F236
:10571000B040C1F200003146E9F742FB08E000BFAB
:1057200005202873EFF75EFC2A7B0221EFF748FC87
:105730000020A5F87C01717ACDE90A00C1F343028B
:1057400001F0010142EA0121A5F87E11B188327A07
:1057500049BAF37941EA024141EA036143F3C012D5
:10576000C5E96012CDE90800CDE90600CDE90400E5
:10577000FDF70CFCFDF714FC45F67D0104AF034674
:10578000C0F6050138462A46E2F74AFF012C1DD132
:10579000022085F8880105200A21F6F78BFFC5F85D
:1057A000780105F5BC76E6F76DFA95F888114DF6A7
:1057B0006A63C0F6060300220096E6F731FA95F810
:1057C0008A6176B3D5F87411E1B92AE04CBB0520A3
:1057D0000B21F6F76FFFC5F87801042005F5BC76BC
:1057E00085F88801E6F74EFA95F888114DF66A6358
:1057F000C0F6060300220096E6F712FAD5F87411F7
:1058000079B1FF264CF2F002C0F60602D5F870011D
:10581000D2E9002385F8896101268DE8C200F3F7FB
:1058200015FB6A682AB141F2B040C1F2000021467E
:10583000904700200DB0F0BD80B586B00020CDE9C6
:105840000400CDE9020004200221F6F733FF0290A4
:10585000E6F718FA0DF1080C04A204210023CDF894
:1058600000C0E6F7DDF906B080BD00BF6D61697369
:105870002074696D656F75740000000010B582B00A
:105880000446E6F7FFF994F888114DF66A6304F5CB
:10589000BC7CC0F606030022CDF800C0E6F7C0F9D4
:1058A000D4F87801F6F7EEFE0B2803D1E3F7B6FB48
:1058B000E3F7F0FC94F88901FF2804D001380106D1
:1058C00084F8890102D002B010BD00BFD4F8700185
:1058D00002B0BDE81040F3F73BBB00002DE9F043F8
:1058E00087B042F24806C1F2000614468946D6E95E
:1058F0001121074610469846FDF79CFD03301CD148
:10590000B06C44F6D351C1F26201A0FB010100204A
:1059100005228909CDE904000292ADF80E10ADF818
:105920000C00E6F7AFF94DF6F14302AD3DA2C0F62B
:10593000060305210095E6F773F9082F42D8DFE842
:1059400007F00519254137414141050009F10700DC
:10595000B6F84010C20802FB0410336BB0EBD30F53
:1059600030D8736B624303EBC107A6F84000D00048
:1059700032E000BF728FB06904FB0921814221D857
:10598000F36904FB09F09F18718725E009F1010014
:10599000B18F420802FB0410336AB0EB530F11D8E9
:1059A000736A624303EB4107B087500014E000BF05
:1059B00009F10300F18F820802FB0410B36AB0EB17
:1059C000930F03D9706CFDF727FD0FE0F36A624374
:1059D00003EB8107F0879000C8F80000706CFDF7BA
:1059E0001BFD1FB1384607B0BDE8F0830420002737
:1059F000029004FB09F0CDE90477ADF80E00ADF894
:105A00000C70E6F73FF94DF6F14302AE11A2C0F675
:105A1000060305210096E6F703F9384607B0BDE80E
:105A2000F08300BF735F656F5F6D656D706F6F6C46
:105A30005F6765745F73746174696328293A206DC8
:105A4000757465785F74616B65282920746F75744F
:105A500000000000735F656F5F6D656D706F6F6C48
:105A60005F6765745F73746174696328293A206E97
:105A70006F206D6F7265206D656D0000002908BF95
:105A800070472DE9F04186B041F27066C1F2000620
:105A9000707A002800F096800C4608460121E5F750
:105AA000B5F94AF2D4180128C0F6060814D1D8F87E
:105AB0000050EFF793FE00212A46EFF7ADFE58B9EC
:105AC000707D69468DF80000002007F050FFEFF769
:105AD00085FE0021EFF7AAFE20460221E5F796F9A0
:105AE00001285FD1D8F8005000270297CDE9007750
:105AF000EFF774FE00212A46EFF78EFE50B1E6F76D
:105B0000C1F84DF69A6238A1C0F60602E6F7F4F83D
:105B100048E000BF0DF1160105AA0DF112030020A7
:105B2000B772ADF81670ADF81470ADF8127007F0DA
:105B300021FF38B10020B072EFF750FE0021EFF7DF
:105B400075FE2FE0FDF71EFDFDF72CFD01900020F6
:105B5000BDF816108DF80000BDF81400ADF80A105D
:105B6000BDF81210ADF80C000120ADF80E10B072A7
:105B7000EFF734FE0021EFF759FE706829460DF06B
:105B80003DFB78B93068F4F7ABFA012802D13068F0
:105B9000F4F7C8FB30686946F4F7F2FB706803213C
:105BA0000DF05AFB20460421E5F730F9012809D110
:105BB000D8F80040EFF712FE002122460024EFF74C
:105BC0002BFE18B106B0BDE8F0417047002007F089
:105BD000CBFE7472EFF702FE0021EFF727FE06B04E
:105BE000BDE8F041704700BF69326333206973201C
:105BF000627573790000000080B5E6F743F84DF652
:105C00009A6203A1C0F60602BDE88040E6F774B8C8
:105C100063616C6C6564205F7461736B776F726B2A
:105C200065725F73746172747570282900000000DA
:105C30002DE9F04F91B093460D46044631B3287BD1
:105C400001287DD05846F9F71BFD18B1024620689F
:105C500029699047012000222873CDE90F22CDE960
:105C60000D22CDE90B22688994F804800890206801
:105C70000021079094F82000CDE90912032819D0DB
:105C800002281BD104F10C0016E000BFBBF1070F86
:105C900056D804EB4B00018A4FF6FF7081424FD07B
:105CA000A068F4F7D1F900284AD00568002DC6D1C4
:105CB00046E000BF05F114000068099008980595BA
:105CC00000283DD00026069404E000BF0898013665
:105CD000B04235D094F82000042806D10598B1B21E
:105CE0008069F4F7B1F90068099040465946324698
:105CF000F9F7FCFD05460130E8D040462946FCF79F
:105D0000ABFE04465846FCF799FE814640462946BC
:105D1000FCF7A4FF824640462946FCF7C5FE8DE805
:105D200020060AAF0799099D03903846424623464C
:105D3000069C0495ECF7D6F93846ECF757F9C5E719
:105D400011B0BDE8F08F00002DE9F04182B00546AA
:105D5000887AAF7F904678400A7A4B7A00F01F002D
:105D6000B0FA80F052EA03074FEA501006D02F7FB6
:105D70006E7F7A4073401A4318BF00204A798B79AE
:105D800052EA030702D1CB795BB100236F7EAE7E6E
:105D90007A407340EC7E1A4318BF0020C979A142B3
:105DA00006D128B101260027B8F1000F22D124E046
:105DB000042085F8880100260520472105F5BC77D9
:105DC000A5F87E61C5E96066F6F774FCC5F8780150
:105DD000A5F87C61E5F756FF95F888114DF6CF637D
:105DE000C0F6060300220097E5F71AFF0127B8F175
:105DF000000F02D028463146C047784202B0BDE8C5
:105E0000F08100000021C0F205210840401AB0FADC
:105E100080F04009704700002DE9F0478CB09146B2
:105E20000646E5F72FFF4DF6CF627DA1C0F60602CC
:105E3000E5F762FF41F2906AB9F1010FC1F2000A81
:105E400016D103208AF80C00EFF7CCF89AF80C2052
:105E50000721EFF7B5F89AF80200012812D141F2B4
:105E60009060C1F200003146ECF7EEFD0AE000BFA1
:105E700005208AF80C00EFF7B5F89AF80C200721F6
:105E8000EFF79EF80020AAF87C01B17ACDE90A006C
:105E9000C1F3430201F0010142EA0121AAF87E1197
:105EA000B6F80510727A49BA337A41EA024141EAFA
:105EB000036143F3C012CAE96012CDE90800CDE9DD
:105EC0000600CDE90400FDF761F8FDF769F846F238
:105ED0004D010DF110080346C0F60501404652463B
:105EE000E2F79EFBB9F1010F20D102208AF8880168
:105EF00005204521F6F7DEFBCAF878010AF5BC74E7
:105F0000E5F7C0FE9AF888114DF6CF63C0F6060398
:105F100000220094E5F784FE9AF88A71002F70D071
:105F2000DAF8741100295DD16BE000BFB9F1000F00
:105F300067D1DAF898010021E2F7C0FEE0B1DAF8A3
:105F40009801E2F767FFE8B100260027002407E088
:105F5000DAF898010134E5B2E2F75CFF854213D22A
:105F6000DAF89801E1B2E2F7A9FE0028F0D0C18882
:105F700000890E430743EBE7FF2040B20CB0BDE8B9
:105F8000F08700BF00270026E3F748F8E3F73CF866
:105F900081884FF6FF725140C288038940893140A1
:105FA00027EA020241EA02411843CAE960100520CB
:105FB00046210AF5BC74F6F77DFBCAF87801042087
:105FC0008AF88801E5F75EFE9AF888114DF6CF63EE
:105FD000C0F6060300220094E5F722FEDAF87411F9
:105FE00079B1FF274CF2F002C0F60602DAF8700130
:105FF000D2E900238AF8897101278DE88201F2F73E
:1060000025FFDAF804202AB141F29060C1F20000C5
:1060100049469047002040B20CB0BDE8F08700BF71
:1060200063616C6C65643A20735F656F5F706F735A
:106030005F6F6E73746F705F7365617263683463F2
:10604000616E626F617264732829000010B582B0BE
:106050000446E5F717FE94F888114DF6CF6304F572
:10606000BC7CC0F606030022CDF800C0E5F7D8FDE1
:10607000D4F87801F6F706FB462803D1E2F7CEFF05
:10608000E3F708F994F88901FF2804D001380106E4
:1060900084F8890102D002B010BD00BFD4F87001AD
:1060A00002B0BDE81040F2F753BF00002DE9F04107
:1060B00082B00546487A6E7F90468F7AAC7FEA7F41
:1060C0007040CE7A674072403A43104391F807C05F
:1060D0000B7A00F01F00B0FA80F05CEA03024FEA8E
:1060E000501007D0EA7E2F7F82EA0C027B401A43D1
:1060F00018BF00200A794B7952EA030702D18B7945
:106100005BB100232F7E6E7E7A407340AC7E1A43D3
:1061100018BF00208979A14206D128B101260027A5
:10612000B8F1000F22D124E0042085F88801002670
:106130000520362105F5BC77A5F87E61C5E96066C6
:10614000F6F7B8FAC5F87801A5F87C61E5F79AFD8D
:1061500095F888114DF6C663C0F606030022009735
:10616000E5F75EFD0127B8F1000F02D02846314661
:10617000C047784202B0BDE8F081000000F0017035
:10618000A0F10170B0FA80F0400970472DE9F047A6
:106190008CB091460646E5F775FD4DF6C6627CA1CA
:1061A000C0F60602E5F7A8FD41F6680AB9F1010F4D
:1061B000C1F2000A16D103208AF80C00EEF712FF94
:1061C0009AF80C200621EEF7FBFE9AF8020001284F
:1061D00012D141F66800C1F200003146EDF7D0FB64
:1061E0000AE000BF05208AF80C00EEF7FBFE9AF8E3
:1061F0000C200621EEF7E4FE0020AAF87C01717A5B
:10620000CDE90A00C1F3430201F0010142EA012194
:10621000AAF87E11B188327A49BAF37941EA02418B
:1062200041EA036143F3C012CAE96012CDE90800F4
:10623000CDE90600CDE90400FCF7A8FEFCF7B0FEAE
:1062400046F2BD310DF110080346C0F60501404687
:106250005246E2F7E5F9B9F1010F1FD102208AF8A1
:10626000880105203421F6F725FACAF878010AF5E5
:10627000BC74E5F707FD9AF888114DF6C663C0F6C1
:10628000060300220094E5F7CBFC9AF88A71002FF0
:106290006FD0DAF8741100295CD16AE0B9F1000F0F
:1062A00067D1DAF898010021E2F708FDE0B1DAF8E9
:1062B0009801E2F7AFFDE8B100260027002407E0CF
:1062C000DAF898010134E5B2E2F7A4FD854213D271
:1062D000DAF89801E1B2E2F7F1FC0028F0D0C188C9
:1062E00000890E430743EBE7FF2040B20CB0BDE846
:1062F000F08700BF00270026E2F790FEE2F784FE59
:1063000081884FF6FF725140C2880389408931402D
:1063100027EA020241EA02411843CAE96010052057
:1063200035210AF5BC74F6F7C5F9CAF878010420DE
:106330008AF88801E5F7A6FC9AF888114DF6C6633D
:10634000C0F6060300220094E5F76AFCDAF874113F
:1063500079B1FF274CF2F002C0F60602DAF87001BC
:10636000D2E900238AF8897101278DE88201F2F7CA
:106370006DFDDAF804202AB141F66800C1F2000090
:1063800049469047002040B20CB0BDE8F08700BFFE
:1063900063616C6C65643A20735F656F5F707363F3
:1063A0005F6F6E73746F705F73656172636834637F
:1063B000616E626F617264732829000010B582B04B
:1063C0000446E5F75FFC94F888114DF6C66304F5C2
:1063D000BC7CC0F606030022CDF800C0E5F720FC27
:1063E000D4F87801F6F74EF9352803D1E2F716FE16
:1063F000E2F750FF94F88901FF2804D00138010624
:1064000084F8890102D002B010BD00BFD4F8700139
:1064100002B0BDE81040F2F79BBD000000F04070F4
:1064200000F17D40B0FA80F040097047F0B58DB0C2
:1064300041F64025C1F20005D5F8981106460846F8
:1064400000211446E2F73AFCB0B10746012C17D1FF
:1064500003202873EEF7C6FD2A7B0321EEF7B0FD7B
:10646000A878012814D141F64020C1F2000031463D
:10647000EFF782FA0CE000BFFF2040B20DB0F0BD94
:1064800005202873EEF7AEFD2A7B0321EEF798FD79
:106490000020A5F87C01B17AA5F87E11B6F80510A8
:1064A000727A49BA337A41EA02411A0641EA036133
:1064B000FB883E8943EAE27242EA0642C5E960127D
:1064C000CDE90A00CDE90800CDE90600CDE90400D8
:1064D000FCF75CFDFCF764FD46F2CD5104AE0346CB
:1064E000C0F6050130462A46E2F79AF8012C1FD182
:1064F000022085F8880105200521F6F7DBF8C5F8AC
:10650000780105F5BC77E5F7BDFB95F888114DF6E8
:106510007463C0F6060300220097E5F781FB95F847
:106520008A71002F46D0D5F8741199BB42E000BFA4
:10653000002C3FD1E2F772FDE2F766FD82884FF64C
:10654000FF73F9885A403B89C788114023EA070244
:106550000389408941EA02411843C5E960100520DA
:10656000072105F5BC77F6F7A5F8C5F878010420F2
:1065700085F88801E5F786FB95F888114DF6746378
:10658000C0F6060300220097E5F74AFBD5F8741120
:1065900081B1FF274CF2F002C0F60602D5F8700177
:1065A000D2E9002385F889710127CDE90017029609
:1065B000F2F74CFC6A682AB141F64020C1F20000B3
:1065C00021469047002040B20DB0F0BD10B582B01A
:1065D0000446E5F757FB94F888114DF6746304F50B
:1065E000BC7CC0F606030022CDF800C0E5F718FB1E
:1065F000D4F87801F6F746F8072803D1E2F70EFD44
:10660000E2F748FE94F88901FF2804D0013801061A
:1066100084F8890102D002B010BD00BFD4F8700127
:1066200002B0BDE81040F2F793BC000010B504467C
:10663000FCF72CFE21461022BDE81040FCF70ABEF4
:10664000C0F3406070470000F0B58DB041F61845CA
:1066500014460646012AC1F2000513D1032028730F
:10666000EEF7C0FC2A7B0121EEF7AAFCA8780128EE
:1066700010D141F61840C1F200003146F0F708FF92
:1066800008E000BF05202873EEF7ACFC2A7B01214F
:10669000EEF796FC0020A5F87C01B17A0123C1F346
:1066A000430201F0010142EA0121A5F87E1131798E
:1066B000327A0C2908BF0223110643EAE171B6F8C9
:1066C0000530777A5BBA43EA074343EA0262C5E9D9
:1066D0006021CDE90A00CDE90800CDE90600CDE949
:1066E0000400FCF753FCFCF75BFC46F6E90104AF41
:1066F0000346C0F6050138462A46E1F791FF012C12
:106700001ED1022085F8880105200821F5F7D2FF67
:10671000C5F8780105F5BC76E5F7B4FA95F8881167
:106720004DF68E63C0F6060300220096E5F778FA70
:1067300095F88A617EB3D5F87411E9B92BE000BFF2
:106740004CBB05200921F5F7B5FFC5F878010420F9
:1067500005F5BC7685F88801E5F794FA95F8881177
:106760004DF68E63C0F6060300220096E5F758FA50
:10677000D5F8741179B1FF264CF2F002C0F606028A
:10678000D5F87001D2E9002385F8896101268DE8EA
:10679000C200F2F75BFB6A682AB141F61840C1F209
:1067A00000002146904700200DB0F0BDB0B588B084
:1067B00041F61845C1F20005D5F8B41100295ED0A4
:1067C000447A00F10A0201F1080021460123E2F7B0
:1067D00033FA2878012852D1042C15D8601C8DF882
:1067E000080041F60200A5F8A40102A805F5D2743C
:1067F000C5F8A801E3F7F0FDD5F8AC212146E3F791
:10680000C9FF08B0B0BD00BFD5F8B02142B141F614
:106810001840C1F200000121904708B0B0BD00BF90
:106820004CF21810C0F6060090E82E00D0E90440A3
:106830000DF1080CCDE9064004208CE82E008DF8FF
:1068400009001020ADF80A000220002100220323D5
:106850000024F8F733FECDE90304F5F7FDFF02A9A4
:10686000F6F748FA58B1E5F70DFA4BF26055C0F665
:10687000060504A2042100230095E5F7D1F908B02C
:10688000B0BD00BF63616E6E6F74207369673C7347
:10689000747261696E2E66756C6C7363616C653EB3
:1068A0000000000080B586B00020CDE90400CDE9ED
:1068B000020004200321F5F7FDFE0290E5F7E2F95E
:1068C0000DF1080C04A204210023CDF800C0E5F767
:1068D000A7F906B080BD00BF73747261696E207441
:1068E000696D656F7574000010B582B00446E5F7F8
:1068F000C9F994F888114DF68E6304F5BC7CC0F696
:1069000006030022CDF800C0E5F78AF9D4F8780133
:10691000F5F7B8FE092803D1E2F780FBE2F7BAFCED
:1069200094F88901FF2804D00138010684F8890110
:1069300002D002B010BD00BFD4F8700102B0BDE8B3
:106940001040F2F705BB00002DE9F04F81B001299E
:106950004FF0000108BF11468DF8031041F2883155
:106960004FF47A7312FB0311C0F8EC1143F60221C5
:106970004FF0000B00F5D274A0F8A4110DF1030143
:1069800000F5DA7640274FF00D084FF00E094FF072
:10699000010AC0F8A81107E04FF0010B5FEACA70C6
:1069A0004FF0000A00F02A8127F0010136F81B00A1
:1069B00041EA0B070121E4F735FA01280DD1012046
:1069C00060F34407E3F708FD07F0E30125F0FF0259
:1069D000551821462A46E3F735FF36F81B000221F9
:1069E000E4F720FA01280DD1022060F34407E3F711
:1069F000F3FC07F0E50125F0FF02551821462A4671
:106A0000E3F720FF36F81B000321E4F70BFA012817
:106A10000DD1032060F34407E3F7DEFC07F0E70144
:106A200025F0FF02551821462A46E3F70BFF36F8FA
:106A30001B000421E4F7F6F901280DD1042060F3CE
:106A40004407E3F7C9FC07F0E90125F0FF025518F8
:106A500021462A46E3F7F6FE36F81B000521E4F747
:106A6000E1F901280DD1052060F34407E3F7B4FCF8
:106A700007F0EB0125F0FF02551821462A46E3F7FF
:106A8000E1FE36F81B000621E4F7CCF901280DD110
:106A9000062060F34407E3F79FFC07F0ED0125F0C3
:106AA000FF02551821462A46E3F7CCFE36F81B00B4
:106AB0000721E4F7B7F901280DD1072060F3440757
:106AC000E3F78AFC07F0EF0125F0FF025518214695
:106AD0002A46E3F7B7FE36F81B000821E4F7A2F9CF
:106AE00001280DD1082060F34407E3F775FC07F097
:106AF000F10125F0FF02551821462A46E3F7A2FED0
:106B000036F81B000921E4F78DF901280DD1092081
:106B100060F34407E3F760FC07F0F30125F0FF02A0
:106B2000551821462A46E3F78DFE36F81B000A2148
:106B3000E4F778F901280DD10A2060F34407E3F760
:106B40004BFC07F0F50125F0FF02551821462A46B7
:106B5000E3F778FE36F81B000B21E4F763F9012810
:106B60000DD10B2060F34407E3F736FC07F0F70183
:106B700025F0FF02551821462A46E3F763FE36F852
:106B80001B000C21E4F74EF901280DD10C2060F315
:106B90004407E3F721FC07F0F90125F0FF0255183F
:106BA00021462A46E3F74EFE36F81B000D21E4F796
:106BB00039F901280CD168F34407E3F70DFC07F01D
:106BC000FB0125F0FF02551821462A46E3F73AFE5D
:106BD00036F81B000E21E4F725F901287FF4DCAE1E
:106BE00069F34407E3F7F8FB07F0FD0125F0FF0226
:106BF000551821462A46E3F725FECDE601B0BDE84B
:106C0000F08F00000021C0F202210840401AB0FAC3
:106C100080F04009704700002DE9F0478CB041F644
:106C2000D85A9146012AC1F2000A17D1064603201C
:106C30008AF80C00EEF7D6F99AF80C200521EEF749
:106C4000BFF99AF80200012812D141F6D850C1F2DA
:106C500000003146F1F70AF80AE000BF05208AF883
:106C60000C00EEF7BFF99AF80C200521EEF7A8F911
:106C70000020CAE95F00CAF88401CDE90A00CDE925
:106C80000800CDE90600CDE90400FCF77FF9FCF728
:106C900087F946F6E5510DF110080346C0F60501E7
:106CA00040465246E1F7BCFCB9F1010F20D1022069
:106CB0008AF8880105202E21F5F7FCFCCAF8780136
:106CC0000AF5BC74E4F7DEFF9AF888114DF6B46358
:106CD000C0F6060300220094E4F7A2FF9AF88A7136
:106CE000002F70D0DAF8741100295DD16BE000BF7D
:106CF000B9F1000F67D1DAF898010021E1F7DEFF62
:106D0000E0B1DAF89801E2F785F8E8B1002600274B
:106D1000002407E0DAF898010134E5B2E2F77AF8E6
:106D2000854213D2DAF89801E1B2E1F7C7FF0028F3
:106D3000F0D0C18800890E430743EBE7FF2040B243
:106D40000CB0BDE8F08700BF00270026E2F766F927
:106D5000E2F75AF981884FF6FF725140C2880389E1
:106D60004089314027EA020241EA02411843CAE958
:106D70006010052030210AF5BC74F5F79BFCCAF8B9
:106D8000780104208AF88801E4F77CFF9AF88811DA
:106D90004DF6B463C0F6060300220094E4F740FF0A
:106DA000DAF8741179B1FF274CF2F002C0F606024E
:106DB000DAF87001D2E900238AF8897101278DE899
:106DC0008201F2F743F8DAF804202AB141F6D850EC
:106DD000C1F2000049469047002040B20CB0BDE827
:106DE000F087000010B582B00446E4F74BFF94F83A
:106DF00088114DF6B46304F5BC7CC0F6060300228E
:106E0000CDF800C0E4F70CFFD4F87801F5F73AFCB0
:106E1000302803D1E2F702F9E2F73CFA94F889014D
:106E2000FF2804D00138010684F8890102D002B09D
:106E300010BD00BFD4F8700102B0BDE81040F2F7F9
:106E400087B8000070B50546084614460E46F8F7A8
:106E500029FB012804D13046F8F726FB022805D18A
:106E6000082000212170285870BD00BF3046F8F777
:106E70001FFB022106284FF0100038BF012138BF48
:106E80000C202170285870BD426A4B6A9A4218BF84
:106E9000704789884288511A4180704770B505460D
:106EA0006A88406A0C461146EDF746FF6978064647
:106EB000C90705D006F1080105F10800EBF70AF94A
:106EC000E8884FF6FF71884208BF70BDD4E91412FC
:106ED000331831505A6070BD80B5B0F894C0B0F826
:106EE00096E0B0F89830022908D0012904D0002992
:106EF00008BF944403E000BF964400E013441FFA27
:106F00008EF19AB2914288BF0A4612FA8CF1B0F81B
:106F10009C200020914298BF012080BD02290FD003
:106F2000012907D089B9B0F894101144A0F8941041
:106F30000BE000BFB0F896101144A0F8961004E0E2
:106F4000B0F898101144A0F89810B0F89610B0F866
:106F50009820B0F89430914288BF0A46D118A0F822
:106F60009A10704700694968401A18BF4FF0FF3007
:106F7000704700002DE9F0438BB00446F0B10E4697
:106F8000E1B14CF20C10C0F60600D0F800901846A3
:106F900049461F469046FCF74DFA4046EDF792FCF5
:106FA00005463846FCF738FA95B1606A716802AA5E
:106FB000EBF7D4FAA0B103200BE000BF002C1CBFFC
:106FC00001206067FE2568B20BB0BDE8F08300BF0A
:106FD00002206067FF2568B20BB0BDE8F08300BFF8
:106FE00002A8EBF771F8717870800846EDF7DAFBCC
:106FF00001281FD17078002101220025EDF798FBB0
:10700000E0B1B068D8B9E4F73DFE4BF260574EF6F8
:1070100017724DF61173C0F60607C0F60602C0F6E9
:10702000060304210097E4F7FBFDFF2568B20BB0CF
:10703000BDE8F0830020B060708000E0B560606E55
:107040004946FCF7F7F9D4E907300DF12A0502A902
:1070500032460095E1F7B2FC50B10546606E04215E
:107060006167FCF7D9F968B20BB0BDE8F08300BFE7
:1070700038464946FCF7DEF9E1690DF1260000903B
:107080000AAB404600224FF00009EDF763FC0546CD
:107090003846FCF7C1F9606EFCF7BEF9B5B1BDF832
:1070A0002800BDF82610ADF80690C4E91E010DF1C8
:1070B00006014046EDF7F4FBBDF80600C4F8800079
:1070C0000520606768B20BB0BDE8F08330788006B9
:1070D00017D5A06AA8B13146E3F7F2FE88B1E4F70C
:1070E000D1FD4BF260574EF664724DF61173C0F647
:1070F0000607C0F60602C0F6060304210097E4F76F
:107100008FFD002568B20BB0BDE8F083002804BFF6
:107110006FF00100704744F61470C1F2000040683F
:10712000FCF7E4BB7047000010B586B014480DF1C1
:10713000080C019012A0031D00690ECB059001A858
:107140008CE80E00E7F7CAF9F5F702FF044628308D
:10715000F5F78CFBF7F712FBE16A4AF22012C0F256
:107160000702F7F713FD0446E7F7AEF900211CB15B
:10717000E7F786FA06B010BDE7F7AAFA06B010BD29
:107180003F000000D5D9050861DA050821DA0508B5
:10719000A1DA05082DE9F04385B040F6E87980468C
:1071A000C1F2000900200E46D9E902570290ADF85D
:1071B000060008460221E3F729FE01282AD127B359
:1071C00004A90DF10E023846EBF764FA99F81400A1
:1071D000049C18B1D9F81000844211D0002089F81D
:1071E0001400C9F81040F7F7C9FA44F64032C0F26B
:1071F0004C022146F7F7CAFC38B9012089F814007F
:10720000D9F804003946EFF7D9FED9F8300000214B
:107210000CF022F830460121E3F7F8FD01284AD1AD
:107220004CF21011C0F60601D9F804000A6829468C
:10723000EFF748FD90BBF5F7EBFF2946F6F730F87E
:1072400060BBF5F7E5FF02A9F5F7ECFF30BB029D47
:1072500025B304A90DF10E022846EBF71BFA99F8A5
:107260001400049C18B1D9F81000844211D00020F9
:1072700089F81400C9F81040F7F780FA44F6403254
:10728000C0F24C022146F7F781FC38B9012089F899
:107290001400D9F804002946EFF790FED9F804004D
:1072A0000DF10601EFF7D6FEBDF8060018B1404615
:1072B0000121F7F7BDFF05B0BDE8F083B0B58CB094
:1072C00004AC0246002520460121CDE90A55CDE94E
:1072D0000855CDE90655CDE90455E1F7AFF940F67B
:1072E000E871C1F200014868898C03220023CDE9CE
:1072F00000540295EFF7B0FDE4F7C4FC4DF645628B
:1073000003A1C0F60602E4F7F7FC0CB0B0BD00BF65
:1073100063616C6C6564205F7461736B5F7374612F
:10732000727475702829000070B588B00C46054647
:107330000020CDE90600ADF81600ADF81400ADF858
:1073400012000390029029B944F62800C1F200000F
:10735000F6F76AF820461021E3F758FD012805D119
:1073600044F62800C1F20000F6F75CF8204604213C
:10737000E3F74CFD012807D1F5F76EFA012108B0BB
:10738000BDE87040F5F780BC20460221E3F73EFDE2
:10739000012819D1F7F7BCF806A90DF11202002354
:1073A000F7F760F820B1F7F7B3F8F6F759F80BE004
:1073B000BDF8120040B1F6F71FFF069944F64032BF
:1073C000C0F24C02F7F718F820460121E3F71EFD42
:1073D000012844D144F62806C1F200060020ADF889
:1073E0000600ADF80400ADF80200B080F6F704FF27
:1073F00007A90DF11602F6F7CFFF80B9F7F788F865
:10740000079905AA02ABF7F713F928B1F7F780F847
:10741000F6F726F803E000BFBDF81400B08044F68C
:107420002800C1F20000F5F7FBFFF7F771F80DF146
:10743000060101AA0DF10203F7F7EEF8BDF8060008
:10744000BDF80410C84203D028460221F7F7F0FE29
:10745000BDF8160018B128460121F7F7E9FE2046CD
:107460002021E3F7D3FC012805D144F62800C1F21E
:107470000000F5F7DBFF20464021E3F7C7FC0128B9
:1074800005D144F62800C1F20000F5F7D7FF2046E9
:107490008021E3F7BBFC012805D144F62800C1F2A6
:1074A0000000F5F7D3FF20464FF48071E3F7AEFC00
:1074B000012805D144F62800C1F20000F5F7CEFFFF
:1074C00020460821E3F7A2FC012804D1F5F7C4F90E
:1074D0000021F5F7D9FB08B070BD000080B5E4F7D6
:1074E000D1FB4DF6F55203A1C0F60602BDE880407F
:1074F000E4F702BC63616C6C6564205F7461736B5C
:107500005F7374617274757028290000F0B585B0DE
:1075100041F21C070446C1F200070020BD6802903A
:10752000ADF8060008460121E3F770FC012842D1BE
:107530004CF21011C0F6060178680A682946EFF788
:10754000C1FB60BBF6F746F82946F6F7AFF830BB4B
:10755000F6F740F802A9F6F747F800BB029DF5B12F
:1075600004A90DF10E022846EBF794F8387D049E2D
:1075700010B1386986420ED0002038753E61F7F7A9
:10758000FDF844F64032C0F24C023146F7F7FEFAFD
:1075900028B90120387578682946EFF70FFD78681B
:1075A0000DF10601EFF756FDBDF8060018B12046B3
:1075B0000121F7F73DFE05B0F0BD0000B0B58CB07D
:1075C00004AC0246002520460121CDE90A55CDE94B
:1075D0000855CDE90655CDE90455E1F72FF841F2FC
:1075E0001C01C1F200014868898C03220023CDE907
:1075F00000540295EFF730FCE4F744FB4DF60B62C4
:1076000003A1C0F60602E4F777FB0CB0B0BD00BFE3
:1076100063616C6C6564205F7461736B5F7374612C
:1076200072747570282900002DE9F04194B08046ED
:1076300000200C46CDE91200ADF84600ADF844003C
:10764000ADF84200CDE90E0008464FF08071E3F737
:10765000DDFB44F298260128C1F2000613D1306800
:107660003746013057F8185F3060E4F70BFB4DF6F2
:1076700026630421C0F606030022092D08BF01215C
:107680000097E4F7CDFA20464FF00051E3F7BEFB38
:10769000012814D1F6F73CFF12A90DF14202002394
:1076A000F6F7E0FE58B9BDF8420040B1F6F7A4FD88
:1076B000129944F64032C0F24C02F6F79DFE204685
:1076C0000121E3F7A3FB012834D10020ADF810001D
:1076D000ADF83600ADF83400F6F78EFD13A90DF1C4
:1076E0004602F6F759FE58B9F6F712FF139911AA98
:1076F0000EABF6F79DFF139906F10800F6F752F965
:10770000F6F706FF04A90DF136020DABF6F784FF7C
:10771000BDF81000BDF83610C84204D040464FF006
:107720000051F7F785FDBDF8460018B1404601212C
:10773000F7F77EFD20464FF08041E3F767FB012815
:1077400026D1F068F1F700FB012821D00020B268B3
:1077500004AD0B90CDE90900CDE90700CDE90500A6
:10776000049028464FF08071E0F768FF4CF2F0017A
:10777000C0F60601D1E900234CF20811C0F606015B
:10778000F06809680127CDE900170295F1F75EFB63
:1077900020460221E3F73AFB012802D10220F6F746
:1077A00003F920460421E3F731FB012802D104202C
:1077B000F6F7FAF814B0BDE8F081000080B5E4F700
:1077C00061FA4DF6266203A1C0F60602BDE88040CC
:1077D000E4F792BA63616C6C6564205F7461736BEB
:1077E0005F737461727475702829000080B5002081
:1077F0000BF0B2FE20B1BDE880400BF07FBE00BFB1
:10780000002080BDF0B581B0A0B30E46B1B34AF2FE
:10781000D41144F63877C0F60601C1F200070C68AF
:107820003869214615460BF0BBFC4FF6E85038830B
:1078300048F2A060C0F20100C7E907600020B875F7
:10784000C7E90A00386801213D63397518B17868C5
:107850000421F7F7EDFC786B21460BF0CFFCB87DE7
:10786000441E386918BF6FF002040BF077FC60B259
:1078700001B0F0BDFE2460B201B0F0BDFF2460B2E3
:1078800001B0F0BD70B110B582B0102A0ED044F630
:107890003870C1F20000022A2ED140680221F7F7A9
:1078A000D1FC31E0FE2040B2704700BF44F638748E
:1078B0004AF2D412C1F20004C0F60602A06C1268AB
:1078C00000230BF063FBD8B144F25C20C1F200004E
:1078D000816801318160E4F7D5F94BF260544DF6CF
:1078E0009853C0F606040BA2C0F6060303210094C9
:1078F000E4F796F908E000BF4068114602E000BFD7
:1079000060681021F7F794FC002002B0BDE8104039
:1079100040B27047735F656F6D5F69706E65745FCD
:10792000416C65727428293A2063616E7420707509
:107930007420696E207478206669666F000000000C
:107940002DE9F04182B000284FF0FE0418BF002955
:1079500004D160B202B0BDE8F08100BF0546084620
:107960000F46EFF751F90446E4F78CF9B4FA84F1C5
:107970004BF260584DF698534909C0F6060833A2F9
:10798000C0F60603CDF80080E4F722F94AF2D411DC
:1079900044F63876C0F60601C1F200060C6830697C
:1079A00021460BF0FDFBA86918B1E7F75BF8012849
:1079B00002D1FF2442E000BF396838464A694ABB19
:1079C000897C012926D14CF20C11C0F606014068D1
:1079D0000A680DF10601E5F795F89DF8060000210B
:1079E0000130C0B20BF05AFC39684861E4F74AF93B
:1079F00039684EF2DF6249694DF69853C0F60602C7
:107A0000C0F60603002918BF0121CDF80080E4F775
:107A1000DFF83846F06100203063306802213175AC
:107A200018B170680421F7F703FC706B21460BF066
:107A3000E5FBB07D441E18BF6FF0020430690BF007
:107A40008DFB60B202B0BDE8F08100BF735F656F6F
:107A50006D5F69706E65745F417474616368536FC4
:107A6000636B657428293A206F6E6C7920646174A9
:107A7000616772616D20736F636B65740000000055
:107A8000F0B583B000284FF0FE0418BF002903D1E1
:107A900060B203B0F0BD00BF054608460F46EFF7E1
:107AA000B3F80446E4F7EEF8B4FA84F14BF260560A
:107AB0004DF698534909C0F606061CA2C0F6060307
:107AC0000096E4F785F84AF2D41144F63876C0F609
:107AD0000601C1F200060C68306921460BF060FB1C
:107AE000A8690297D0B102A9E6F78AFFB0B102985F
:107AF0003168F061002030634FF00300307519B138
:107B000070680421F7F794FB706B21460BF076FB4D
:107B1000B07D441E18BF6FF0020400E0FF243069FE
:107B20000BF01CFB60B203B0F0BD00BF735F656F6C
:107B30006D5F69706E65745F446574616368536FEF
:107B4000636B657428293A206F6E6C7920646174C8
:107B5000616772616D20736F636B65740000000074
:107B600070B582B00446FD20DDF818C08DF807001E
:107B70002068407C012801D102B070BD44F6387500
:107B8000C1F20005B2F800E0286C5668194662465A
:107B900073460096EAF7A6FD6068D5E91012E5F78E
:107BA00067F88DF807009DF80700B8B144F25C2033
:107BB000C1F20000416801314160E4F763F84BF223
:107BC00060564DF69853C0F606060EA2C0F60603A0
:107BD00003210096E4F724F802B070BD20684CF24F
:107BE0001011C0F6060180680968E0F7C3FC206840
:107BF000817C0129C0D14069002102B0BDE87040FC
:107C00000BF02ABB735F656F6D5F69706E65745FA3
:107C10004F6E526563657074696F6E44617461671D
:107C200072616D28293A2063616E7420707574202A
:107C3000696E207278206669666F0000F0B581B0C9
:107C40000746084614460E46E3F7E6F80546002FB9
:107C50004FF0FE0018BF002E02D140B201B0F0BDBF
:107C60003046EEF7D1FF0646E4F70CF8B6FA86F197
:107C70004BF260574DF698534909C0F606070BA220
:107C8000C0F606030097E3F7A3FF686950B12146E9
:107C90000BF0B4FA002818BF6FF0020040B201B038
:107CA000F0BD00BFFF2040B201B0F0BD735F656F53
:107CB0006D5F69706E65745F576169745061636B65
:107CC000657428293A206F6E6C792064617461674D
:107CD00072616D20736F636B65740000B0B544F61C
:107CE0003874C1F20004207D012839D1208BD8B32B
:107CF000216B002904BF01382083E06901216175EF
:107D0000C8F7E6FCD8B10BF043FB226AD4E90A3588
:107D1000D21845F100030A3A63F10003801A71EBAF
:107D200003001FD30BF034FBE269C4E90A011046DB
:107D300000210122C8F748FC002818BFB0BD4FF44D
:107D400080700022A4F81500606B22832262A26278
:107D5000E26200212263BDE8B0400BF07DBA00BFB3
:107D600000206075B0BD00BF206B00252583257500
:107D7000C4E90755A562E562A4F8155018B1A06BD7
:107D8000F1F7E6F82563606B0021BDE8B0400BF029
:107D900063BA00002DE9F04188B044F63878C1F2AA
:107DA0000008D8F80000CD0690F82000002845D043
:107DB0000C46C8F79FFF44F25C27002DC1F2000774
:107DC00002D43878002879D04AF2D411C0F60601DE
:107DD000D8F84800096800223A7007920BF032F890
:107DE00000286BD005460068007C032866D14CF261
:107DF0000C12C0F6060216680021A868ADF8121031
:107E00000DF112013246E4F78FFFBDF81200002891
:107E100049D0A86807A93246E4F7A0FED0B1F868B7
:107E20000130F860E3F72EFF4BF260574EF6120276
:107E3000C0F60607C0F606022DE000BF002D40F197
:107E4000078144F25C20C1F200000121017008B0FA
:107E5000BDE8F081079908690B890A680690ADF8BA
:107E6000143028688B88406805A9C9F7BAF8AA6851
:107E7000D8F8441006461046E4F730FF002E00F014
:107E8000EB80386901303861E3F7FCFE4BF2605754
:107E9000C0F6060780A24DF69853C0F606030321EC
:107EA0000097E3F7BDFED8F8480000210BF09AF8E0
:107EB00020B1D8F804001021F7F7BAF9600740F1B3
:107EC000BA8098F8140000210328ADF81C1071D076
:107ED00002283FD0012840F0AE80B8F818000028F2
:107EE00000F0A9800138A8F81800012088F81500D2
:107EF0000BF04EFAD8F81C20C8E90A011046002100
:107F000001220025C8F760FB002800F08780D8F820
:107F10003000002800F08F80D8F81C00C8F7D8FB8C
:107F2000002800F0AD80D8F80420D8F83C000821E3
:107F3000E0F784FB4CF2F000C0F60600D0E9002325
:107F4000D8F83010D8E90E0700268DE8C200F0F707
:107F50007DFF70E0D8F81C6030460596E2F75CFFC4
:107F60000546002088F8160088F81400C8F81C00A0
:107F70003920C8F741FF6860C0B16A880021C8F79E
:107F80009FFF98B9686847F66131C0F6050132462F
:107F9000C9F7B2F850B90320D8F8001028748869DE
:107FA00005A9E6F79BFE012088F81600D8F83400F2
:107FB0003EE000BFD8F81C50D8F84420A86807A9B4
:107FC000E4F7B2FE40B9BDF81C0028B1D8F80400AF
:107FD0001421F7F72DF92EE0D8F8000005958669F1
:107FE0002846E2F719FF002788F8167088F8147001
:107FF000C8F81C7005464068C8F737FF05A9304629
:108000006F602F74E6F7FCFC01463046E6F70CFC87
:10801000D8F83400012188F8161009E04FF4807078
:10802000A8F81500D8F83400A8F81850C8F830504F
:1080300000210BF011F9200704D50020A8F8180042
:10804000FFF74CFE98F81500012808BFFFF746FE21
:1080500008B0BDE8F08100BF2868C06800283FF480
:1080600022AFE0F7B3FA00283FF41DAF28684CF2C6
:108070001011C0F60601C0680968E0F77BFA12E744
:108080004FF480700021A8F81500D8F83400A8F843
:108090001810C8F83010CCE7735F656F6D5F6970BA
:1080A0006E65745F70726F636573735F7472616E17
:1080B000736D697373696F6E5F6461746167726118
:1080C0006D28293A206970616C206661696C7320A3
:1080D000696E20747800000070470000C8F713BE76
:1080E0007047000090B110B50446406860B10AF0D6
:1080F00091FF2068FBF7AEF90020C4E90000E7F724
:108100004DFF2146E7F71EFFBDE8104000207047F5
:1081100040680BF023B8000040680BF041B8000045
:1081200080B544F61C71C1F20001486148F2393053
:10813000C0F605000BF03EF9002080BD82B0044679
:108140000068D4E90665D0E90027002101910AB151
:10815000204690470DF104086FF0020928460021DF
:10816000424633460AF0ACFDB0EB09012046019AC5
:1081700018BF1146B847F1E704460068A569D0E981
:1081800000261AB120460021904700BF28460AF079
:10819000C7FD01462046B047F8E7000004460068E6
:1081A000A569D0E900271AB120460021904700BFF9
:1081B000A068294600220AF045FEE1680646084606
:1081C000294600220AF03EFE002E18BFB047204686
:1081D0003146B847ECE7000080B582B00021406826
:1081E0008DF807100DF107010BF0BDF99DF80700A0
:1081F00002B080BD70B504468068A8B1E06898B14F
:108200000D46012116460AF005FE88B1E0683146A8
:10821000002201230AF0BAFEA068294600220123A9
:10822000BDE870400AF0B2BEFE2040B270BD00BF93
:10823000FF2040B270BD00008068002804BF6FF0CE
:1082400001007047002201230AF0A0BE0A464168DF
:10825000104601220AF080BD04460068A569D0E9F5
:1082600000261AB120460021904700BFA068294689
:1082700000220AF0E7FD01462046B047F6E700007D
:1082800004460068A569D0E9002612B12046002105
:10829000904728460BF054FA0BF066FA2046294620
:1082A000B047F9E7F0B581B005468068C0B1E8682D
:1082B000B0B10E4601211C4617460AF0ABFD98B13D
:1082C000E8683946224600230AF060FEA868314675
:1082D0002246002301B0BDE8F0400AF057BE00BFBF
:1082E000FE2040B201B0F0BDFF2040B201B0F0BDB1
:1082F0008068002804BF6FF00100704700230AF077
:1083000045BE00000A464168104600220AF024BD1E
:10831000B0B504460068D0E9002322B12046002110
:108320001D4690472B46002B08BFB0BD20460021BC
:10833000BDE8B040184700002DE9F04798B052481A
:108340000DF1040C009050A0061D4ECED0E9055052
:108350008CE84E00CDE90550E3F794FC4DF67858D3
:10836000C0F60608E94649464246E3F7C5FC43F62F
:10837000A471C0F6070148464822C9F7F8FDE3F7A3
:1083800081FC49464246E3F7B7FC44F61C7AC1F249
:10839000000ADAF80C00F6F757FFDAF81000F4F7E5
:1083A0009BF940480DF1040E00903EA000F1040C32
:1083B0009CE89E10D0E907658EE81E00D0E90912FE
:1083C00090F82C000597CDE90912CDE90765CDF8A5
:1083D00018C08DF82C00E3F755FC49464246E3F7F8
:1083E0008BFCDAF81400002818BF804743F6707041
:1083F000C0F6070090E88E00D0E904658DE88E0095
:1084000000F12007D0E906C4C36A86CF008ECDE90B
:1084100004650B93CDE90927CDE90741CDF818C0D4
:10842000ADF83000E3F72EFC4DF67858C0F606089C
:10843000E94649464246E3F75FFC26480DF1040E43
:10844000009024A0071D8ECFD0E9056C8EE88E0029
:1084500000F12407D0E907548ECF0596466B90F8BB
:108460003800CDE908410AA9CDE906C58CC10D96B1
:108470008DF83800E3F706FC49464246E3F73CFC3A
:1084800018B0BDE8F08700BF4F53414C3A3A7473BF
:108490006B696E69743A206A7573742073746172C3
:1084A000746564004F53414C3A3A74736B696E695A
:1084B000743A2063616C6C696E6720757365722D08
:1084C000646566696E65642066756E6374696F6E57
:1084D000000000004F53414C3A3A74736B696E6967
:1084E000743A2061626F757420746F2073746F70BA
:1084F00020697473656C6620616E642073746172A8
:1085000074207363686564756C696E6700000000B1
:1085100070B586B000284FF0FE0418BF002903D1C3
:1085200060B206B070BD00BF0A7E02F00302012AED
:108530000CD00A6952B10E464CF20C11C0F606017D
:10854000054600690968F6F7B7FB18B1FF2460B269
:1085500006B070BD96E80E003069CDE90212317E9A
:108560000493C1F380018DF8141048F2D151C0F684
:108570000501CDE9001602A96A4600230BF094F923
:10858000317E0446B0FA80F0400901F0FC01084455
:1085900030762869F6F788FB60B206B070BD00003F
:1085A000B0B500284FF0FE0418BF002902D160B218
:1085B000B0BD00BF086900240028F8D00D460BF0BC
:1085C000E9F8287E2C6100F0FC00287660B2B0BD8E
:1085D000087F012814D14A6A52B110B55268086A5E
:1085E0000C46114601220AF0B7FB2146BDE81040B7
:1085F000087E400748BF704708460221F0F7E0BCFC
:1086000045F26000C1F200004068F6F719BE0000B4
:1086100000284FF0FE0218BF002901D150B2704768
:10862000086900281EBFFF2250B2704710B50C46E3
:108630000BF0EAF8217E002201F0FC012061217696
:10864000002808BF4FF0FF32BDE8104050B270471D
:1086500070B54FF0FE05D8B10C46C9B14CF20C1103
:10866000C0F60601064600690968F6F725FB18B151
:10867000FF2568B270BD00BF2069002100250BF006
:108680005FF920460021F0F79BFC3069F6F70CFB00
:1086900068B270BDB0B539B345F26005C1F20005EE
:1086A0000C4628684CF20C11C0F6060100690968F6
:1086B000F6F702FB002818BFB0BD4CF21010C0F650
:1086C0000600016804F11C00DFF754FF207E40071C
:1086D00003D420460221F0F773FC28680069BDE846
:1086E000B040F6F7E1BA00BFB0BD0000704700002F
:1086F00070470000002070474FF0FF3070470000C7
:108700004FF0FF30704700004FF0FF30704700001F
:108710004FF0FF30704700004FF0FF30704700000F
:108720004FF0FF3070470000B0B50446E4F770F832
:10873000E4F768F805460220287000206C70C5E94F
:108740000100E4F765F82946BDE8B040E4F7ACB8AD
:10875000B0B50446E4F75CF8E4F754F805460420A5
:10876000287000206C70C5E90100E4F751F8294633
:10877000BDE8B040E4F798B84A68531C0AD0436893
:1087800009688B420AD1C068904207D1002040B2EC
:10879000704700BF406809688842F7D0FF2040B2A8
:1087A000704700000121C8F787BE0000C8F7C9BEA6
:1087B000C8F7D9BEFEE70000F0B589B00446D0E99D
:1087C00001070D46F6F774FE607800210128079135
:1087D00006911BD0032848D135A0405D07978DF83E
:1087E0001900E1F7F9FD626806AE3146E1F7D2FF04
:1087F00030A0405D07978DF81900E1F7EDFD626844
:108800003146E1F7C7FF2CA025E000BFE0F708FBE9
:10881000E0F71AFBF0F7EEFB6168EAF795FE38B374
:10882000032101801FA0405D00278DF819000797E4
:10883000E1F7D2FD626806AE3146E1F7ABFF1AA060
:10884000405D07978DF81900E1F7C6FD6268314673
:10885000E1F7A0FF15A0405D07978DF81900E1F73B
:10886000BBFD62683146E1F795FF09B0F0BD00BF7E
:10887000002500202921ADF80C50F3F71BFF0290D2
:10888000E0686168ADF80E50CDE90410E3F7FAF93D
:1088900002AF0421002200230097E3F7C1F909B0D9
:1088A000F0BD00BF534F0000555100005E60000056
:1088B000524E0000545000005D5F000070B50C4641
:1088C0000546E3F7A5FFE3F79DFF0646032030705A
:1088D00000207470C6E90150E3F79AFF3146BDE805
:1088E0007040E3F7E1BF0000FEE700002DE9F04F24
:1088F00087B004468A4601F0010021781E23934682
:10890000227A03EAD1010844202101EA92014518A4
:10891000E1F7FAF92946012200230026E1F7E6F8FB
:10892000FF286CD00746012000213A460623002686
:10893000F6F7C4FD8146E0F773FAE0F785FAF0F741
:1089400059FB49468046EAF7FFFDF8B10546FE208F
:108950004946FAF7A9F8BBF15A0F824654D0BBF149
:10896000580F79D1B4F90960B4F90B40E7F7C6F9AB
:1089700039463246E7F734F98AED000AE7F7BEF9DF
:1089800039462246E7F7D4F8042046E000202C219F
:10899000ADF80C60F3F78EFE0290ADF80E60CDE9F5
:1089A0000496E3F76FF902AD04210022002300953D
:1089B000E3F736F900201B21F3F77CFE02902068D4
:1089C000A1796FF31F3040EA0130ADF80E00204668
:1089D000E2F730F905912178049008098DF80D002F
:1089E0000220BAF1000F08BF01208DF80C00E3F758
:1089F00049F90221002200230095E3F711F970B232
:108A000007B0BDE8F08F00BFB4F90940E7F776F989
:108A100039462246E7F762F90820504480ED000A03
:108A2000687829780130C2B2914268700ED1404610
:108A3000494600220026EAF7B1FEF3F70DFFF4F7EE
:108A40002FF970B207B0BDE8F08F00BF002670B2FA
:108A500007B0BDE8F08F00BFFF2670B207B0BDE8D9
:108A6000F08F00002DE9F04786B004460D4601F076
:108A7000010021781E231746227A03EAD101084417
:108A8000202101EA92014618E1F73EF93146012220
:108A900000230026E1F72AF8FF2800F09A8002461A
:108AA000A7F14F0011284FF0FF0600F2928001213C
:108AB00001FA00F048F25001084207D10521C0F246
:108AC0000201084200F08580042300E00223012017
:108AD00000214FF0000AF6F7F1FC8146E0F7A0F91B
:108AE000E0F7B2F9F0F786FA49468046EAF72CFD3E
:108AF000B0B30646FE204946F9F7D6FF532F01D002
:108B00004F2F6BD1B4F90910B4F90B2000EE101AF5
:108B100001EE102AB8EEC00AB8EEC11A80ED000AC4
:108B200080ED011A04F10D010822B1F90010104482
:108B300000EE101AB8EEC00A80ED000A70783178A5
:108B40000130C2B29142707042D140464946002283
:108B5000EAF724FEF3F780FEF4F7A2F838E000BF4E
:108B600000202C21ADF80CA0F3F7A4FD0290ADF885
:108B70000EA0CDE9049AE3F785F802AE04210022A5
:108B800000230096E3F74CF800201B21F3F792FD39
:108B900002902068A1796FF31F3040EA0130ADF8F0
:108BA0000E002046E2F746F8059121780490080966
:108BB0008DF80D000220002D08BF01208DF80C005B
:108BC000E3F760F80221002200230096E3F728F87B
:108BD000002670B206B0BDE8F08700BFB4F90910F6
:108BE00007F0FB0200EE101A512AB8EEC00A0DD1B0
:108BF000B4F90B1080ED060A00EE101AB8EEC00AA8
:108C000080ED050A04F10D0110228EE704F10B013D
:108C1000202280ED070A88E72DE9F04F87B004464F
:108C20008A4601F0010021781E239046227A03EA49
:108C3000D1010844202101EA92014518E1F764F8C6
:108C40002946012200230026E0F750FFFF2842D0EA
:108C50000746012000213A4605230026F6F72EFCA0
:108C60008346E0F7DDF8E0F7EFF8F0F7C3F959468F
:108C70008146EAF769FC98B30546FE205946F9F7A4
:108C800013FFD4F809408246E7F738F83946224600
:108C9000E6F7D8FDB8F1410F514604D0B8F1430FC3
:108CA00062D10AF104010860687829780130C2B203
:108CB0009142687052D1DAE9001000228842B8BFB0
:108CC000CAE90001484659460026EAF767FDF3F76E
:108CD000C3FDF3F7E5FF70B207B0BDE8F08F00BF4A
:108CE00000202C21ADF80C60F3F7E4FC0290ADF805
:108CF0000E60CDE904B6E2F7C5FF02AD0421002203
:108D000000230095E2F78CFF00201B21F3F7D2FC33
:108D100002902068A1796FF31F3040EA0130ADF86E
:108D20000E002046E1F786FF05912178049008099E
:108D30008DF80D000220BAF1000F08BF01208DF858
:108D40000C00E2F79FFF0221002200230095E2F7CA
:108D500067FF70B207B0BDE8F08F00BF002670B2A9
:108D600007B0BDE8F08F00BFFF2670B207B0BDE8C6
:108D7000F08F0000B0B5069C0246022002210023BD
:108D80000025F9F795FF48B1049840F22F71C0F221
:108D900002010160012004252580B0BD002025804E
:108DA000B0BD00002DE9F04182B006460F46DDF867
:108DB000288002200221324600230025F9F778FF9F
:108DC000E0B1089C7F2E1FD1B87809990138B0FA1C
:108DD00080F044F270224009C1F20002652910704F
:108DE0001AD320467F2164226424FBF7F7F8A8F801
:108DF00000400125284602B0BDE8F081A8F80050E7
:108E0000284602B0BDE8F08144F27020C1F20000B3
:108E10000125FF2E0570F3D10E20A8F80000FF20D9
:108E2000207040F20220C0F60200017861704078A4
:108E300001A9A0700A20E0700020DFF759F801981E
:108E4000C17B2171C1896171C168090AA171C168C1
:108E5000E1714179217201796172C178A1728178E1
:108E6000E17241782173007860730125284602B0D1
:108E7000BDE8F081F0B581B00C46089E02460220A4
:108E8000022100230025F9F713FF38B3079F44F2AE
:108E90007020C1F20000692F05701FD3069D792153
:108EA00028466822FBF79AF8A178642001293080CF
:108EB00085F8641016D1A7F1680105F1650089B243
:108EC0000AA20BA3C8F750FCE97832880144E97084
:108ED00015180120358001B0F0BD00BF002035809D
:108EE00001B0F0BD012001B0F0BD00BF257300004E
:108EF0004D4F5245494E464F2D4150500D0A0000EE
:108F00000299002200200A8070470000B0B5069C3C
:108F100002460220022100230025F9F7C9FE00289D
:108F200018BFDFF757F800202580B0BDB0B586B078
:108F30000C46054604200121F3F7BCFB02900020FB
:108F40008DF80C008DF80D50ADF80E00CDE9040041
:108F5000E2F798FE02AD0221224600230095E2F7D7
:108F60005FFE06B0B0BD000009880089401AB0FA63
:108F700080F04009704700000022C0E90022D1E9DA
:108F80000012C0E902127047B0B582B04FF6C0744B
:108F9000C2F20104218941F20402891A18BF012199
:108FA000002808BF002919D0FF208DF807000120F4
:108FB0000021002504F004FA8DF807004BF2DD7063
:108FC00041F20401C0F21620C0F20301C4E90055C9
:108FD000C4E90210002002B0B0BD00BFA07A03288F
:108FE000E2D1002002B0B0BD4FF6C0720146C2F21D
:108FF000010200204BF2DD7C41F20403C0F2162C8A
:10900000C0F20303C2E900000120C2E9023C10746F
:1090100000205174704700004FF6C0714BF2DD70B4
:1090200041F20403C2F20101C0F21620C0F20303B0
:109030000022C1E902300020C1E900228A74CA740A
:10904000C1E90522CA61C1F81F20704780B54FF6FB
:10905000C07CC2F2010CBCF808E041F204039E455A
:109060004FF0FF0E14D19CF80A30032B10D19CF85E
:109070001230012B0CD19CF81330934238BF9CF86E
:1090800013200A700CF11401C8F7EAFE4FF0000E2D
:109090004FFA8EF080BD000080B54FF6C073C2F26B
:1090A000010300224BF2DD7CC3E9002241F20402FD
:1090B000C0F2162CC0F20302C3E9022C01229A74FA
:1090C0000F2928BF0F21D974DA7C014603F114005F
:1090D000C8F7C6FE002080BD0020704710B582B0E2
:1090E0004FF0FF0E4FF6C07C8DF807E0C2F2010C86
:1090F000BCF8083041F204041B1B18BF0123B8B1AF
:10910000B3B99CF80A30032B12D10368B2EB930F6A
:109110000ED803F00303022B0AD3032B06D10B4610
:109120004168012004F098F98DF807004FF0000E17
:109130004FFA8EF002B010BD10B582B04FF0FF0EA6
:109140004FF6C07C8DF807E0C2F2010CBCF8083085
:1091500041F204041B1B18BF0123D0B1CBB99CF80A
:109160000A30032B15D10368B2EB930F11D813F01B
:1091700003030ED0032B03D0012B08D1FF2004E002
:109180000B464168012004F0ADF98DF807004FF05F
:10919000000E4FFA8EF002B010BD000080B506F050
:1091A000AFF806F0C1F84FF0FF3080BDB0B545F222
:1091B000B804C1F200042178054651B94EF2483096
:1091C00045F2B801C0F60600C1F200015022FFF7D7
:1091D00085FF0120207004F110004EF20831286054
:1091E000C0F606012046FFF7BFFEA17A80F001001D
:1091F00081F00301084318BF4FF0FF30B0BD0000FD
:1092000070B545F2B804C1F200042178054651B9A1
:109210004EF2483045F2B801C0F60600C1F2000136
:109220005022FFF75BFF0121204600F8101B294662
:109230004022C8F7CAFD00286CD0D5E900C1D5E9A5
:109240000223D5E90406C4E90623C4E90806C4E9F3
:1092500004C1D5E906C1D5E90823D5E90A06C4E960
:109260000C23C4E90E06C4E90AC1EA6B05F1300318
:109270000BCBE26404F140020BC24EF20831C0F69F
:1092800006012046FFF778FE002020704EF248309D
:10929000C0F6060021465022FFF74EFF45F20815A2
:1092A000C1F20005287858B94EF2503045F2081145
:1092B000C0F60600C1F200014FF48872FFF70EFFFE
:1092C00001262E70207850B94EF2483045F2B80190
:1092D000C0F60600C1F200015022FFF7FFFE267023
:1092E000D4E9102305F11000DEF7C8FD4EF2083175
:1092F0000024C0F606012846C5E90844FFF73CFEF5
:109300004EF25030C0F6060029464FF488722C7099
:10931000FFF712FF002070BDB0B545F20814C1F28E
:1093200000042178054659B94EF2503045F2081133
:10933000C0F60600C1F200014FF48872FFF7CEFEBE
:109340000120207004F110004EF208312860C0F6B0
:1093500006012046FFF708FEA17A80F0010081F0A7
:109360000301084318BF4FF0FF30B0BD70B545F2A0
:109370000814C1F2000422780D460646E2B101202D
:10938000072E207028D24AF6F040C0F6060050F8AA
:1093900026004EF208312860C0F606012046FFF78D
:1093A000E3FDA17A80F0010081F00301084318BFBA
:1093B0004FF0FF3040B270BD4EF2503045F2081110
:1093C000C0F60600C1F200014FF48872FFF786FE76
:1093D0000120072E2070D6D300202860FF2040B245
:1093E00070BD000070B5FFF777FE013000F0888097
:1093F00000200025FFF7C8FD45F2B804C1F20004C3
:1094000020465021C8F74CFE2570207850B94EF206
:10941000483045F2B801C0F60600C1F20001502202
:10942000FFF75CFE01204EF208312070C0F6060105
:109430002046FFF799FD012802D1A07A032834D0F5
:109440004EF2C820C0F60600D0E900122161816802
:109450006261C268A1610169E26142692162816958
:109460006262C269A162016AE262426A2163816A40
:109470006263C26AA163016BE263426BC4E91012CA
:10948000D0E90E10C4E912104EF20831C0F6060100
:109490002046FFF771FD002020704EF24830C0F6E4
:1094A000060021465022FFF747FE45F20815C1F29B
:1094B000000528464FF48871C8F7F2FD0020287097
:1094C000287858B94EF2503045F20811C0F606001F
:1094D000C1F200014FF48872FFF700FE01204EF246
:1094E00008312870C0F606012846FFF73DFD012827
:1094F0000AD1A87A032807D1002460B270BD00BF4A
:10950000FF2460B270BD00BF287858B94EF25030C9
:1095100045F20811C0F60600C1F200014FF488724E
:10952000FFF7DCFD01262E70207850B94EF248304E
:1095300045F2B801C0F60600C1F200015022FFF763
:10954000CDFD2670D4E9102305F11000DEF796FC5E
:109550004EF208310024C0F606012846C5E9084449
:10956000FFF70AFD4EF25030C0F6060029464FF4D0
:1095700088722C70FFF7E0FD60B270BD70B5FFF728
:10958000ABFD013030D000200025FFF7FDFC45F297
:109590001824C1F2000420464FF44A71C8F780FD38
:1095A0002570207860B94EF25830C0F6060045F2BA
:1095B00018211830C1F200014FF44A72FFF78EFDF6
:1095C0004EF258350120C0F6060520702046294687
:1095D000FFF7CAFC01284FF0000609D1A07A032842
:1095E00006D170B270BD00BFFF2670B270BD00BF63
:1095F0004FF481604FF6FF7144F6403304F1100CD4
:109600004FF0FF32C0F24C038CE80B0004F128004D
:109610004FF44071C4E907226262C8F741FD204659
:109620002946FFF7A9FC05F1180021464FF44A72BC
:109630002670FFF781FD70B270BD000070B582B07A
:1096400045F21826C1F2000632780C46054662B98A
:109650004EF25830C0F6060045F218211830C1F21B
:1096600000014FF44A72FFF739FD01203070019676
:10967000072D4FF0FF0677D8002C75D094F9010024
:10968000854271D1207802286ED10198D4E900C2B8
:1096900000EB8510D4E90236D4E90415C0E90C3694
:1096A000C0E90E15C0E90AC2D4E906C2D4E90836F9
:1096B000D4E90A15C0E91236C0E91415C0E910C290
:1096C000E36B04F1300646CE4366583046C001983D
:1096D000002190F828204FF0FF33002A02468174C1
:1096E00042F81C3F03621EBF01770121817490F88C
:1096F00068301BB1012353540131817490F8A830B4
:109700001BB1022353540131817490F8E8301BB12E
:10971000032353540131817490F828311BB1042381
:1097200053540131817490F868311BB105235354AF
:109730000131817490F8A8311BB1062353540131D3
:10974000817490F8E8311BB10723535401318174BF
:109750004EF258300199C0F60600002618304FF43A
:109760004A720E70FFF7E8FC70B202B070BD0000E4
:1097700070B582B045F21826C1F2000632780C4668
:10978000054662B94EF25830C0F6060045F218217F
:109790001830C1F200014FF44A72FFF79FFC01201C
:1097A0003070019601981C3028600198817C00205F
:1097B000217002B070BD0000B0B582B045F218252E
:1097C000C1F200052978044661B94EF25830C0F65E
:1097D000060045F218211830C1F200014FF44A7218
:1097E000FFF77CFC0120287001950198007D207016
:1097F0000198017D0020FF2908BF4FF0FF3002B023
:10980000B0BD00002DE9F04182B045F21824C1F24C
:10981000000422788846054662B94EF25830C0F6F8
:10982000060045F218211830C1F200014FF44A72C7
:10983000FFF754FC0120207001940198072D1DD8DA
:10984000817CD9B1C1F1000C4B1E00240619327F76
:10985000AA4219D0A34211D0777FAF4214D00CEBAB
:109860000407BA1C0AD0B27FAA420DD0FA1C05D058
:10987000F27FAA4208D00434A142E7D1FF2040B2CF
:1098800002B0BDE8F08100BF019800EB85102830E0
:10989000C8F80000002040B202B0BDE8F08100002E
:1098A000B0B582B045F21825C1F20005297804460A
:1098B00061B94EF25830C0F6060045F21821183052
:1098C000C1F200014FF44A72FFF708FC0120287032
:1098D00001950198407D20700198417D0020FF296D
:1098E00008BF4FF0FF3002B0B0BD00002DE9F041DD
:1098F00082B045F21828C1F2000898F8002092B909
:109900004EF25832C0F6060245F218231832C1F260
:109910000003044610460D4619464FF44A72FFF7FD
:10992000DDFB20462946012288F80020CDF8008082
:10993000009A07281ED8937CE3B1C3F1000CA3F171
:10994000010E002697193C7F844219D0B64511D0EC
:109950007C7F844214D00CEB0604A51C0AD0BD7F8A
:1099600085420DD0033405D0FC7F844208D00436F4
:10997000B342E7D1FFF762FE002002B0BDE8F081FC
:10998000009A044602EB8010283040220D46C8F7AA
:109990001CFA0028F0D098F8000060B94EF2583058
:1099A000C0F6060045F218211830C1F200014FF44C
:1099B0004A72FFF793FB012088F80000CDF804807D
:1099C000019A937C002BD7D0AC462146C3F1000E00
:1099D0005E1E0027D419207F884215D0BE42CBD00E
:1099E000607F884210D00EEB0700851CC4D0A57F95
:1099F0008D4209D00330BFD0E07F884204D00437C5
:109A0000BB42E7D1B8E700BFBCF1000FB4D09CF86F
:109A100001008842B0D19CF800000228ACD1019826
:109A2000DCE9045600EB81119CE88D0001F1280E61
:109A3000C1E90E568EE88D000CF118078DCFDCE9D8
:109A40000A5601F1400EC1E914568EE88D00DCF88B
:109A50003C300CF1300785CF4B66583185C10199F8
:109A6000002008704EF25830C0F6060018304FF44F
:109A70004A72FFF761FB002002B0BDE8F0810000F0
:109A8000F5F7D8BBF5F7D6BBF5F7D4BBF5F7D2BBE6
:109A9000F5F7D0BBF5F7CEBBF5F7CCBBF5F7CABBF6
:109AA000F5F7C8BBF5F7C6BBF5F7C4BB017809B13C
:109AB000002070474178012903D08A0705D402228B
:109AC0004270481E18BF0120704780B543F6DB6026
:109AD000C0F60700DEF7C2F901210170417070473E
:109AE0005FEA400C08BF91F0000F4FEA8C234FEA69
:109AF000C12243EA51514FEA1C5018BF00F5F04013
:109B00004FEA300018BF41F000415FEA6C5C00F0A2
:109B10002980BCF1FF3F08BF40F080407047130C24
:109B200006BF12044FF0100C4FF0000C130E04BFD0
:109B300012020CF1080C130F04BF12010CF1040CFB
:109B4000930F04BF92000CF1020CD30F04BF52001C
:109B50000CF1010C11464FF00002A0F11F00A0EB28
:109B60000C00704711F0004F08BF704731F0004102
:109B70003FF4D5AF0B0C06BF09044FF0100C4FF0AB
:109B8000000C0B0E04BF09020CF1080C0B0F04BFF4
:109B900009010CF1040C8B0F04BF89000CF1020CBD
:109BA000CB0F04BF49000CF1010CCCF1200322FAC9
:109BB00003F341EA030102FA0CF2A0EB0C0000F1FE
:109BC0000100704723F07F4720F07F4C80EA0300BC
:109BD00000F00040ACEB070303F57C5303F1FF03F7
:109BE0002DE9804909B44FEA144324EA03484FEAB7
:109BF000154B25EA0B4E0FF2042606EB13273E7891
:109C000003FB0667C7F5000707FB06F64FEAD646D3
:109C100006F102064FEA543707FB066CCCF1005CF4
:109C20004FEA1C472CEA074C0CFB06F507FB06F431
:109C300004EB15464FEA961649085FEA320234BF34
:109C400000204FF000404FEAD13706FB07FC4FEAF7
:109C50001C4C0CFB0BF7D21B03FB0CF761EB070151
:109C60000CFB0EF7B0EB074072EB17420CFB08F74A
:109C700034BFA2EB0742B2EB074261EB17414FEA58
:109C80000C444FEA910706FB07FC4FEA1C4C0CFB07
:109C90000BF7B0EBC74072EB573203FB0CF734BF46
:109CA000A2EBC742B2EBC74261EB57310CFB0EF798
:109CB000B0EBC70072EB57720CFB08F734BFA2EB96
:109CC000C702B2EBC70261EB57714FEA816141EA0B
:109CD00092114FEA826242EA90124FEA806004EBEE
:109CE000CC04039F4FEAD13706FB07FC4FEA1C4C1C
:109CF0000CFB0BF7D21B03FB0CF761EB07010CFB12
:109D00000EF7B0EB074072EB17420CFB08F734BFBD
:109D1000A2EB0742B2EB074261EB17414FEA8C55C9
:109D200004EB9C244FEA910706FB07FC4FEA1C4C0E
:109D30000CFB0BF7B0EBC74072EB573203FB0CF791
:109D400034BFA2EBC742B2EBC74261EB57310CFB09
:109D50000EF7B0EBC70072EB57720CFB08F734BF7D
:109D6000A2EBC702B2EBC70261EB57714FEA816108
:109D700041EA92114FEA826242EA90124FEA806011
:109D800015EB4C2544F100044FEAD13706FB07FCE4
:109D90004FEA1C4C0CFB0BF7D21B03FB0CF761EBDF
:109DA00007010CFB0EF7B0EB074072EB17420CFB00
:109DB00008F734BFA2EB0742B2EB074261EB174151
:109DC0004FEA813141EA92414FEA823242EA9042BF
:109DD0004FEA80304FEA0C7615EB1C1544F1000475
:109DE00048EA03434EEA0B484FF0000EB2EB080C72
:109DF00071EB030724BF624639464EEB0E0E4FF05F
:109E0000000B0018524149414BEB0B0BB2EB080C15
:109E100071EB03077BF1000B24BF624639464EEB22
:109E20000E0E4FF0000B0018524149414BEB0B0B4B
:109E3000B2EB080C71EB03077BF1000B24BF624609
:109E400039464EEB0E0E51EA020718BF46F00106E6
:109E500016EB0E7655F1000254F1000103D5BDE872
:109E60008901BDE80088BDE88901BDE80048B61950
:109E7000524141EB0101A3F10103704780807F7ED5
:109E80007D7C7B7A79787776767574737271717070
:109E90006F6E6E6D6C6C6B6A6A6968686766666522
:109EA0006464636362616160605F5F5E5E5D5D5CB0
:109EB0005C5B5B5A5A595958585757565655555521
:109EC0005454535352525251515050504F4F4F4E81
:109ED0004E4D4D4D4C4C4C4B4B4B4A4A4A494949CF
:109EE0004848484747474746464645454544444411
:109EF0004443434343424242424141419C46002B3A
:109F000030D477002BD04FEA37071CB503B44FF09D
:109F100010004FF01001BAF1000F06D0BCF1000F95
:109F2000DCBF40F0080040F008014FF000000FBC1B
:109F3000BDE810400BF1010BBBF1010F08BF5FEA58
:109F4000170722BF12F1010211F101014FF0004188
:109F500043F1000300F0004043EA00007047F9D3EA
:109F60005708D0E746EA06464FEA164613F1400F77
:109F70001FDD13F1200FDFBF16430A4600212033F7
:109F80005B42BED0C3F1200746EA06464FEA1646BA
:109F900002FA07F746EA070622FA03F2C3F120079E
:109FA00001FA07F742EA070221FA03F14FF0000332
:109FB000A7E746EA020646EA06464FEA164646EA9A
:109FC0000106BCBF46EA0646360C4FF000034FF0D0
:109FD00000024FF0000194E72DE9804C70B49A46DE
:109FE000934691E8380007C831EA400C48BF34EA8C
:109FF000430C03D5FFF7E6FDFFF780FFF0BCBDE89B
:10A00000008C2DE9804C70B49A46934691E8380054
:10A0100007C810F0804F08BF13F0804F03D100F045
:10A0200005F8FFF76BFFF0BCBDE8008C20F07F4720
:10A0300023F07F4C80EA030000F0004007EB0C03A4
:10A04000A3F57C53A3F1FE0392F0000F00F0B38060
:10A0500095F0000F00F077802DE901494FEA11409B
:10A0600021EA00484FEA144624EA064700FB06FCB2
:10A0700008FB06F607FB08F818EB06484CEB164CF5
:10A0800000FB07F718EB07484CEB17404FEA124B61
:10A0900022EA0B4E4FEA154625EA06470BFB06FC63
:10A0A0000EFB06F607FB0EFE1EEB064E4CEB164CA7
:10A0B0000BFB07F71EEB074E4CEB174B18EB0B088F
:10A0C00040F1000018EB0E0B58EB000840F10000C7
:10A0D0008F1A4FF000014FF000063CBFC943661BCA
:10A0E00014BFB5EB040C00213CBFC943F61B4FEA7B
:10A0F000174427EA04454FEA1C472CEA074C04FBA7
:10A10000076205FB07F70CFB05F616EB074642EB6B
:10A11000174204FB0CFC16EB0C4642EB1C421BEBFB
:10A12000060658EB020241414EEA8E0E46EA9E06B2
:10A1300001D5BDE80189B619524141EB0101A3F1F6
:10A140000103BDE801894FEA144524EA05464FEAB8
:10A15000114721EA074C05FB07F406FB07F70CFB48
:10A1600006F111EB074144EB174405FB0CFC11EB26
:10A170000C4144EB1C444FEA124722EA074C05FB12
:10A1800007F206FB07F70CFB06F616EB074642EB59
:10A19000174205FB0CFC16EB0C4642EB1C456A18FB
:10A1A00054F1000148BF7047B619524141EB01011B
:10A1B000A3F10103704795F0000F37D04FEA114229
:10A1C00021EA02464FEA144724EA074C02FB07F152
:10A1D00006FB07F70CFB06F414EB074441EB1741B1
:10A1E00002FB0CFC14EB0C4441EB1C414FEA1547FD
:10A1F00025EA074C02FB07F506FB07F70CFB06F602
:10A2000016EB074645EB174502FB0CFC16EB0C461C
:10A2100045EB1C42121951F1000148BF7047B619B5
:10A22000524141EB0101A3F1010370474FEA14458C
:10A2300024EA05464FEA114721EA074C05FB07F1DE
:10A2400006FB07F70CFB06F212EB074241EB174146
:10A2500005FB0CFC12EB0C4251EB1C414FF00006CD
:10A2600048BF7047921841EB0101A3F10103704709
:10A270000000000080B5D6F757F800B180BDDDF7CB
:10A28000C9FCFFF7F7BF80B5D6F7C4F800B180BDB1
:10A29000DDF7C0FCFFF7F7BFC94301607047002935
:10A2A00004D0816841F0010181607047816821F02C
:10A2B0000101816070470000084A1168084B19408D
:10A2C000D0F804C0036843EA0C03D0F808C0C068A3
:10A2D0004CEA000018430843106070470423014013
:10A2E000E030FCFF002904D0816841F48071816076
:10A2F0007047816821F4807181607047002904D023
:10A30000816841F4007181607047816821F40071B7
:10A3100081607047002904D0816841F480618160C8
:10A320007047816821F48061816070470246002097
:10A3300012680A4200D00120704781B00090009856
:10A340000844283000900098006880B201B070473F
:10A35000F0B587B00024029403940494059400940B
:10A3600001940BF0ADFC00287AD04C4E30684C4D77
:10A3700010F0040F6FF004073DD037604949486B77
:10A380000290029808B9886B0290C86B03900398FA
:10A3900008B9086C03900298002812DD1C21304691
:10A3A000FFF7CBFF6968B1F91820801A4210BDF998
:10A3B000000002EB6000ADF80000BDF8000008826C
:10A3C00001E0686804820398002812DD18213046F5
:10A3D000FFF7B3FF6968B1F91A20801ABDF90220AE
:10A3E000401000EB6200ADF80200BDF802004882A8
:10A3F00001E068684482D6F8000110F0040F01D033
:10A40000C6F80071D6F8000210F0040F40D0C6F86C
:10A410000072254800680490049810B92348006829
:10A420000490234800680590059810B921480068F9
:10A4300005900498204E002813DD1C213046FFF7BC
:10A440007CFF6968B1F91C20801ABDF90420401016
:10A4500000EB6200ADF80400BDF80400888202E061
:10A4600016E0686884820598002813DD18213046BC
:10A47000FFF763FF6968B1F91E20801ABDF9062055
:10A48000401000EB6200ADF80600BDF80600C8827F
:10A4900007B0F0BD6868C48207B0F0BD002001407D
:10A4A000040300100000014034040140380401405E
:10A4B0003C040140400401400022014010B44268C5
:10A4C00022F4807222F0407291F804C00B6842EAD4
:10A4D0000C221A43426082680D4B1A40D1F80CC01E
:10A4E0000B694C7943EA0C03D1F808C04CEA440CE0
:10A4F00043EA0C031A438260C26A22F47002097DA7
:10A50000491EC9B242EA0151C16210BC7047000045
:10A51000FDF7FFC030B4072509290CD9C468A1F1A3
:10A520000A0C0CEB4C0C05FA0CF5AC4303FA0CF3DB
:10A530002343C36009E0046901EB410C05FA0CF503
:10A54000AC4303FA0CF3234303614FF01F0C072ABB
:10A550000CD2436B521E02EB82020CFA02FC23EA7D
:10A560000C0391401943416330BC70470D2A0CD253
:10A57000036BD21F02EB82020CFA02FC23EA0C03EB
:10A5800091401943016330BC7047C36A0D3A02EB36
:10A5900082020CFA02FC23EA0C0391401943C162C7
:10A5A00030BC7047816841F0804181607047000095
:10A5B0000849002806D0D1F8040340F40000C1F88F
:10A5C00004037047D1F8040320F40000C1F8040329
:10A5D000704700000020014000200CF0A9BA0020C4
:10A5E0000CF06ABA00200CF051BB01200CF0A0BAAC
:10A5F00001200CF061BA01200CF048BB10B410230C
:10A6000004224FF0080CB1F5007F3FD013DC202965
:10A6100031D008DC012926D0042928D0082900D10E
:10A62000C36010BC7047402929D0B1F5807FF8D1B4
:10A63000426010BC70470024B1F5004F2CD009DCFB
:10A64000B1F5806F25D0B1F5006FF2D18461426021
:10A6500010BC7047B1F5803F14D0B1F5003FF7D181
:10A66000436010BC70470E49816010BC7047C0F851
:10A670000CC010BC7047C0F810C010BC704703611C
:10A6800010BC7047C0F804C010BC7047426010BCDA
:10A690007047426010BC70478461426010BC7047D4
:10A6A0000101010010B5A0F18041B1F5C8410AD007
:10A6B0000121880600F090FEBDE8104000214FF017
:10A6C000806000F089BE0121480600F085FEBDE8EB
:10A6D000104000214FF0007000F07EBE30B4827A4E
:10A6E00001219140364B1A6842F001021A60DFF8EE
:10A6F000D4C0DCF800208A43CCF80020047B324A26
:10A70000002C1AD114688C4314604488C58844EA2C
:10A710000544857AED0005F1804505F5C045C5F88D
:10A7200040460588848845EA0445847AE40004F1BB
:10A73000804404F5C044C4F84456047B012C1AD16B
:10A7400014680C4314604288048842EA0442847A04
:10A75000E40004F1804404F5C044C4F84026C288F3
:10A76000848842EA0442847AE40004F1804404F5D7
:10A77000C044C4F84426C47A144A34B114680C4363
:10A7800014600489124A24B106E014688C431460F2
:10A79000F7E714688C4314600489012C02D1146813
:10A7A0000C431460407B012804D1DCF8000008430E
:10A7B000CCF80000186820F00100186030BC704729
:10A7C000006600401C6600400C66004004660040C5
:10A7D00014660040002A03D042691143416170476A
:10A7E000426922EA0101416170470022036823F0B7
:10A7F00002030360036843F0010303604FF6FF7335
:10A8000000E0521CD0F804C01CF0010F01D19A42A4
:10A81000F7D1426812F0010F41D08A79012A40D065
:10A82000026822F080020260CA79012A3ED00268E2
:10A8300022F0400202600A7A012A3CD0026822F02B
:10A84000200202604A7A012A3AD0026822F01002FD
:10A8500002608A7A012A38D0026822F00802026077
:10A86000CA7A012A36D0026822F0040202608A788D
:10A8700091F803C0920742EA0C6291F804C042EAE0
:10A880000C4291F805C0098842EA0C52491E114356
:10A89000C161016821F001010160002120E0002078
:10A8A0007047026842F080020260BDE7026842F031
:10A8B00040020260BFE7026842F020020260C1E786
:10A8C000026842F010020260C3E7026842F0080228
:10A8D0000260C5E7026842F004020260C7E7491C53
:10A8E000426812F0010F01D09942F8D1406810F08F
:10A8F000010F01D0002070470120704700EB0113C9
:10A90000D3F8B0C10CF0040C82F808C0BCF1000F01
:10A9100047D0D3F8B0C14FEADC0CC2F804C0D3F87A
:10A92000B0C10CF0020C82F809C0D3F8B4C10CF02D
:10A930000F0C82F80AC0D3F8B4C14FEA1C2C82F87D
:10A9400013C0D3F8B8C182F80BC0D3F8B8C14FEA2E
:10A950001C2C82F80CC0D3F8B8C14FEA1C4C82F80A
:10A960000DC0D3F8B8C14FEA1C6C82F80EC0D3F802
:10A97000BCC182F80FC0D3F8BCC14FEA1C2C82F8CE
:10A9800010C0D3F8BCC14FEA1C4C82F811C0D3F8F8
:10A99000BC311B0E937459B1016941F02001016172
:10A9A0007047D3F8B0C14FEA5C5CC2F800C0B6E7AC
:10A9B000C16841F02001C1607047000009490A6880
:10A9C00042F001020A600A6822F4877222F4785287
:10A9D0000A600A6842EA00200860086820F0010066
:10A9E000086070470066004000218171C1710172EA
:10A9F00041728172C1728170C170032101710221A3
:10AA0000417101210180704710B402460020936813
:10AA100013F0806F0CD1906810F0006F01D001200E
:10AA200006E0906810F0805F01D0022000E0042072
:10AA300004284FD002EB0012D2F8803103F001035A
:10AA4000C2F880310B7AE3B3D2F880C14C684CEA8B
:10AA5000030391F809C04CEAC40C43EA0C03C2F8A2
:10AA600080318B7A03F00F038B72D2F8843123F09C
:10AA70000F03C2F88431D2F8843191F80AC043EA56
:10AA80000C03C2F88431CB7A91F80EC00C7B43EAF8
:10AA90000C6391F80DC04FEA0C4C4CEA042C43EACD
:10AAA0000C03C2F88831CB7B91F812C043EA0C63E7
:10AAB00091F811C0097C4FEA0C4C4CEA0121194372
:10AAC00000E009E0C2F88C11D2F8801141F00101D8
:10AAD000C2F8801110BC7047D2F8803191F809C0DB
:10AAE00043EA0C03B1F800C043EA4C53C2F880318A
:10AAF000B7E7000010B40B0EC1F3074C154AD35C46
:10AB000083EA0C03C1F3072CD35C83EA0C0301F046
:10AB1000FF0CD35C83EA0C0C040E44EA0123DBB285
:10AB200012F80CC08CEA030C040C44EA0143DBB2BB
:10AB300012F80CC08CEA03034FEA102C4CEA0161B6
:10AB4000C9B2D35C5940C0B2515C4840105C10BCE3
:10AB5000704700005CA2060800B5002200F008F86B
:10AB6000C04380B2010241EA102080B200BD000063
:10AB700005E000BF30F8023B891E5BBA1A44012988
:10AB8000F8DC11B1007802EB002290B200EB124029
:10AB900000EB104080B27047084400EB104080B2D8
:10ABA0007047002904D0016841F00101016070473D
:10ABB000016821F001010160704700002DE9F003F8
:10ABC000016821F0010101600021016041608160A4
:10ABD000C160016121214161444A45494FF03D086E
:10ABE000904204D1C1F80880BDE8F0037047414AA3
:10ABF0004FF47464904203D18C60BDE8F003704759
:10AC00003D4A4FF47415904203D18D60BDE8F003C6
:10AC100070473A4A4FF07466904203D18E60BDE8A7
:10AC2000F0037047364B374A984203D1CA60BDE8FB
:10AC3000F0037047DFF8D0C0344B604503D1CB60E0
:10AC4000BDE8F0037047324FDFF8C8C0B84204D106
:10AC5000C1F80CC0BDE8F0037047DFF8BC904FF0BE
:10AC60003D57484503D1CF60BDE8F0037047DFF89A
:10AC7000AC902B49484504D1C1F80080BDE8F003F1
:10AC80007047DFF8A080404503D10C60BDE8F003B9
:10AC90007047254CA04203D10D60BDE8F00370471A
:10ACA000224CA04203D10E60BDE8F0037047204C57
:10ACB0002049A04203D10A60BDE8F00370471E4A54
:10ACC000904203D10B60BDE8F00370471B4A9042ED
:10ACD00004D1C1F800C0BDE8F0037047184A9042A3
:10ACE000F9D10F60BDE8F00370470000106002402A
:10ACF000006002402860024040600240586002400C
:10AD0000706002403D00002088600240400F00203B
:10AD1000A060024000003D20B86002401064024084
:10AD200008640240286402404064024058640240C3
:10AD3000706402400C64024088640240A0640240D7
:10AD4000B864024010B402681C4B1A40D1F80CC021
:10AD50000B688C6943EA0C03D1F814C04CEA040C6C
:10AD600043EA0C03D1F81CC043EA0C03D1F820C01D
:10AD700043EA0C03D1F824C043EA0C03D1F828C0FD
:10AD800043EA0C03D1F834C043EA0C03D1F838C0CD
:10AD900043EA0C031A430260426922F00702D1F829
:10ADA00030C0CB6A43EA0C031A4342610A6942602D
:10ADB0004A6882608968C16010BC70473F801CF09F
:10ADC0002DE9F04F93B04FF0000B00274148466843
:10ADD000357C49F21A0AA0F10809706900EB0510E8
:10ADE0000168C1F30D410C1F016811EA0A0F01D07F
:10ADF000012736E001684FF44070884301D00227F4
:10AE00002FE040F2EA50844201D9032729E044F0C0
:10AE1000004004F09FFF804644F00041B8F1000F6D
:10AE20001ED00820726900EB0510105820F00302B4
:10AE300008F10400E31C9C0834B152F8043B40F8CC
:10AE4000043B641E002CF8D1D9F8002012B108F19F
:10AE500004009047404605F057F84FF0010B00E022
:10AE6000042771694FF0004001EB051108606FB1D4
:10AE7000022F00D1C4173B4617A2402102A800941C
:10AE8000C6F772FC02A9F02005F0B0FEF07A6D1C46
:10AE9000854200D100253574706900EB051000680B
:10AEA00010F0004F99D03574164D6869164C10F0AB
:10AEB000800F06D06C610020A86014A1F02005F07E
:10AEC00095FE6C61BBF1000F01D004F015FF13B0CB
:10AED000BDE8F08F200300104554485F49525148A7
:10AEE000616E646C657228293A206572726F7220F7
:10AEF000256420666F72206672616D655B25645DF6
:10AF00000000000000900240C08001004554485FEE
:10AF100049525148616E646C657228293A20657205
:10AF2000726F72203500000010B54FF4005000F031
:10AF300037F830B14FF4005000F02CF800200BF03F
:10AF400065F94FF4805000F02BF830B14FF4805089
:10AF500000F020F801200BF059F94FF4804000F088
:10AF60001FF830B14FF4804000F014F802200BF0CD
:10AF70004DF94FF4004000F013F8002808D04FF4CA
:10AF8000004000F007F8BDE8104003200BF03EB988
:10AF900010BD00000149086070470000143C0140EA
:10AFA00001460020024A12680A4200D00120704780
:10AFB000143C0140214A83790168002B34D0136886
:10AFC00023EA01011160111D0A6803689A430A60AF
:10AFD000017901F1804101F59E310A6803681A4345
:10AFE0000A60174B19680268914319601A1D1168AD
:10AFF000D0F800C021EA0C0111604179102908D075
:10B0000001F1804101F59E310A6800681043086033
:10B0100070471968D0F800C041EA0C011960116846
:10B020000068084310607047007900F1804000F527
:10B030009E30026822EA010101607047003C014035
:10B04000083C01402DE9F00100220126032706FA01
:10B0500002FC0B6803EA0C03634538D10568530012
:10B0600007FA03F4A54305600D79D0F800809D40F0
:10B0700045EA080505600D79012D01D0022D17D193
:10B080008568A54385604D79D0F808809D4045EAE4
:10B0900008058560456825EA0C0CC0F804C0D0F8A6
:10B0A00004C08D799540ADB24CEA050CC0F804C0DF
:10B0B000D0F80CC02CEA040CC0F80CC091F807C002
:10B0C0000CFA03F3D0F80CC043EA0C03C360521C23
:10B0D000102ABCD3BDE8F00170474B07DB0E9A4045
:10B0E000C90800EB8100016A4FF00F0C0CFA03F362
:10B0F00099430162016A11430162704702460020D0
:10B1000012690A4200D001207047024600205269AD
:10B110000A4200D001207047418370470183704785
:10B120004FF6FF7101600021017141718171C171A0
:10B1300070474269514041617047002A01D0018344
:10B14000704741837047002904D0018841F4806131
:10B1500001807047018821F48061018070470022DE
:10B16000838A008B0004184320F07F4031EA0000FE
:10B1700000D1012210467047C943818270470029DF
:10B1800004D0018841F0010101807047018821F05D
:10B19000010101807047002904D0018841F48071C9
:10B1A00001807047018821F4807101807047002977
:10B1B00004D0018841F4007101807047018821F4B6
:10B1C00000710180704782B00246002000920A0F91
:10B1D000019221F07F41019A002A03D0009A143293
:10B1E000009203E0090C009A18320092009A12684B
:10B1F0000A4200D0012002B07047818A008B00040F
:10B20000084320F07F40704770B584B004460D4677
:10B21000A08820F03F06684600F008F902982A4905
:10B22000B0FBF1F189B246EA0102A280228822F045
:10B2300001022280254B2A689A4209D85200B0FBAD
:10B24000F2F080B2042800D20420491C218425E0B9
:10B25000EB88A3F53F4CBCF1FF0C0CD002EBC20312
:10B2600003EB0212B0FBF2F080B240F48040020522
:10B27000120D06D007E002EB4202B0FBF2F080B202
:10B28000F5E740F0010040F400404FF4967251435E
:10B290004FF47A72B1FBF2F1491C2184A08320881B
:10B2A00040F001002080208820F00A0020F4806017
:10B2B000A9886A89114308432080A88929890843FD
:10B2C000208104B070BD000040420F00A086010044
:10B2D000002A02D041F0010101E001F0FE010182EB
:10B2E000704701827047000010B44FF00F0CC27815
:10B2F00001240178002A23D0174A126802F4E06280
:10B30000C2F5E062C2F30722C2F104032CFA02FC88
:10B3100042789A40837803EA0C031A43120101F140
:10B32000E02181F80024007800F01F0104FA01F107
:10B330004009800000F1E020C0F8001110BC704707
:10B3400001F01F0004FA00F04909890001F1E02131
:10B35000C1F8800110BC70470CED00E0034940F0DB
:10B36000FD7040F080600860704700000CED00E068
:10B3700021F07F0121F060410843014908607047D6
:10B3800008ED00E0054A002903D011680843106069
:10B390007047116821EA00001060704730380240A1
:10B3A000054A002903D011680843106070471168EE
:10B3B00021EA00001060704710380240054A002959
:10B3C00003D01168084310607047116821EA00003B
:10B3D0001060704740380240054A002903D01168C8
:10B3E000084310607047116821EA00001060704740
:10B3F00020380240054A002903D011680843106034
:10B400007047116821EA000010607047443802401C
:10B41000054A002903D0116808431060704711687D
:10B4200021EA0000106070472438024030B4DFF891
:10B430009CC0DCF8001001F00C01254D002923D040
:10B44000244C042922D0082922D00560DCF8001001
:10B4500001F0F0010909204B595C026822FA01F160
:10B460004160DCF8002002F4E052920A9A5C21FA72
:10B4700002F28260DCF8002002F46042520B9A5C17
:10B48000D140C16030BC70470560DFE70460DDE794
:10B49000124A1168C1F38053116801F03F0133B1C2
:10B4A000B4FBF1F11368C3F38813594305E0B5FB0E
:10B4B000F1F11368C3F3881359431268C2F30142D0
:10B4C000521C5200B1FBF2F10160BFE708380240A4
:10B4D0000024F40080F0FA02040400100438024052
:10B4E00000200BF057B801200BF054B802200BF0ED
:10B4F00051B8002904D0018841F040010180704713
:10B50000018821F040010180704710B5A0F1804111
:10B51000B1F5983123D0A0F18041B1F5605129D027
:10B52000A0F18041B1F570512FD0A0F18041B1F56B
:10B530009A3135D0A0F18041B1F5A8313BD0A0F1CE
:10B540008041B1F5AA3141D101214805FFF760FFE3
:10B55000BDE8104000214FF40010FFF759BF012152
:10B560000803FFF755FFBDE8104000214FF480505D
:10B57000FFF74EBF01218803FFF72EFFBDE8104003
:10B5800000214FF48040FFF727BF0121C803FFF7D8
:10B5900023FFBDE8104000214FF40040FFF71CBF1F
:10B5A00001214803FFF734FFBDE8104000214FF4AC
:10B5B0000050FFF72DBF01210805FFF729FFBDE867
:10B5C000104000214FF48010FFF722BF10BD02464B
:10B5D000002012890A4200D0012070470909012386
:10B5E00003FA01F189B2002A03D0828811438180D5
:10B5F0007047828822EA0101818070478089704704
:10B600008181704710B4028802F441520B88B1F86E
:10B6100002C0CC8843EA0C03B1F804C04CEA040C25
:10B6200043EA0C03B1F808C043EA0C03B1F80AC0BE
:10B6300043EA0C03B1F80CC043EA0C03B1F80EC0A6
:10B6400043EA0C031A430280828B22F40062828355
:10B65000098A018210BC70470149086070470000E8
:10B66000DC0027428A07120F0F23934021F00301C9
:10B6700001F1804101F59831D1F808C82CEA0303A3
:10B68000C1F80838D1F8083890401843C1F80808C4
:10B690007047000082B00022019200922949086898
:10B6A00040F480200860086840F480300860086832
:10B6B00000F4003000900198401C0190009818B9E7
:10B6C0000198B0F5A04FF2D1086810F4003F02D005
:10B6D0000120009000E000920098012830D11A4823
:10B6E000026842F0805202601848026842F4404208
:10B6F0000260174802680260026842F40042026079
:10B70000026842F4A0520260031F124A1A600A68DB
:10B7100042F080720A600A6812F0007FFBD00E4A85
:10B7200040F205711160016821F0030101600168B8
:10B7300041F002010160016801F00C010829FAD111
:10B7400002B07047003802404038024000700040AC
:10B750000838024032544007003C0240010241EAEE
:10B76000102080B27047000030B41E4C206800F0FA
:10B770000C001D4D1D49002811D0DFF874C00428AD
:10B780000FD0082810D00D602068C0F303121948AC
:10B79000805C0A6822FA00F0086030BC70470D60D7
:10B7A000F2E7C1F800C0EFE7134A1068C0F3805316
:10B7B000106800F03F0033B1BCFBF0F01368C3F336
:10B7C0008813584305E0B5FBF0F01368C3F3881302
:10B7D00058431268C2F30142521C5200B0FBF2F00F
:10B7E0000860D1E7083802400024F400B0020010DD
:10B7F00080F0FA02D8A106080438024010B51348B8
:10B80000016841F4700101601148016841F00101D3
:10B810000160104A00211160026822F4102222F017
:10B8200080720260031D0C4A1A60026822F48022B2
:10B8300002600A48016005F007FAFFF72BFF08498C
:10B840004FF000600860FFF78FFF10BD88ED00E04B
:10B850000038024008380240103000240C38024002
:10B8600008ED00E030B4B0F820C02CF0010CA0F8D6
:10B8700020C0048BB0F820C024F0F3044FF6FF750D
:10B8800005EA03131A4322432CF00A03194341F03B
:10B8900001010283018430BC704730B4B0F820C08D
:10B8A0002CF0100CA0F820C0048BB0F820C04FF68C
:10B8B000FF7505EA011124F4734405EA03332343B9
:10B8C00005EA02221A432CF0A003194341F01001AB
:10B8D0000283018430BC704730B4B0F820C02CF42F
:10B8E000807CA0F820C0848BB0F820C04FF6FF7594
:10B8F00005EA012124F0F30405EA03131A43224365
:10B900002CF42063194341F480718283018430BC9C
:10B91000704730B4B0F820C02CF4805CA0F820C090
:10B92000848BB0F820C04FF6FF7505EA013124F48E
:10B93000734405EA0222224305EA03331A432CF436
:10B940002043194341F480518283018430BC704705
:10B9500010B5104C8021204600F0A1F9012817D124
:10B9600000228021204600F0DFF9002002F0B6F826
:10B97000012002F0B3F8022002F0B0F8032002F038
:10B98000ADF88021204600F06EF80349012048718F
:10B9900010BD000000000140E802001010B5084C86
:10B9A0000121204600F07BF9012808D10121204621
:10B9B00000F059F8BDE810400A200DF0CBB810BDDA
:10B9C0000048014010B5084C0121204600F067F9FD
:10B9D000012808D10121204600F045F8BDE81040BB
:10B9E00005200DF0B7B810BD0010004010B5084C90
:10B9F0000121204600F053F9012808D101212046F9
:10BA000000F031F8BDE8104006200DF0A3B810BDDD
:10BA10000014004010B5084C0121204600F03FF909
:10BA2000012808D10121204600F01DF8BDE8104092
:10BA30000D200DF08FB810BD002000400A884B8803
:10BA4000B1F806C01A438B8843EA0C031A430B89EA
:10BA50001A434B8989891A431143A0F8441070474F
:10BA6000C94301827047C94301827047002904D04D
:10BA7000018841F0010101807047018821F0010136
:10BA800001807047002906D0B0F8441041F400410D
:10BA9000A0F844107047B0F84410C1F30E01A0F8AC
:10BAA0004410704710B5A0F18041B1F5803149D004
:10BAB000B0F1804F5AD0A0F18041B1F580614BD0F8
:10BAC000A0F18041B1F500615AD0A0F18041B1F5FB
:10BAD00040615FD0A0F18041B1F5805164D0A0F108
:10BAE0008041B1F5A05169D0A0F18041B1F582311A
:10BAF0006ED0A0F18041B1F5A03173D0A0F18041AA
:10BB0000B1F5A23179D0A0F18041B1F5A4317CD05A
:10BB1000A0F18041B1F5C05178D0A0F18041B1F5DC
:10BB2000E05174D0A0F18041B1F5005170D10121F4
:10BB30000802FFF751FCBDE8104000214FF480706F
:10BB4000FFF74ABC01210846FFF762FC0021BDE86F
:10BB500010400120FFF75CBC01210220FFF73CFCF4
:10BB60000021BDE810400220FFF736BC0121084645
:10BB7000FFF732FC0021BDE810400120FFF72CBC8C
:10BB800001210420FFF728FC0021BDE8104004201B
:10BB9000FFF722BC01210820FFF71EFC0021BDE8B1
:10BBA00010400820FFF718BC01211020FFF714FCFB
:10BBB0000021BDE810401020FFF70EBC012120201D
:10BBC000FFF70AFC0021BDE810402020FFF704BC6D
:10BBD00001210220FFF71CFC0021BDE810400220DB
:10BBE000FFF716BC01210804FFF712FCBDE8104066
:10BBF00000214FF48030FFF70BBC01214804FFF710
:10BC000007FC00214FF4003003E006E010E019E0EB
:10BC100022E0BDE81040FFF7FBBB01218804FFF7DD
:10BC2000F7FBBDE8104000214FF48020FFF7F0BB88
:10BC300001214020FFF7D0FB0021BDE8104040204B
:10BC4000FFF7CABB01218020FFF7C6FB0021BDE83A
:10BC500010408020FFF7C0BB10BD30B40589B0F89C
:10BC600018C0048C25F0070529432CF0030C2CF494
:10BC7000407C40F201154CEA050C24F022044FF6FA
:10BC8000FF7505EA03131A4322430181A0F818C087
:10BC9000028430BC704781827047406A7047024618
:10BCA0000020128A0A4200D00120704770B5054674
:10BCB0000C462188B4F802C0A288238900290DD03F
:10BCC000042915D008291DD061462846FFF721FE1A
:10BCD000E1882846BDE8704000F05BB9614628461F
:10BCE000FFF7C0FDE1882846BDE8704000F035B997
:10BCF00061462846FFF7D1FDE1882846BDE870403F
:10BD000000F033B961462846FFF7E6FDE188284692
:10BD1000BDE8704000F035B900210180418001226A
:10BD20008280C18001817047002A03D0828911433B
:10BD300081817047828922EA01018181704710B4B4
:10BD4000028C22F001020284028C8388B0F818C0B1
:10BD50002CF0700C2CF0030C0C8844EA0C0C22F034
:10BD600002028C8922434C882243A0F18044B4F51E
:10BD7000803404D0A0F18044B4F582340FD122F095
:10BD80000802CC89224322F004028C88224323F447
:10BD9000807323F400730C8A23434C8A23438380EB
:10BDA000A0F818C089684163028410BC704730B4A1
:10BDB000028C22F010020284028C8388B0F818C032
:10BDC0002CF4E04C2CF440740D884FF6FF7C0CEA08
:10BDD00005252C4322F020028D890CEA05152A4303
:10BDE0004D880CEA05152A43A0F18045B5F580354C
:10BDF00004D0A0F18045B5F5823518D122F080023B
:10BE0000CD890CEA05152A4322F040028D880CEA00
:10BE100005152A4323F4806323F400630D8A0CEA9A
:10BE200085052B434D8A0CEA850C4CEA030383807D
:10BE3000048389688163028430BC704730B4028C0B
:10BE400022F480720284028C8388B0F81CC02CF02B
:10BE5000700C2CF0030C0C8844EA0C0422F40072E1
:10BE60008D894FF6FF7C0CEA05252A434D880CEAA4
:10BE700005252A43A0F18045B5F5803504D0A0F111
:10BE80008045B5F5823518D122F40062CD890CEADF
:10BE900005252A4322F480628D880CEA05252A4371
:10BEA00023F4805323F400530D8A0CEA05152B4329
:10BEB0004D8A0CEA051C4CEA03038380848389685D
:10BEC000C163028430BC704730B4028C22F48052CB
:10BED0000284038C8288B0F81CC02CF4E04C2CF453
:10BEE000407C0D884FF6FF7404EA052545EA0C0CEA
:10BEF00023F400538D8904EA05352B434D8804EA69
:10BF000005352B43A0F18045B5F5803504D0A0F16F
:10BF10008045B5F5823505D122F480420D8A04EAC8
:10BF2000851422438280A0F81CC0896801640384C0
:10BF300030BC7047018582827047828822F070028F
:10BF4000828082881143818070474163704781639A
:10BF50007047C163704701647047028B22F00C0286
:10BF60000283028B114301837047028B22F44062EB
:10BF70000283028B4FF6FF7303EA01211143018311
:10BF80007047828B22F00C028283828B1143818363
:10BF90007047828B22F440628283828B4FF6FF735C
:10BFA00003EA0121114381837047000010B4028825
:10BFB0001C4BDFF874C0984213D0604511D0B0F12B
:10BFC000804F0ED0A0F18044B4F5806409D0A0F178
:10BFD0008044B4F5006404D0A0F18044B4F540641A
:10BFE00003D122F070024C882243A0F18044B4F5C2
:10BFF000805408D0A0F18044B4F5A05403D022F4BA
:10C0000040720C89224302804A68C2620A88028513
:10C01000984201D0604501D1897A0186012181824F
:10C0200010BC704700000140000401404FF0FF3198
:10C0300041600021018001814180817270470021AF
:10C0400001608180704700210160818081717047AB
:10C050000021016041607047C9B241EA012141EA13
:10C06000014101608180704703B40198410000984C
:10C0700050EAC12018BF04204A0D18BF40F001004B
:10C0800040F2FF72B2EB515F08BF40F0020001289E
:10C0900008BF052002B0704712F0004F1FBF22F00A
:10C0A0000042D21D22F00703102202BFD21C22F050
:10C0B00003030C221BB103EB020C8C4501D90120B8
:10C0C0007047024401448360C0E90021C91AD018B6
:10C0D00088429CBF10600246F9D90020106070476A
:10C0E00030380A2801D20120704700207047000034
:10C0F0002DE9F0470027DFF8909000280CDA23495B
:10C10000D9F8002020F000400968024401EB410109
:10C11000B2EB910F18D8012705460F3020F0030627
:10C120000FB9C5F7C3F81A4CD4E90002011B891AEC
:10C13000B1420CD2044600680028F5D127B9C5F7F2
:10C14000A8F80020C5F7F1F80020BDE8F08772B12B
:10C15000101921680160206000F10808C0F804602F
:10C16000D9F800103144C9F8001027B105E004F1F6
:10C1700008086660F4E7C5F78CF8A8F800500020BE
:10C18000A8F802004046E0E7B4040010480300109D
:10C19000802600102DE9F047074689469046002684
:10C1A000284C294D0BE0207838B10422394604F19F
:10C1B0000A0005F045FB012835D00E34761C28888E
:10C1C0008642F0DB2149384605F074FAD0B91F48A1
:10C1D00004220021001D05F059FB10B10020BDE82C
:10C1E000F0870026174C0AE0207830B10622494635
:10C1F000201D05F025FB01281AD00E34761C288856
:10C200008642F1DB404600F027F80028E7D00D49D0
:10C21000C0EBC00001EB40040E3C0422394604F19F
:10C220000A0005F01DFB06224946201D05F018FBFB
:10C2300007480088E07007480078A070032020704D
:10C240000120CCE7602400103E03001024240010DD
:10C250004003001038030010F0B5054601211648D0
:10C260000E46164A03E0037853B10E30491C13887A
:10C270009942F8DD1248104B0488002001210DE09E
:10C28000067045700846F0BD5F78012F04D1DF7855
:10C29000A74201D83C4608460E33491C1788B942CC
:10C2A000F2DD0028EFD0044AC0EBC00102EB4101EF
:10C2B00001F80E6D4D70F0BD602400103E030010BB
:10C2C000400300102DE9F04781460F4600253D4C04
:10C2D0003D4E0BE0207838B10422494604F10A00B3
:10C2E00005F0AEFA012815D00E346D1C3088854259
:10C2F000F0DB3649484605F0DDF9DFF8C880334DFC
:10C3000001284FF0040209D00021281D05F0BEFAD3
:10C31000E8BB1DE0207803284ED350E04946281D95
:10C3200005F08EFA012806D104220021281D05F00F
:10C33000ADFA00B900273846FFF78EFF06003CD063
:10C34000C6EBC60108EB41040E3C042249461DE041
:10C3500000271C4C0BE0207838B10422291D04F181
:10C360000A0005F06DFA0128D4D00E347F1C308805
:10C370008742F0DB0020FFF76FFF06001DD0C6EB01
:10C38000C60108EB41040E3C0422291D00E013E025
:10C3900004F10A0005F064FA06220D49201D05F09B
:10C3A0005FFA0C480078A0700B480078E0703046C7
:10C3B00000F036F9022020700020BDE8F08720460A
:10C3C000FBE70000602400103E030010242400104E
:10C3D00084A90608380300103903001070B50D4613
:10C3E000064604220E4905F02BFA012814D03046E7
:10C3F00005F072F901280FD029463046FFF762FF99
:10C40000040008D00422314604F10A0005F018FAAD
:10C41000012802D002E0002070BD6570012070BDCF
:10C4200080A906082DE9F0470026DFF8D480DFF860
:10C43000D490B246344F5DE0B9F80050691C89B21F
:10C44000A9F800103A88914201D3A9F800A02F4919
:10C45000C5EBC50001EB40042078C8B3E07820B1FB
:10C46000401E10F0FF00E07043D1607801280AD12F
:10C470000422274904F10A0005F0E2F9012806D058
:10C480006078012818D010F0FF0F02D031E084F856
:10C4900001A004221F4904F10A0005F0D1F9012886
:10C4A00017D02078032818D0A07800B3401E10F0D1
:10C4B000FF00A0701BD012E02078032817D0A078CE
:10C4C000A8B1401E10F0FF00A07010D0022005E0BF
:10C4D0000FE011480088E0700BE00420207098F80D
:10C4E0000000E070681CBDE8F04700F099B884F8DF
:10C4F00000A0761C388886429EDBBDE8F0870000ED
:10C5000039030010280300103E03001060240010BF
:10C510002824001080A90608400300102DE9F041EE
:10C5200006460025134C00F10E08134F0DE020784D
:10C5300048B1012807D0042204F10A01404605F061
:10C540007FF9012806D00E346D1C38888542EEDB59
:10C55000BDE8F081062206F10801201D05F080F9F2
:10C5600006480088E07006480078A070032020701C
:10C57000EEE70000602400103E03001040030010AE
:10C58000380300102DE9F04105460E462A20FFF73A
:10C59000AFFD044605F1080106220F46001D05F017
:10C5A0005FF906221C4904F10A0005F059F94FF41D
:10C5B000C16020824FF4807060820820A082062033
:10C5C000A0750420E075268304F124000622394674
:10C5D000064605F045F905F10E0104F12A00042292
:10C5E000054605F03DF906220B4904F11A0005F055
:10C5F00037F90422094904F1200005F031F901223C
:10C6000031462846FFF7C6FD2046C4F73EFE2046C9
:10C61000BDE8F04100F0BCB84C0300102424001029
:10C6200070B505462A20FFF763FD0446062223491C
:10C63000001D05F015F90622214904F10A0005F054
:10C640000FF94FF4C16020824FF48071618208209D
:10C65000A0820620A0750420E075218306221849D7
:10C6600004F11A0005F0FCF80422164904F1200038
:10C6700005F0F6F84FF0060265B1002104F1240040
:10C6800005F0FCF81049C5EBC50001EB40010422A0
:10C69000091F06E0094904F1240005F0E1F8094901
:10C6A000042204F12A0005F0DBF82046C4F7EDFD72
:10C6B0002046BDE8704000F06BB8000084A9060871
:10C6C0004C030010242400106024001006220249AC
:10C6D000001D05F0B5B800004C03001070B504460D
:10C6E00000F12205204E04222049284605F0A8F832
:10C6F00038BB0422002104F11E0005F0C7F808B180
:10C70000002070BD28780E21B1EB101F0ED1012042
:10C710002071002060715E20A071687800F07F00B9
:10C72000E071A8782072E87860720FE0284604F083
:10C73000D3FF30B901212846FFF7C4FD0028E0D01F
:10C74000061D06223146201D05F08AF806220849FA
:10C7500004F10A0005F084F8082020822046C4F77E
:10C7600094FD012070BD000084A9060880A9060878
:10C770004C0300108A68002A02DC0022C7F74DB97A
:10C78000521E8A604A68C0B2531C4B6010707047DA
:10C7900070B500282AD0A0F10806154C0025C4F772
:10C7A00085FD09E0254624682068800703D0C4F78A
:10C7B00070FD022010E064B1B442F3D10D4861680D
:10C7C0000B4B0268511A01609C4209D10020606045
:10C7D00008E0C4F75EFD0120BDE87040C4F7A5BDC8
:10C7E00020682860BDE87040C4F753BD70BD0000EC
:10C7F00080260010B404001070B50446134D09F0F3
:10C80000CBF908B11CB103E04FF0FF3070BD104C04
:10C8100009F0B6F901280DD06168206869602860C8
:10C820000C4800F10C01406801F054F809F0AEF931
:10C83000002070BD082229462046C5F7C6FA10B16F
:10C840004FF0FF3070BD002070BD000018240010B4
:10C85000E0A306082CA5060810B509F091F958B117
:10C86000084C606801F006F8012808D001216068D2
:10C8700001F046F8002010BD4FF0FF3010BD002041
:10C8800010BD00002CA5060800B585B009F022FAFD
:10C89000012810D009F008FA0020009001904FF410
:10C8A000804002904FF4706003906846FDF704FDED
:10C8B00005B0002000BD05B04FF0FF3000BD000006
:10C8C0002DE9F04198B009F005FA012800F0DF8069
:10C8D00009F0EAF901218805FEF754FD012108025B
:10C8E000FEF788FD01218802FEF784FD012108463C
:10C8F000FEF748FD01210220FEF744FD0121202022
:10C90000FEF740FDDFF890814046FEF757F900241E
:10C91000039462480490624D686805900694042769
:10C92000079708943802099040000A9080000B9005
:10C9300040110C9040020D900E9701260F96109416
:10C94000119403A94046FEF7FDF901214046FEF788
:10C9500028F9DFF850814046FEF730F9B10603911F
:10C960005149049168680830059003A94046FEF7D4
:10C97000E9F901214046FEF714F96846FEF7D0FBBD
:10C98000032500958DF804508DF807406946474807
:10C99000FEF758FB182000908DF804508DF80740E2
:10C9A00069464348FEF74EFB4FF44C7000908DF8FB
:10C9B00004508DF8074069463E48FEF743FB129449
:10C9C0008DF84C608DF84D601494159416948DF884
:10C9D0005C70394C12A92046FDF770FD374D12A945
:10C9E0002846FDF76BFD01231A4608212046FDF776
:10C9F00091FD0123022203212046FDF78BFD012337
:10CA0000032209212046FDF785FD0422012311465A
:10CA10002046FDF77FFD01231A460E212846FDF72B
:10CA200079FD0123022206212846FDF773FD01232B
:10CA300003220F212846FDF76DFD01230422072163
:10CA40002846FDF767FD01212046FDF757FC01212F
:10CA50002846FDF753FC01212046FDF743FC012148
:10CA60002846FDF73FFC01212046FDF718FC012177
:10CA70002846FDF714FC2046FDF794FD2846FDF7F7
:10CA800091FD09F08FF818B00020BDE8F08118B0D2
:10CA90004FF0FF30BDE8F081106402404C200140AF
:10CAA00004030010286402404C22014000040240AC
:10CAB000000002400014024000200140002201401A
:10CAC000F0B599B009F006F901287DD009F0ECF82D
:10CAD00001218805FEF756FC01214802FEF78AFC79
:10CAE00001210846FEF74EFC01210420FEF74AFC16
:10CAF0003C4F3846FEF762F84FF0007003903A481A
:10CB000004903A484068203005900024069403259C
:10CB1000079508943815099040000A9080000B9002
:10CB200040110C9040020D9004200E9001260F96AB
:10CB30001094119403A93846FEF704F901213846F0
:10CB4000FEF72FF8202000908DF804508DF8074054
:10CB500069462748FEF776FA00968DF804508DF85E
:10CB6000074069462348FEF76DFA12948DF84C6031
:10CB70008DF84D601494159416948DF85C501E4CED
:10CB800012A92046FDF79AFC072301220521204621
:10CB9000FDF7C0FC072302220A212046FDF7BAFC5C
:10CBA0000120FDF705FD0723032210212046FDF794
:10CBB000B1FC01212046FDF7A1FB01212046FDF734
:10CBC00091FB0121204600E007E0FDF768FB2046CD
:10CBD000FDF7E8FC19B00020F0BD19B04FF0FF30B0
:10CBE000F0BD0000406402404C21014004030010ED
:10CBF00000000240000802400021014010B5044638
:10CC0000204601F08BFB30B109F05AF830B144B145
:10CC1000012C06D007E04FF0FF3010BD4FF0FF3081
:10CC200010BDECB10024012133489FED340A042CDF
:10CC300019D2406801EB440130F8111000EB4400B8
:10CC4000B0F91800A1EB000000EE900AF8EEE00A3F
:10CC500020EE800ABDEEC00A10EE100A00B210BD30
:10CC60004FF00104DFE723D14068C188B0F91A20F2
:10CC7000A1EB020100EE901AF8EEE00A60EE800AE5
:10CC8000FDEEE00A10EE901A09B24288B0F91800E1
:10CC9000A2EB000000EE900AF8EEE00A20EE800A17
:10CCA000BDEEC00A10EE100A01FA80F000B210BD0D
:10CCB000052CFCD140684289B0F91C10511A00EED5
:10CCC000901AF8EEE00A60EE800AFDEEE00A10EE3F
:10CCD000901A09B2C289B0F91E00101A00EE900A2B
:10CCE000F8EEE00A20EE800ABDEEC00A10EE100A4F
:10CCF00001FA80F000B210BD04030010002474405B
:10CD000010B50446204601F009FB30B108F0D8FF09
:10CD100030B144B1012C06D007E04FF0FF3010BD18
:10CD20004FF0FF3010BDB4B100240D48406830F81A
:10CD300024000DF039F89FED0C1B53EC112B0DF076
:10CD400047F89FED0B1B53EC112B0DF041F8BDE89C
:10CD500010400CF0E5BF0124E7E7000000000000F0
:10CD600004030010000000000D0078ECFF7BB540CC
:10CD7000000000000000303F012000F001B800007A
:10CD800010B504462DED028B012C03D90020BDEC1B
:10CD9000028B10BD08F094FFD8B11948406800EB31
:10CDA0004400008C9FED188BBCB1012CEFD10CF02E
:10CDB000FBFF9FED171B53EC112B0DF009F853EC03
:10CDC000182B0DF005F8BDEC028BBDE810400CF0FF
:10CDD000A7BFBDEC028B002010BD0CF0E5FF9FED5E
:10CDE0000E1B53EC112B0CF0F3FF53EC182B0CF033
:10CDF000EFFFBDEC028BBDE810400CF091BF0000CE
:10CE00000403001000000000000000000000303F9C
:10CE1000037C9CF63FEBF0400D0078ECFF7BB540C7
:10CE20000249896A002900D0084770473C3F00103A
:10CE3000024600200349496A002901D010460847EC
:10CE4000704700003C3F001010B500280CD0184976
:10CE50000A78012A0FD002680A6242688A618268F1
:10CE6000CA61C2687AB90DE012A1E12000F044F86D
:10CE70004FF0FF3010BD16A1E02000F03DF84FF05C
:10CE8000FF3010BD1A4A4A62026902B9194A8A6221
:10CE9000D0F808C0C468436802680069C1F80CC0D3
:10CEA0000C618B604A60486101200870002010BD51
:10CEB0003C3F001068616C5F626173655F696E6919
:10CEC000742829206E65656473206366670000001E
:10CED00068616C5F626173655F696E69742829209F
:10CEE000616C72656164792063616C6C65640000DB
:10CEF000ED5C0608E95C060870B504460D4600F0D6
:10CF000037F80A48026A4AB1294620469047F02C71
:10CF100000D0FEE7BDE8704000F01AB8F02C00D059
:10CF2000FEE7BDE8704000F013B800003C3F001081
:10CF300010B5044600F01CF8044A126A12B12146EA
:10CF4000F0209047BDE8104000F002B83C3F0010D0
:10CF500010B502F0D7F9012806D00448C0690028AE
:10CF600002D0BDE81040004710BD00003C3F00105B
:10CF700010B502F0C7F9012806D0044880690028DE
:10CF800002D0BDE81040004710BD00003C3F00103B
:10CF90000020704710B50446204608F0ABFE58B19B
:10CFA000FFF7E6FF204602F0DFFB204602F05CFAC6
:10CFB000FFF7CEFF002010BD4FF0FF3010BD70B561
:10CFC00005460C461646284608F094FE38B14CB18A
:10CFD000324621462846BDE8704002F0A5BA4FF01F
:10CFE000FF3070BD4FF0FF3070BD00002DE9F04301
:10CFF0008DB006460C46454800EB86077D683046F6
:10D0000008F08EFE08B12CB105E00DB04FF0FF30F6
:10D01000BDE8F0833E4C304608F06CFE012801D09C
:10D020007DB11BE0202229462046C4F7CEFE20B168
:10D030000DB04FF0FF30BDE8F0830DB00020BDE82B
:10D04000F0832079617900B119B932A1E320FFF7AB
:10D0500053FF202000F09EFC0546786094E80F10F6
:10D06000D4F81C90D4F81880676985E80F10C5F8CB
:10D070001C90C5F818806F61334D0021A85D00F049
:10D08000CBF8A85D00F0B4F8607808B1012000E0AA
:10D0900000208DF8280000200B9008F039FE0AA926
:10D0A000304602F073FB20B10DB04FF0FF30BDE809
:10D0B000F08320798DF80400A0788DF80500A06831
:10D0C0000290E068039060798DF81000E0788DF8A8
:10D0D0001100206905906069069001208DF81C0000
:10D0E000A0690890E069099001A9304602F044FA6D
:10D0F00020B10DB04FF0FF30BDE8F083304608F0AE
:10D1000001FE0DB00020BDE8F0830000DC2300101C
:10D1100098A3060868616C5F63616E5F696E6974ED
:10D1200028293A206E656564206E6F6E2D7A6572CF
:10D130006F20747820616E64207278206669666F53
:10D140002073697A6573000094A3060870B50546DC
:10D150000C46284608F0CEFD30B144B121462846A1
:10D1600002F090FA002070BD4FF0FF3070BD4FF01C
:10D17000FF3070BD70B506460D461446304608F0C7
:10D18000B9FD48B15DB1012C0CD0002229463046D2
:10D19000BDE8704002F0A4BA4FF0FF3070BD4FF010
:10D1A000FF3070BD0122F1E770B505460C462846F8
:10D1B00008F0A0FD30B144B121462846BDE87040DA
:10D1C00002F0A4BA4FF0FF3070BD4FF0FF3070BDD9
:10D1D00008F0A6BD10B50446204608F08BFD20B12E
:10D1E0002046BDE8104002F0B1BA4FF0FF3010BD4C
:10D1F00010B50446204608F09BFD38B1054800EB09
:10D200000410C16820468847002010BD4FF0FF3051
:10D2100010BD000068A606082DE9F04107460D463E
:10D220001B4800EB87067468384608F0ADFD0128FE
:10D2300003D06FF00E00BDE8F08105B9154D3846FA
:10D2400008F076FD012801D06CB111E001222146E1
:10D250002846C4F7BAFD18B14FF0FF30BDE8F081A1
:10D260000020BDE8F081012000F094FB04467060CE
:10D27000287820702946384608F068FD04462000CA
:10D2800002D1384608F05CFD2046BDE8F081000080
:10D29000683F0010F8A706082DE9F0410546002D6B
:10D2A0000AD01A4C207878B119A1E020FFF724FEAB
:10D2B0004FF0FF30BDE8F0811DA1E120FFF71CFE1B
:10D2C0004FF0FF30BDE8F08195E80F10241DD5F830
:10D2D0001C80AF696E69A4E80F10183CC4F8208068
:10D2E000E761A6612846FFF7AFFD05F1140001F0E4
:10D2F00017F805F1150000F0AFFA05F1180001F07C
:10D30000E9FF012020700020BDE8F081802300109B
:10D3100068616C5F636F72655F696E69742829204C
:10D32000616C72656164792063616C6C6564000096
:10D3300068616C5F636F72655F696E69742829202C
:10D340006E656564732063666700000010B5084869
:10D350000178012906D00749E020FFF7CDFD4FF005
:10D36000FF3010BD02210170FFF712FE002010BD3A
:10D370008023001014AC0608104BC0EBC00203EB76
:10D380008202121D012811D002280FD04FF0FF3069
:10D390000246B0F1FF3F0CD0B2F1FF3F09D081420D
:10D3A00009D31044884206D901207047106852689A
:10D3B000EFE70020704700207047000094A60608A1
:10D3C00070B505460C466FF00E06284608F0F2FCD4
:10D3D000012801D0304670BD04B91C4C284608F025
:10D3E000DBFC01280AD01A49C5EBC50001EB80001F
:10D3F000041D012D10D0022D21D10DE00DB1002012
:10D4000070BD082213492046C4F7DFFC10B14FF06D
:10D41000FF3070BD002070BD207A002100F0D6FAE8
:10D420000028F8D1226942B1606930B1A06920B109
:10D430002846E1689047064601E04FF0FF3616B9EE
:10D44000284608F0B1FC002070BD0000F0A10608DD
:10D4500094A60608B82300102DE9F84304460F46A9
:10D46000154698464FF0FF36204608F095FC0128F7
:10D4700002D03046BDE8F883B8F1000F16D0ADB148
:10D4800039462046FFF778FFA0B17819411E2046A3
:10D49000FFF772FF90B11249C4EBC40001EB8000AA
:10D4A000001D012C0ED0022C16D10BE04FF0FF30E6
:10D4B000BDE8F8834FF0FF30BDE8F8834FF0FF3050
:10D4C000BDE8F88300210091D0F814C043462A46F5
:10D4D00039462046E04706463046BDE8F88300005E
:10D4E00094A606082DE9F84304460F4615469846CB
:10D4F0004FF0FF36204608F04FFC012802D030469E
:10D50000BDE8F883B8F1000F16D0ADB1394620461A
:10D51000FFF732FFA0B17819411E2046FFF72CFF1C
:10D5200090B11249C4EBC40001EB8000001D012C36
:10D530000ED0022C16D10BE04FF0FF30BDE8F8837F
:10D540004FF0FF30BDE8F8834FF0FF30BDE8F883BF
:10D5500000210091D0F818C043462A46394620469B
:10D56000E04706463046BDE8F883000094A606086A
:10D5700002F0CCBB02F0D6BB2DE9F0410746394D95
:10D580006C6808F039FC012803D06FF00E00BDE88C
:10D59000F08137B1002008F019FC012805D08CB1CA
:10D5A00015E06FF00100BDE8F081102221463846F9
:10D5B000C4F70BFC18B14FF0FF30BDE8F08100203C
:10D5C000BDE8F081302000F0E5F9044668602648A7
:10D5D00085784678FF2D00D17D78FF2E00D1BE786A
:10D5E0001DB922A0FFF7A4FC02251EB92DA0FFF74C
:10D5F0009FFC022697E80F0084E80F0078684268D5
:10D600000168806862612161A061002000F07CF8FF
:10D6100018B132A1E020FFF76FFCE168A0686162F9
:10D620002062002084F82800207884F8290084F8FB
:10D630002A5084F82B6008F0D7FB04F1200002F098
:10D640008FFB18B14FF0FF30BDE8F081002000F0F3
:10D65000DBF8002008F0C2FB00F054F80020BDE821
:10D66000F0810000F802001078A5060868616C5F80
:10D670006574685F696E6974282920666F756E64C9
:10D68000207478646D61636170616369747920618D
:10D690007420302E2073657420697420746F2032DA
:10D6A0000000000068616C5F6574685F696E697492
:10D6B000282920666F756E64207278646D616361DD
:10D6C00070616369747920617420302E20736574F1
:10D6D00020697420746F20320000000068616C5F64
:10D6E0006574687472616E736365697665725F698B
:10D6F0006E69742829206661696C65640000000009
:10D7000002F01CBC02F06CBC70B50546174E746884
:10D71000002008F0BBFB012802D06FF00E0070BDA6
:10D7200005B9134D002008F06DFB012801D05CB154
:10D730000FE0012221462846C4F747FB10B14FF005
:10D74000FF3070BD002070BD012000F023F90446B9
:10D75000706028782070284608F062FB044620009C
:10D7600001D108F057FB204670BD0000CC0200102C
:10D770007CA3060870B505460E461446002008F046
:10D7800077FB50B164B1084823463246D0F820C038
:10D790002946BDE87040002060474FF0FF3070BD63
:10D7A0004FF0FF3070BD000018A7060810B5044602
:10D7B000002008F05DFB38B14CB106482146826973
:10D7C000BDE81040002010474FF0FF3010BD6FF053
:10D7D000010010BD18A7060870B504460D460020CC
:10D7E00008F046FB40B154B106482A462146C369B9
:10D7F000BDE87040002018474FF0FF3070BD4FF07B
:10D80000FF3070BD18A7060838B50446002008F0A0
:10D81000F9FA90B1002008F02BFB012810D06846DF
:10D8200002F098FC002807D114B19DF80000207088
:10D83000002008F025FB002038BD4FF0FF3038BD38
:10D84000684602F011FC002CF9D0684602F04AFC50
:10D850009DF80010217038BD10B5002008F01EFBA7
:10D86000012804D0002008F023FB002010BD4FF059
:10D87000FF3010BD31B582B01548406801909DF869
:10D880000850FF2D0BD0BDF80A4044B12146284670
:10D8900008F08AFB012805D003B0032030BD03B097
:10D8A000032030BD8DF80450ADF8064021462846CF
:10D8B00008F092FB012805D0019803B0BDE8304084
:10D8C00002F0AEBE019803B0BDE8304002F0E4BE05
:10D8D000B8A3060803B4002900D108490A78022A2F
:10D8E00007D04B78BDF802109DF8000002B008F098
:10D8F000EFBA009802B008F0E1BA0000C8A3060829
:10D9000073B582B00E461748006801909DF8085024
:10D91000FF2D0ED0BDF80A405CB1032E09D0214680
:10D92000284608F041FB012807D004B04FF0FF3033
:10D9300070BD04B04FF0FF3070BD2146284608F09E
:10D940004BFB012803D004B04FF0FF3070BD8DF8C1
:10D950000450ADF806403146019802F0C5FE04B00F
:10D96000002070BDB8A306084FF0FF3070474FF09D
:10D97000FF3070474FF0FF3070470020704710B500
:10D9800004462068002803D0FFF74AFA00202060F0
:10D9900010BD000010B5FFF74BFA0446200003D17C
:10D9A00002A1E220FFF7A8FA204610BD68616C5F73
:10D9B000686561705F6E657728293A206E6F206810
:10D9C00065617020616E796D6F72650008F01CBB37
:10D9D00008F07EBB10B50446204608F0AFFBA8B1A6
:10D9E000204608F09DFB012813D00B4800EBC40033
:10D9F0000A498068FFF76EFF002806D1204608F02C
:10DA000097FB204600F00CF8002010BD4FF0FF30CF
:10DA100010BD002010BD00003CA706088CA306081E
:10DA200038B504460C4840680090204608F078FB62
:10DA300070B10A4901EBC400027A8DF800204089D8
:10DA4000ADF8020049790098BDE8384002F04CBEBC
:10DA50004FF0FF3038BD000080A306083CA7060841
:10DA600038B504460C4800680090204608F058FB82
:10DA700070B10A4901EBC400027A8DF80020408998
:10DA8000ADF8020009790098BDE8384002F02CBEDC
:10DA90004FF0FF3038BD000080A306083CA7060801
:10DAA00038B504460B4880680090204608F038FBE3
:10DAB00068B1094800EBC400017A8DF80010408974
:10DAC000ADF802000098BDE8384002F0F9BD4FF013
:10DAD000FF3038BD80A306083CA706082DE9F047B3
:10DAE0008146484608F032FB68B14B4FDFF82C8185
:10DAF00000254B4C4B4EB9F1060F6AD2DFE809F016
:10DB00000714212E3B524FF0FF30BDE8F0876078BC
:10DB100018B900213846FDF7B5FF4FF400513046E3
:10DB2000FDF7FAFA257074E0207818B9002138461C
:10DB3000FDF7A8FF4FF480513046FDF7EDFA657010
:10DB400067E0E07818B900214046FDF79BFF4FF4ED
:10DB500080413046FDF7E0FAA5705AE0A07818B988
:10DB600000214046FDF78EFF4FF400413046FDF79F
:10DB7000D3FAE5704DE0607818B900213846FDF71A
:10DB800081FF4FF400513046FDF7C6FA25700021A1
:10DB90003846FDF777FF4FF480513046FDF7BCFA69
:10DBA000657036E0E07818B900214046FDF76AFF5D
:10DBB0004FF480413046FDF7AFFAA5700021404692
:10DBC000FDF760FF4FF400413046FDF7A5FAE57020
:10DBD0001FE000213846FDF755FF00214046FDF7C4
:10DBE00051FF4FF480513046FDF796FA4FF4005143
:10DBF0003046FDF791FA4FF480413046FDF78CFA3C
:10DC00004FF400413046FDF787FA25706570A57026
:10DC1000E5700020BDE8F0870000014000040140ED
:10DC2000E0020010001002402DE9F04106463046A7
:10DC300008F08CFA60B101253F48404F404CDFF8B6
:10DC40000481062E57D2DFE806F007121D2935455C
:10DC50004FF0FF30BDE8F0810121FDF713FF4FF4D5
:10DC600000513846FDF75AFA2570BDE8F0810121D0
:10DC7000FDF708FF4FF480513846FDF74FFA657005
:10DC8000BDE8F08101214046FDF7FCFE4FF48041E4
:10DC90003846FDF743FAA570BDE8F0810121404602
:10DCA000FDF7F0FE4FF400413846FDF737FAE57016
:10DCB000BDE8F0810121FDF7E5FE4FF40051384643
:10DCC000FDF72CFA4FF480513846FDF727FA2571FD
:10DCD000BDE8F08101214046FDF7D4FE4FF48041BC
:10DCE0003846FDF71BFA4FF400413846FDF716FAA7
:10DCF0006571BDE8F0810121FDF7C4FE01214046B8
:10DD0000FDF7C0FE4FF480513846FDF707FA4FF497
:10DD100000513846FDF702FA4FF480413846FDF7CE
:10DD2000FDF94FF400413846FDF7F8F925706570AC
:10DD3000A570E570BDE8F0810000014000100240D0
:10DD4000E0020010000401400148407970470000E3
:10DD5000E80200102DE9F04F9BB00C4608F008FADD
:10DD6000012800F0C881FE2601211020FDF70AFBE2
:10DD70006846FDF7D5F94FF4704000904FF0010967
:10DD80008DF8049000248DF805408DF806408DF83C
:10DD900007406946E248FDF755F94FF48051E048E5
:10DDA000FDF7BCF94FF40051DD48FDF7B7F94FF42A
:10DDB0008041DB48FDF7B2F94FF40041D848FDF748
:10DDC000ADF901210820FDF7DDFA6846FDF7A8F955
:10DDD0000F2000908DF804408DF8054001208DF84B
:10DDE00006008DF807406946CE48FDF72BF9012162
:10DDF0000846FDF7C7FA6846FDF792F94FF47460DC
:10DE0000009002278DF804708DF805708DF806409B
:10DE100001208DF80700C44D69462846FDF712F928
:10DE2000012206212846FDF758F90122082128463B
:10DE3000FDF753F9012209212846FDF74EF9012289
:10DE40000A212846FDF749F901220B212846FDF752
:10DE500044F9B648FDF726FE18A8FEF7E7F80121B9
:10DE60000846FDF7C7FAADF860404FF06008ADF81E
:10DE700062804FF4526ACDF864A0ADF8684001208A
:10DE80008DF86A0018A9A948FEF790F8ADF84C8003
:10DE90000120ADF84E00ADF850401594ADF8584053
:10DEA0004FF0080BADF85AB0ADF85C40ADF85E40ED
:10DEB00013A99E48FDF743FF4FF4D255159513A9BA
:10DEC0009A48FDF73CFF159513A99848FDF76FFF99
:10DED000159513A99548FDF7B1FF159513A993481A
:10DEE000FDF7F2FFB802ADF81C004010ADF81E00BF
:10DEF0008010ADF820005420ADF82200F802ADF8F3
:10DF000024004000ADF82600ADF8284007A9874856
:10DF1000FDF794FD80218548FDF7A5FD01228021B4
:10DF20008248FDF701FF01210802FDF72BFA684640
:10DF3000FDF7F6F8F42000908DF804708DF8057068
:10DF40008DF8064001208DF80700794F6946384664
:10DF5000FDF778F8032204213846FDF7BEF80322C6
:10DF600005213846FDF7B9F8032206213846FDF7AA
:10DF7000B4F8032207213846FDF7AFF80322022147
:10DF80003846FDF7AAF86B4F3846FDF78BFD10A811
:10DF9000FEF74CF801210220FDF72CFAADF84040C5
:10DFA000ADF84280CDF844A0ADF8484001208DF88E
:10DFB0004A0010A93846FDF7F9FFADF82C80012082
:10DFC000ADF82E00ADF830400D94ADF83840ADF806
:10DFD0003AB0ADF83C40ADF83E400BA93846FDF7ED
:10DFE000AEFE0D950BA93846FDF7A9FE0D950BA9C0
:10DFF0003846FDF7DCFE0D950BA93846FDF71EFFF0
:10E000000D950BA93846FDF75FFFF814ADF80C002D
:10E01000ADF80E40C010ADF810005420ADF812005D
:10E02000ADF814407814ADF81600ADF8184003A907
:10E030003846FDF703FD80213846FDF714FD012227
:10E0400080213846FDF770FE20213848FDF775FF26
:10E0500001213648FDF71FFE01213448FDF700FD80
:10E06000002201213148FDF75FFE01212F48FDF715
:10E07000FDFC00212D48FDF705FD00220121384659
:10E08000FDF752FE01213846FDF7F0FC002138462D
:10E09000FDF7F8FC19208DF8080004208DF8090020
:10E0A0008DF80A4001208DF80B0002A8FDF71CF93D
:10E0B000214D6C7118208DF8080003208DF809009F
:10E0C0008DF80A4001208DF80B0002A8FDF70CF92D
:10E0D0000020A5F108010C54401CC0B20628FAD358
:10E0E000FE2E0DD0062E02D2304608F03BF81BB0B3
:10E0F0000020BDE8F08F1BB04FF0FF30BDE8F08F7F
:10E100000024204608F03EF8012804D185F8049048
:10E11000204608F027F8601CC4B2062CF1D3E6E7CD
:10E1200000100240000C02400000024000000140CC
:10E130000020024000040140E80200102DE9F041F7
:10E1400007460C46384608F001F850B1002C0CDBAD
:10E15000B4F5526F01DD4FF45264142C0FDA14241D
:10E160000DE04FF0FF30BDE8F0816042B0F5526F36
:10E1700000DD5A4C6042142801DA6FF01304584D48
:10E18000584E062F45D2DFE807F003192F455B8173
:10E19000002C08DD21462846FDF7DBFE002128463D
:10E1A000FDF7D9FE97E0604204B200212846FDF752
:10E1B000D0FE21462846FDF7CEFE8CE0002C08DD7F
:10E1C00021462846FDF7C1FE00212846FDF7BFFE87
:10E1D00081E0604204B200212846FDF7B6FE2146E8
:10E1E0002846FDF7B4FE76E0002C08DD21463046D7
:10E1F000FDF7ABFE00213046FDF7A9FE6BE0604263
:10E2000004B200213046FDF7A0FE21463046FDF75E
:10E210009EFE60E0002C08DD21463046FDF799FEA9
:10E2200000213046FDF797FE55E0604204B2002120
:10E230003046FDF78EFE21463046FDF78CFE4AE063
:10E24000002C10DD21462846FDF77FFE00212846E0
:10E25000FDF77DFE21462846FDF77BFE002128467E
:10E26000FDF779FE37E0604204B200212846FDF751
:10E270006CFE21462846FDF76AFE00212846FDF780
:10E2800068FE21462846FDF766FE24E0002C10DDDE
:10E2900021463046FDF75DFE00213046FDF75BFE6E
:10E2A00021463046FDF751FE00213046FDF74FFE76
:10E2B00011E0604204B200213046FDF74AFE2146DB
:10E2C0003046FDF748FE00213046FDF73EFE214670
:10E2D0003046FDF73CFE0020BDE8F081E0F2FFFF94
:10E2E000000001400004014010B50A4801790029EE
:10E2F0000DD000214171084C80212046FDF7B3FB71
:10E30000012280212046FDF70FFD002010BD4FF0B7
:10E31000FF3010BDE80200100000014007F032BFDE
:10E3200000B597B012A8FDF781F80E48129B8168DE
:10E33000994207D1C168159A914203D10069149995
:10E3400088420CD0149915980191009006A24021A2
:10E3500002A8C3F709FA02A9E020FEF7CDFD17B025
:10E36000002000BD18A5060868616C5F6D707520FF
:10E3700077726F6E67207370656564733A2063709F
:10E3800075203D20256420687A2C206662757320F4
:10E390003D20256420687A2C2073627573203D200F
:10E3A000256420687A00000010B50446204607F076
:10E3B000F5FE50B1204607F0F9FE054800EB840059
:10E3C000001DFFF7DCFA002010BD4FF0FF3010BD3C
:10E3D000743F001038B5134901EB80014C6807F019
:10E3E000DDFED0B1D4F8020001210090FFF788FAD9
:10E3F000A079FF2814D0A07AFF2811D0012000F0C6
:10E4000063FFD4F806000121FFF77AFAD4F80A0076
:10E410000121FFF775FA002038BD4FF0FF3038BDFD
:10E42000002038BD743F001070B506460D462348E5
:10E4300000EB86004468304607F0B0FE10B1FF2DB7
:10E4400003D00DE04FF0FF3070BDA079FF2802D15E
:10E45000A07AFF2804D03046BDE87040FFF7BABF6D
:10E46000FF2D05D1A079FF2802D1A07AFF281DD069
:10E47000D4F802000121FFF743FA012000F024FF45
:10E480000F48415DD4F80600FFF73AFA0D48415DA8
:10E49000D4F80A00FFF734FA012000F015FFD4F891
:10E4A00002000021FFF72CFA002070BDD4F8020012
:10E4B0000021FFF725FA002070BD0000743F001016
:10E4C000FDA7060800A8060870B50D46074A02EB2E
:10E4D0008002546807F062FE20B1D4F80200286080
:10E4E000002070BD4FF0FF3070BD0000743F001081
:10E4F000F8B507460D462E4800EB87067468384687
:10E5000007F060FE30B1384607F048FE012804D01D
:10E510002DB105E04FF0FF30F8BD0020F8BD254DCE
:10E5200024B90E20FFF736FA044670602878207070
:10E53000214807EB470100EBC1004269C4F8022003
:10E540004168C4F80610C068C4F80A001B491046A8
:10E550000092FFF7BFF9D4F8020001210090FFF705
:10E56000CFF9A079FF281ED0A07AFF281BD0012068
:10E5700000F0AAFED4F806001049FFF7ABF9D4F872
:10E5800006000121FFF7BCF9D4F80A000B49FFF798
:10E59000A1F9D4F80A000121FFF7B2F9384607F0D3
:10E5A0000BFE0020F8BD384607F006FE0020F8BD3F
:10E5B000743F0010FCA7060888A7060804A80608F0
:10E5C00010B50446204607F005FE68B14FF0FF3055
:10E5D0006CB1012C10D0022C14D0032C06D1BDE854
:10E5E00010400B48FDF759BB4FF0FF3010BDBDE8A0
:10E5F00010400848FDF751BBBDE810404FF0804087
:10E60000FDF74BBBBDE810400348FDF746BB0000DB
:10E61000000C004000040040000800402DE9F14FCC
:10E6200088B0089807F0FCFDE8B1089807F0D2FD23
:10E6300001281DD000240225032608984FF0040865
:10E640004FF47A3908274FF4FA4AA8B14FF4802BD7
:10E65000012866D002287CD0032800F0208109B070
:10E66000601EBDE8F08F09B04FF0FF30BDE8F08FBD
:10E6700009B00020BDE8F08F01210220FCF79EFECA
:10E6800001210420FCF77EFE6846FCF749FDC0200E
:10E6900000908DF804508DF805608DF806408DF8D7
:10E6A0000740AE4D69462846FCF7CCFC0222062105
:10E6B0002846FCF712FD022207212846FCF70DFD33
:10E6C000A74D2846FDF7EEF905A8FDF7AFFCADF81C
:10E6D0001440CDF81890ADF81C40ADF8164005A9CF
:10E6E0002846FDF763FC00231A4603212846FDF760
:10E6F000B4FA02A8FDF710FBADF8107002A9284685
:10E70000FDF7D4FAADF8088002A92846FDF7CEFA45
:10E710009448C0F800A001212846FDF7A7F900F0B1
:10E7200015B901210846FCF749FE01210846FCF70E
:10E7300029FE01210220FCF725FE6846FCF7F0FCCB
:10E74000012000908DF804508DF805608DF806408A
:10E7500000E04FE08DF80740DFF80CA26946504614
:10E76000FCF770FC00978DF804508DF805608DF86B
:10E7700006408DF807407D4D69462846FCF762FC4F
:10E78000012200215046FCF7A8FC01220321284663
:10E79000FCF7A3FC2805FDF785F905A8FDF746FC65
:10E7A000ADF81440CDF81890ADF81C40ADF8164007
:10E7B00005A92805FDF7FAFB00231A4603212805C1
:10E7C000FDF74BFA02A8FDF7A7FAADF8107002A901
:10E7D0002805FDF76BFAADF8088002A92805FDF7BA
:10E7E00065FA2805C0F824B06149C1620121FDF72E
:10E7F0003DF9ABE001210420FCF7E0FD01210820F8
:10E80000FCF7C0FD6846FCF78BFC4FF440500090CD
:10E810008DF804508DF805608DF806408DF807409E
:10E82000544D69462846FCF70DFC02220C2128466F
:10E83000FCF753FC02220D212846FCF74EFC4E4DFE
:10E840002846FDF72FF905A8FDF7F0FBADF81440B9
:10E85000CDF81890ADF81C40ADF8164005A9284633
:10E86000FDF7A4FB00231A4603212846FDF7F5F91E
:10E8700002A8FDF751FAADF8107002A92846FDF77D
:10E8800015FAADF8088002A92846FDF70FFA3B48B3
:10E89000C0F800A001212846FDF7E8F856E0012164
:10E8A0000820FCF78BFD01218020FCF76BFD6846FA
:10E8B000FCF736FC4FF4406000908DF804508DF862
:10E8C00005608DF806408DF807402D4D69462846B5
:10E8D000FCF7B8FB02220A212846FCF7FEFB0222C5
:10E8E0000B212846FCF7F9FB264D2846FDF7DAF800
:10E8F00005A8FDF79BFBADF81440CDF81890ADF8D6
:10E900001C40ADF8164005A92846FDF74FFB002333
:10E910001A4603212846FDF7A0F902A8FDF7FCF9E5
:10E92000ADF8107002A92846FDF7C0F9ADF80880CF
:10E9300002A92846FDF7BAF91348C0F800B01349F8
:10E940000B48086001212846FDF790F8089807F069
:10E950004DFC09B00020BDE8F08F00000008024027
:10E960000004004024040040000002400004024073
:10E97000C0C62D00000C02400008004024080040E2
:10E98000001C0240000C0040240C00402C0C0040F5
:10E9900070B586B007F030FC012844D0234E3078A3
:10E9A000012840D001214020FCF7ECFC0121880324
:10E9B000FCF720FD04A8FCF7B3FB4FF47045049569
:10E9C00000248DF814408DF8174004A91848FCF76E
:10E9D00039FB0C210620FCF745FE0D210620FCF733
:10E9E00041FE0E210620FCF73DFE0F210620FCF71C
:10E9F00039FE02958DF80C4008208DF80D00012598
:10EA00008DF80E5002A8FCF7D5FA28208DF80400E6
:10EA10000D208DF805008DF806408DF8075001A8EF
:10EA2000FCF762FC357006B070BD00000C030010EE
:10EA3000001802402DE9F0410746384600F065F81D
:10EA4000002836D0384601F029FFB0F1FF3F34D01E
:10EA50001C4800EB870675680024E86A10B101F0D5
:10EA6000AEFBEC62286B10B101F0A9FB2C63686A65
:10EA700010B101F0A4FB6C62686B20B105F13400A9
:10EA8000FEF77DFF6C632C606C60AC60EC602C6109
:10EA90006C61AC61EC612C626C62AC62EC622C6308
:10EAA000301DFEF76CFF384607F030FD0020BDE852
:10EAB000F0814FF0FF30BDE8F0814FF0FF30BDE84E
:10EAC000F0810000983F001070B505460C461646D0
:10EAD000284600F01AF838B14CB132462146284693
:10EAE000BDE8704007F0C2BB4FF0FF3070BD6FF063
:10EAF000010070BD70B504460D4607F043FD294680
:10EB00002046BDE8704007F003BC07F0F7BC0000EA
:10EB100070B50D461646074B03EB80025468FFF7AD
:10EB2000F4FF18B16561A661002070BD4FF0FF30A1
:10EB300070BD0000983F001010B504462046FFF756
:10EB4000E4FF20B1204607F003FD002010BD4FF088
:10EB5000FF3010BD10B504462046FFF7D6FF20B1A8
:10EB6000204607F09BFD002010BD4FF0FF3010BD88
:10EB700070B50D46124901EB80014C68FFF7C5FFE7
:10EB800078B18DB1607A94F8231010FB01F2294618
:10EB9000606BC3F765F92946206B01F00BFC002080
:10EBA00070BD4FF0FF3070BD607A94F8231010FBF9
:10EBB00001F1606BC3F752FA206B01F0F1FAEEE756
:10EBC000983F001070B50D46094901EB80014C6873
:10EBD000FFF79BFF28B1607AA84205D24FF0FF30C3
:10EBE00070BD4FF0FF3070BD84F82250002070BD22
:10EBF000983F0010F0B583B005460E46234800EB61
:10EC000085004468224850F825702846FFF77DFFAC
:10EC100048B366B3284607F041FD84F82960E06AEE
:10EC200001F0BEFA002084F82800029094F8231026
:10EC3000012920D0002202A9206B01F004FB284604
:10EC400007F036FD284607F095FC02213846FCF710
:10EC5000BEFC0028F9D0BDF808103846FCF7D0FCFF
:10EC600003B00020F0BD03B04FF0FF30F0BD03B0A3
:10EC70004FF0FF30F0BD0190002201A9206B01F0A0
:10EC8000E2FA9DF804000290D9E70000983F0010D6
:10EC900038A806082DE9F0418046224F07EB880688
:10ECA0007468404607F032FD68B1002507EB850027
:10ECB000406828B1417C627C914201D1A0421FD1C1
:10ECC000052D04D018E04FF0FF30BDE8F081E07D65
:10ECD000FFF740FFE07DFFF72FFFE07DFFF7AAFE83
:10ECE000B0F1FF3F15D0607CFFF774FB607CFFF74D
:10ECF0005BFBB0F1FF3F10D0681CC5B2062DD5D329
:10ED0000404607F00BFD301DFEF739FE0020BDE840
:10ED1000F0814FF0FF30BDE8F0814FF0FF30BDE8EB
:10ED2000F0810000C0230010F8B50E4615468E494C
:10ED300001EB80014C6807F0E9FCA8B1BEB1B5B1A8
:10ED400000272F706F60207B012198B1042840D0EC
:10ED50000421052851D001287ED002287DD0032827
:10ED600000F0EF8000F0FEB84FF0FF30F8BD6FF01C
:10ED70000100F8BD2F7094F8230000F00702042A68
:10ED800024D094F82220FF2A05D1FF2803D194F83B
:10ED90002420FF2A0DD010F0030F04D02970287909
:10EDA00040F00200287194F8230010F0040F08D0FE
:10EDB0000CE02970287940F0010028714FF0FF30F5
:10EDC000F8BD2970287940F004002871A0693060EE
:10EDD000C8E02F7094F82200FF2803D194F8230094
:10EDE000FF2802D0A0693060BCE02970287940F08B
:10EDF000010028714FF0FF30F8BD2F702F7194F88B
:10EE00003A0008B1012802D105202870297194F830
:10EE10003A00022807D106202870287900F0070060
:10EE200040F00200287194F8230094F82220010A8F
:10EE300000063B1894F824004A41010C00041B18FA
:10EE400094F825004A41010E00021B1894F8260090
:10EE500051411818794101E02AE062E0FBF74AFECF
:10EE6000C043C0B294F83B10814207D007202870FD
:10EE7000287900F0070040F001002871208FA0F5EC
:10EE80007F41FF390BD13949A069884207D194F8F5
:10EE90003A00032803D194F83B00FF2802D0A06970
:10EEA00030605FE0082028706F604FF0FF30F8BDE1
:10EEB0002F70207FF52807D194F82200A62803D1CF
:10EEC00094F82800AD280FD094F82200FF280BD129
:10EED00094F82300FF2807D194F82400FF2803D1D9
:10EEE00094F82500FF2808D094F83500762808D03B
:10EEF00094F8350077280BD010E029704FF0FF30E0
:10EF0000F8BD94F82A0048B102212970686005E034
:10EF100094F82A0010B1032129706860A06930605C
:10EF200020E0009704F1300394F834009A1E022187
:10EF300000F0A6FCE08D218E40EA0140A061306027
:10EF400010E004F13200009004F1300394F8340032
:10EF50009A1E022100F094FCE08D3060208E7060DB
:10EF6000608EB0600020F8BDC0230010FFFF0700D6
:10EF70002DE9F04F8DB006460D46814800EB86071F
:10EF80007C68304607F03EFD08B12DB105E00DB0BC
:10EF90004FF0FF30BDE8F08F7A4D304607F0B6FBFA
:10EFA000012801D07CB113E0102221462846C2F787
:10EFB0000CFF20B10DB04FF0FF30BDE8F08F002006
:10EFC0000DB0BDE8F08F3C20FEF7E4FC044678600D
:10EFD0000FCD84E80F00002784F836702674DFF820
:10EFE000A88106EB46004044017AE175427A6274DA
:10EFF000807AA075A7610120217B022901D0032915
:10F0000000D10020012831D0604902EB420001EB21
:10F01000C0004069C4F8120001215D4DD5F834C02C
:10F02000D5F840B0D5F83CA0D5F838902B6BEA6AFB
:10F03000686ACDF82CB0CDF82490CDF820C0CDF87A
:10F0400028A0079306920490D8F804000590207B2E
:10F05000012817D030B301220223042818D0052834
:10F0600021D002282BD0032835D040E000211046C3
:10F07000FFF73EFA0028A3D1607C04F11201FFF7EC
:10F0800023FAC9E704208DF819008DF82C702EE0C2
:10F090008DF82C708DF82D20ADF82E208DF81930BC
:10F0A0008DF8182023E08DF82C708DF82D20ADF808
:10F0B0002E2006208DF819008DF8187017E08DF8B5
:10F0C0001B208DF819308DF818208DF82C708DF8D4
:10F0D0002D2000210BE08DF81B2003208DF8190056
:10F0E0008DF818208DF82C708DF82D200021012925
:10F0F00006D1E07D04A9FFF7FDFC00287FF460AF96
:10F10000207B022802D003281AD030E005F5A27532
:10F110000FCD8DE80F00E07D01280FD000258DF880
:10F120000000A07C8DF80400A08AADF806006946B6
:10F13000284600F063FB84F8345018E00125EEE720
:10F1400005F5AA750FCD8DE80F00E07D012815D0DB
:10F1500000258DF80000A07C8DF80400A08AADF891
:10F1600006006946284600F049FB84F834503046D2
:10F1700007F0DAFA0DB00020BDE8F08F0125E8E7CE
:10F18000C02300102CA20608ECA6060888A70608D3
:10F1900018A2060838B50546444800EB85004468C7
:10F1A000284607F0B3FA68B1207B70B1042822D05A
:10F1B000052836D001284AD0002102285AD0032839
:10F1C00065D070E04FF0FF3038BDA17D607CFFF767
:10F1D0002BF9E07D2A463649FFF79AFCE07D0321B2
:10F1E000FFF7F0FCE07D3349FFF7C2FCE07D012131
:10F1F000FFF700FD57E0A17D607CFFF715F9E07D8A
:10F200002A462B49FFF784FCE07D0121FFF7DAFC59
:10F21000E07D2949FFF7ACFCE07D0121FFF7EAFC26
:10F2200041E0A17D607CFFF7FFF8E07D2A462049A0
:10F23000FFF76EFCE07D0621FFF7C4FCE07D1F496F
:10F24000FFF796FCE07D0121FFF7D4FC2BE0A17DC8
:10F25000607CFFF7E9F8607B012807D0F520207774
:10F26000FF206077284607F0A9FB1CE0284607F03E
:10F2700085FB18E00091002394F834001A46012120
:10F2800000F0FEFA616871B1A06888470BE0009158
:10F29000002394F834001A46012100F0F1FA616865
:10F2A00009B1A0688847002038BD0000C0230010C5
:10F2B000356706081CA2060818A2060826A206083A
:10F2C0000048704706A7060801F0E4BBEFF305808D
:10F2D0007047000010B5002800D1074807490268B0
:10F2E00040680A60486000200872C8604FF44070AF
:10F2F000FCF734F8002010BDE8A10608A423001094
:10F3000001F00FBC04480068C005C00D01D0012009
:10F31000704700207047000004ED00E001F003BCDE
:10F3200001F00EBC01F019BC01F06ABC10B5014639
:10F330004FF00060FCF71CF8002010BD70B586B0DF
:10F3400005460C461646FF2D12D0284607F06AFBEC
:10F3500090B1ACB107F05EFB0021019102910391E5
:10F360000491059160680190607A68B101210CE018
:10F3700006B04FF0FF3070BD06B04FF0FF3070BDEB
:10F380006FF0010006B070BD00218DF80810207AE2
:10F390008DF80900E068039020690490324601A9C5
:10F3A000284601F075FC0028ECD006B04FF0FF3085
:10F3B00070BDFF2801D001F0BBBC4FF0FF3070479B
:10F3C000FF2801D001F0D4BC00207047FF2801D0F5
:10F3D00001F0DFBC4FF0FF30704710B5044607F076
:10F3E00029FB012801D0002010BD2046BDE81040B7
:10F3F00001F0C6BB01F014BC012202FA01F1014286
:10F4000001D001207047002070470278012303FAE1
:10F4100001F1114301707047084201D0012070478B
:10F4200000207047028822EA0101018070470288AB
:10F43000114301807047012202FA01F1014201D01B
:10F4400001207047002070470123026803FA01F190
:10F4500022EA0101016070470123026803FA01F109
:10F4600011430160704700002DE9F04104462B482C
:10F4700000EB84004668204607F010FB002839D0D6
:10F48000002E3BD0012086F82C00254D254F002C66
:10F490003BD0384601220321FBF79CF994B3384650
:10F4A00001220221FBF796F96CB33846012211467E
:10F4B000FBF790F944B33846012248F20871FBF794
:10F4C00089F9204607F0CDFB204607F0D1FB00204C
:10F4D00086F82F00204607F07DFB04B13D462868E2
:10F4E00020F001002860686810F0010FFBD10020B7
:10F4F000BDE8F0814FF0FF30BDE8F0814FF0FF3004
:10F50000BDE8F08103E004E005E02846C2E72846B4
:10F51000C6E72846CAE72846CEE70000B43F0010F9
:10F5200000640040006800402DE9F04105460E46A9
:10F530001746104800EB85004468284607F0AEFAED
:10F5400078B196B1284607F085FB3A463146A06A65
:10F5500000F0ABFE0446284607F083FB2046BDE8DA
:10F56000F0814FF0FF30BDE8F0814FF0FF30BDE893
:10F57000F0810000B43F00102DE9F04707460D462A
:10F58000314800EB87067468384600F035F938B129
:10F59000384607F083FA012806D04DB164B12AE05D
:10F5A0004FF0FF30BDE8F0874FF0FF30BDE8F08747
:10F5B0004FF0FF30BDE8F08795F8008095F80C908B
:10F5C000B8F1000F02D0B9F1000F03D11FA1E32061
:10F5D00001F00CFB302001F0A2FA04467060284ACA
:10F5E0001021484600F0FAFE6062254A102140468C
:10F5F00000F0F4FEA06295E80F10D5F81C90D5F845
:10F6000018806E6984E80F10C4F81C90C4F8188044
:10F610006661286A2062606A00F09DFFA06A00F0BF
:10F620009AFF002084F82C0084F82D0084F82E0026
:10F6300084F82F00384607F0D5FA384607F036FA36
:10F640000020BDE8F0870000B43F0010686C5F63E5
:10F65000616E5F696E697428293A206E6565642061
:10F660006E6F6E2D7A65726F20747820616E6420E3
:10F670007278206669666F2073697A65730000008E
:10F6800090A806082DE9F04107460E46134800EB06
:10F69000870044680025384607F000FA28B146B1D3
:10F6A00094F82F00012808D00BE04FF0FF30BDE8A0
:10F6B000F0814FF0FF30BDE8F081384607F0D8FA0E
:10F6C0000125606A00F04DFF3070012D02D13846EF
:10F6D00007F0D5FA0020BDE8F0810000B43F00102B
:10F6E00070B505460C461646284607F0D7F938B1DE
:10F6F0004CB1324621462846BDE8704007F0A0B91B
:10F700004FF0FF3070BD4FF0FF3070BD70B5064652
:10F710000C460D4800EB86004568304607F0BEF900
:10F7200060B174B1304607F095FAA86A00F019FF8D
:10F730002070304607F095FA002070BD4FF0FF3082
:10F7400070BD4FF0FF3070BDB43F001010B50446DF
:10F75000204607F0A3F920B1204607F097FA0020D1
:10F7600010BD4FF0FF3010BD10B50446204607F025
:10F770004FFC30B1204607F0D7FB28B14FF0FF30E7
:10F7800010BD4FF0FF3010BD002010BD2DE9F0413D
:10F7900007460D46164800EB87067468384607F0A2
:10F7A00045FC30B1384607F033FC012805D045B19F
:10F7B00008E04FF0FF30BDE8F0814FF0FF30BDE8CA
:10F7C000F0810C4D24B9082001F0A9F904467060BD
:10F7D0006968286861602060384607F08DFB38460C
:10F7E00007F080FB384607F01BFC0020BDE8F081E5
:10F7F000A83F001064A8060807F00ABC70B50446CC
:10F800000D46022C02D34FF0FF3070BD35B1687841
:10F8100008B1032805D94FF0FF3070BD4FF0FF301D
:10F8200070BD204607F0D4FC012805D0124800EB3B
:10F830008400416811B107E0002070BD0F4A04EB5D
:10F84000440102EBC1014160284607F051FC10B1B0
:10F850004FF0FF3070BD4FF4FA7001F01BF92046F5
:10F8600007F0BEFC0121204600F088F80221204666
:10F8700000F084F8002070BD0440001078040010EF
:10F880002DE9F04F83B00446DDF830800E469146F6
:10F890009A46204607F09CFC88B100210191029114
:10F8A000354800EB8400446894F800B06778002580
:10F8B000584601F02BF83EB1012E05D01BE003B0F5
:10F8C0004FF0FF30BDE8F08F0021606800F00CFFC2
:10F8D000002F09D900224FF6FF71584601F082F837
:10F8E000681CC5B2BD42F5D3584601F0BDF80121F0
:10F8F000606800F0F9FE1EB94FF4FA7001F0CAF822
:10F900000EB1022E1BD10021606800F0EDFE002533
:10F91000002F0DD90021C5F1020004EB400000F1D9
:10F920001002584601F05EF8681CC5B2BD42F1D322
:10F93000584601F099F80121606800F0D5FE58465C
:10F9400000F0CAFF0EB1022E11D1B9F1000F02D0A2
:10F95000A08AA9F80000BAF1000F02D0608AAAF8C4
:10F960000000B8F1000F02D0208AA8F8000003B010
:10F970000020BDE8F08F00000440001070B505467F
:10F980000C46284607F024FC58B14FF0FF305CB11C
:10F99000012C0ED0022C06D12846BDE8704007F09D
:10F9A00051BB4FF0FF3070BD2846BDE8704007F0F6
:10F9B0001DBC2846BDE8704007F052BC70B5054636
:10F9C000104E7468002D05D007F0D2FC012808D035
:10F9D0004CB10AE00CA1E12001F008F94FF0FF3032
:10F9E00070BD002070BD134C74602146284607F09E
:10F9F0007FFC10B14FF0FF3070BD07F0BFFC00205E
:10FA000070BD0000CC040010636667206973204E4F
:10FA1000554C4C20696E20686C5F636869705F6D3F
:10FA2000696372656C5F6B73383839335F696E690F
:10FA300074000000D404001010B5044607F098FCD0
:10FA400020B12046BDE8104007F09EBC4FF0FF30CB
:10FA500010BD10B5044607F08BFC20B1204607F01E
:10FA6000B5FC002010BD4FF0FF3010BD70B504464E
:10FA70000D46164607F07CFC30B13246294620463A
:10FA8000BDE8704007F0FEBC4FF0FF3070BD70B5B0
:10FA900004460D4607F06CFC28B129462046BDE817
:10FAA000704007F077BE4FF0FF3070BD2DE9F04396
:10FAB00087B00546244844684FF0FF08CDF8188009
:10FAC000012705972148416800680491039007F0D9
:10FAD0004FFCD0B1267B94F80D9020788DF80E70F5
:10FAE00006A900910197BE21049B039A00F076FEBF
:10FAF0009DF8180010F0010F0CD015B1284607F042
:10FB000065FC07B00020BDE8F08307B04FF0FF3080
:10FB1000BDE8F083FF2E0FD0304607F053FE484675
:10FB200007F022FF204607F0D3FE284607F04EFCE0
:10FB300007B00020BDE8F0830DB185F8008007B064
:10FB40000020BDE8F0830000CC04001034AA0608B1
:10FB500070B505462F4E7468002D00D12E4D07F06C
:10FB600087FF012808D02878FF2807D0687800F0A0
:10FB700009FE30B144B109E0002070BD4FF0FF3004
:10FB800070BD4FF0FF3070BD244C74602868A060D9
:10FB90006868E060237A0421A02080228D034FF45E
:10FBA000005C052B1ED2DFE803F003080E121600DE
:10FBB00020706180C4F804C018E0207020206080AC
:10FBC000C4F804C012E02070628065600EE020700E
:10FBD000628065600AE020704FF4807060804002AF
:10FBE000606003E020706180C4F804C0A17A2078CE
:10FBF00001F0070140EA4100207004F1080008F01C
:10FC0000D6F804F1080008F0C7F807F037FF002025
:10FC100070BD0000E404001072AA0608E84000105D
:10FC2000FFB585B0064617461D461648446807F0DE
:10FC30001FFFE8B13A4606A9304607F025FFB0F1AC
:10FC4000FF3F19D002208DF80C00ADF80E60069829
:10FC5000009780B201902178607A049B039A00F0AB
:10FC6000BDFD002D02D058B10021296009B0F0BDC2
:10FC700009B04FF0FF30F0BD09B04FF0FF30F0BDDC
:10FC80000699F2E7E40400102DE9FF410646174605
:10FC90001D461848446807F0EBFEF0B13A4601A94A
:10FCA000304607F0F1FEB0F1FF3F1BD004F1080031
:10FCB00008F062F8B1B2019882B2384607F046FF08
:10FCC000064604F1080008F067F815B17EB100217E
:10FCD000296004B03046BDE8F08104B04FF0FF3039
:10FCE000BDE8F08104B04FF0FF30BDE8F08101992C
:10FCF000EEE70000E4040010034840688069002833
:10FD000000D0004770470000F802001004494FF08F
:10FD100000500860BFF34F8FBFF36F8F0020704714
:10FD200084E100E009484FF00051C0F88012C0F8AB
:10FD30000011BFF34F8FBFF36F8F054A526912F066
:10FD4000400F01D0C0F800120020704704E000E02E
:10FD5000009002400149496809690847F80200100B
:10FD60002DE9F8430546FF200090DFF8F480D8F82D
:10FD7000044008F023FA012803D06FF00E00BDE81C
:10FD8000F88300F0BFF801280CD0AE7AEF7A6DB19D
:10FD9000687AFF280AD069682868084306D056B1F7
:10FDA0004FB10CE04FF0FF30BDE8F8832DA1E32008
:10FDB00000F01CFF03E030A1E32000F017FF2CB996
:10FDC000282000F0ACFE0446C8F804001CB935A198
:10FDD000E02000F00BFF95E80F0084E80F00A6720A
:10FDE000E77207EB4700400200F099FEE06106EB86
:10FDF0004600400200F093FE2062380100F08FFEC2
:10FE00006061300100F08BFEA061E16921B1216ADF
:10FE100011B1616901B118B922A1E02000F0E6FE3C
:10FE2000002000F07DF918B127A1E02000F0DEFEEF
:10FE300008F020F9684600F08DF99DF80000FF28D1
:10FE400003D12F49E02000F0D1FE9DF80010284694
:10FE500008F0B8F808F0B0F80020BDE8F88300001A
:10FE600020030010686C5F6574685F696E697428B0
:10FE700029202E2E2E200000686C5F6574685F6953
:10FE80006E6974282920686173207A65726F207406
:10FE90007820616E642F6F7220727820717565759D
:10FEA00065000000686C5F6574685F696E6974283E
:10FEB00029206469642067657420656E6F756768C2
:10FEC0002068656170000000686C5F6574685F6938
:10FED0006E697428292063616C6C656420686C5FAE
:10FEE0006574687472616E735F696E697428292025
:10FEF0007768696368206661696C6564000000006A
:10FF000058AC060808F052B80149496849690847E1
:10FF1000F802001000B585B007488078012809D0A4
:10FF2000694602A807F050FF02A800F059FB684696
:10FF300000F01EFB05B000BD2003001070B50546A3
:10FF40002148446808F032F8012802D04FF0FF3011
:10FF500070BD1E48416809B12846884794F811C011
:10FF6000A36903EB0C10016811F0004FFBD12A1DAF
:10FF7000082000EB0C10185820F003032888C01C40
:10FF8000810831B152F8040B43F8040B491E0029D3
:10FF9000F8D10422A16902EB0C1228888850A069CC
:10FFA00000EB0C10016841F000410160A17A0CF1F6
:10FFB0000100884200D1002060740548022141619F
:10FFC00000214160002070BD2003001018030010C4
:10FFD000009002400149486000207047180300105B
:10FFE00010B58AB00E4C6078012816D06B4602AA74
:10FFF00005A907A807F0A4FF07A800F0F1FA05A8D3
:020000040806EC
:1000000000F0B6FA02A800F0EBFA684600F0B0FA89
:10001000044904200861012060700AB010BD00008E
:1000200020030010008002400D4A5278002A15D0AB
:10003000C006000C01F01F0140EA8110094940F0A0
:100040000100086100200A6912F0010F03D0401C72
:10005000B0F5A02FF7D3486980B2704700207047F1
:10006000200300100080024038B50446002C0CD05C
:100070000948416961B1FF21009142696946002048
:1000800090479DF80010217038BD4FF0FF3038BD0B
:100090004FF0FF3038BD000018A706080548C168BA
:1000A000002903D0C2688168002010474FF0FF305C
:1000B0007047000018A7060838B5044608480169CB
:1000C000002909D0FF21009102696946002090476C
:1000D0009DF80010217038BD4FF0FF3038BD000092
:1000E00018A7060810B50446002C06D008F0BCF886
:1000F000012805D06FF00E0010BD6FF0010010BD9B
:1001000008F09AF830B108F0A3F830B12046FFF7B4
:10011000ABFF10BD4FF0FF3010BD4FF0FF3010BDF2
:1001200010B508F0A1F8012802D06FF00E0010BD44
:1001300008F082F8012808D005480068FFF7AEFFF4
:10014000044608F07FF8204610BD002010BD0000D6
:10015000D402001010B5044608F086F8012802D039
:100160006FF00E0010BD08F067F850B108F070F89D
:10017000012809D02046FFF79FFF044620000BD03E
:100180000CE04FF0FF3010BD24B12046BDE8104018
:10019000FFF7A8BF002010BD08F060F8204610BD92
:1001A00010B50446002C09D02078E17810FB01F14D
:1001B0006068C1F753FF00206070A07010BD10B5DB
:1001C0000446002C08D0606808B100F0A3FC20466B
:1001D000BDE8104000F09EBC10BD00280CD0417856
:1001E00061B1027883781344591A8A4200D8891A77
:1001F00082682AB14068104700207047002070478D
:100200004268C07801FB0020704700280BD041787D
:1002100059B1027883781344591A8A4200D8891A4E
:10022000406808F052B8002070470020704700284E
:1002300005D041780078814203D101207047012028
:1002400070470020704770B504460E461546002CD6
:1002500013D096B162789AB12078A17801448B1AB4
:10026000984200D81B1AD4F80CC0BCF1000F0DD076
:10027000002130466268E0470FE04FF0FF3070BD6C
:100280000DB1002028706FF0040070BDE278606846
:1002900003FB02013046C1F7E3FD6078401EC0B2A7
:1002A000607005B12870002070BD70B504468C46A2
:1002B0001546002C18D0BCF1000F15D06378B3B1EF
:1002C0002078A1780144CB1A984200D81B1A00214B
:1002D0006046626807F0FCFF6078401EC0B2607044
:1002E00005B12870002070BD4FF0FF3070BD6FF079
:1002F000040070BD70B50446049E002C0DD063B19F
:1003000059B152B12170E2706360042A2ED007DC2B
:10031000012A35D0022A07D12DE04FF0FF3070BD01
:10032000082A1ED0102A17D00020A060E06076B105
:10033000002500290BD9E2786068314605FB0200F0
:10034000C1F78EFD681CC5B22078A842F3D82046BC
:1003500000F001F9002070BD0C48A0600C48E0607E
:10036000E5E70C48A0600C48E060E0E70B48A060BF
:100370000B48E060DBE70B48A0600B48E060D6E785
:100380000A48A0600A48E060D1E70000CB82060876
:10039000D1820608B3820608B98206089F82060841
:1003A000A58206088B820608918206087D820608CF
:1003B0008182060810B50446002C0CD059B1E078B3
:1003C000227810FB02F26068C1F74AFD2078607065
:1003D0000020A07010BD4FF0FF3010BDF8B50446EE
:1003E0000D461646002C14D09DB1102000F097FB4E
:1003F000074638000FD005FB04F000F090FB60B119
:1004000003462A46214638460096FFF773FF3846D2
:10041000F8BD0020F8BD0020F8BD0020F8BD2DE992
:10042000F84304460E4617469846002C13D0CEB12A
:10043000C7B1E078217810FB01F007FB06F5A84270
:1004400013D163688BB13A4631462046CDF800801F
:10045000FFF750FF1DE0424639463046BDE8F843FD
:10046000FFF7BCBF2046BDE8F883606888B100F0A4
:1004700051FB00206060284600F051FB284600F048
:100480004EFB03463A4631462046CDF80080FFF742
:1004900031FF2046BDE8F883002804D041780029C8
:1004A00001D0491E4170704770B504460D46002CBE
:1004B00006D060782178884205D14FF0FF3070BDBA
:1004C0004FF0FF3070BD95B1D4F80CC0BCF1000FF7
:1004D00005D0A17800232A466068E04707E0A178AC
:1004E000E278606811FB02002946C1F7B9FC607828
:1004F000401C6070A078401CC0B2A0702178884277
:1005000001D10020A070002070BD10B50446002C61
:1005100006D060782378984205D14FF0FF3010BDA7
:100520004FF0FF3010BD41B1A0780A46D4F804C0A6
:1005300001460023604607F0CBFE6078401C6070E7
:10054000A078401CC0B2A0702178884201D1002060
:10055000A070002010BD002802D0002141708170E1
:100560007047002801D04078704700207047000095
:1005700010B50446002C0BD0608807F0B6FE01468B
:10058000FF2902D02078092805D94FF0FF3010BD8F
:100590004FF0FF3010BD044B227953F82000FAF7DA
:1005A0009CFD002010BD0000A0A80608002908D06E
:1005B00038B10A7802704A884280097901710020B6
:1005C00070474FF0FF307047002906D028B10A78F5
:1005D000027049884160002070474FF0FF3070473B
:1005E00070B5002806D00478051D092C05D94FF0F8
:1005F000FF3070BD4FF0FF3070BD0748012150F84B
:100600002400FAF7BFFE0548294650F82400FAF7FF
:1006100019FD002070BD0000D0A80608A0A806089B
:1006200011B49DF80000FF2808D0BDF8021029B1D0
:10063000044A52F8200018BCFAF760BD18BC032029
:1006400070470000A0A8060801B586B09DF81820E4
:10065000FF2A1BD0BDF81A10C1B10E48D0F864C0F3
:10066000036E806ECDF80CC0029304908DF80020CC
:10067000ADF802104FF0FF300190694602A8FFF775
:10068000A3FF02A8FFF7ACFF07B000BD07B04FF013
:10069000FF3000BDA0A8060811B49DF80000FF2897
:1006A00008D0BDF8021029B1044A52F8200018BC45
:1006B000FAF72BBD18BC032070470000A0A806085D
:1006C00001B59DF80000FF2809D0BDF8021031B136
:1006D000044A52F82000FAF72CFD002008BD4FF024
:1006E000FF3008BDA0A8060813B50A469DF8000013
:1006F000FF2807D0BDF8021021B1032A02D02AB189
:10070000012204E002B04FF0FF3010BD0022044B84
:1007100053F82000FAF711FD02B0002010BD0000D0
:10072000A0A8060870B505460C46002C00D1144C54
:100730002078012804D0607828B16FF00E0070BDD9
:100740006FF00E0070BD284607F03EFF012802D072
:100750006FF00E0070BD284600F014F8012807D095
:100760002146284607F064FE0446200002D004E03B
:10077000002070BD284607F073FE204670BD0000C3
:100780008CA9060807F064BE70B505460C462846DD
:10079000FFF7F8FF38B14CB124F001012846BDE85D
:1007A000704007F063BE4FF0FF3070BD4FF0FF3078
:1007B00070BD70B505460C462846FFF7E3FF38B11B
:1007C0004CB124F001012846BDE8704007F0E4BEBA
:1007D0004FF0FF3070BD4FF0FF3070BDFFB583B0FC
:1007E00007460D9D0C9C0E463846FFF7CBFF48B1DF
:1007F00066B19DF814200AB1032A0BD907B06FF037
:100800000E00F0BD07B04FF0FF30F0BD07B04FF065
:10081000FF30F0BD5CB175B126F001010195009487
:100820003846069B059A08F031FB07B0F0BD07B0CB
:100830006FF00100F0BD07B00020F0BDFFB583B040
:1008400007460D9D0C9C0E463846FFF79BFF48B1AE
:1008500066B19DF814200AB1032A0BD907B06FF0D6
:100860000E00F0BD07B04FF0FF30F0BD07B04FF005
:10087000FF30F0BD5CB175B126F001010195009427
:100880003846069B059A07F055FF07B0F0BD07B044
:100890006FF00100F0BD07B00020F0BD10B50446B8
:1008A000204600F09DF880B1094850F82400FAF77E
:1008B0002CFE204608F036F9064800EB84046068F8
:1008C00000F028F90020606010BD4FF0FF3010BD2F
:1008D000E4A90608D840001010B50446204608F0E8
:1008E00019F970B1084850F8244080212046FAF7E1
:1008F0006EFE0128F9D000212046FAF7FAFD00200B
:1009000010BD4FF0FF3010BDE4A9060810B5044635
:10091000204608F0FFF838B1054850F824000121BE
:10092000FAF7E7FD002010BD4FF0FF3010BD0000CA
:10093000E4A906082DE9F04107460C4690461E48FA
:1009400000EB87067568384608F0F8F830B138468D
:1009500008F0E0F8012805D044B108E04FF0FF307E
:10096000BDE8F0814FF0FF30BDE8F081134C2078F6
:10097000012803D112A1E42000F038F93DB9082084
:1009800000F0CDF80546706000202860686061685E
:10099000206869602860384608F02AF821784246C5
:1009A000384608F045F8384608F068F8384608F048
:1009B000BFF80020BDE8F081D8400010C8A90608A3
:1009C000737069206D6173746572206D6F6465204A
:1009D000697320756E737570706F72746564000052
:1009E00008F098B870B505460E461446284608F03B
:1009F00091F8C8B10E4850F8255002212846FAF760
:100A0000E6FD0028F9D031462846FAF7F9FD012124
:100A10002846FAF7DCFD0028F9D02846FAF7EEFD63
:100A200004B12080002070BD4FF0FF3070BD000089
:100A3000E4A9060830B585B004460025204608F034
:100A40007DF840B16846FAF7F1FC3CB1012C07D0C3
:100A5000022C06D104E005B0002030BD039D00E06B
:100A6000029D05B0284630BD10B50446204608F06A
:100A700051F850B1064850F8244080212046FAF73A
:100A8000A6FD0128F9D0002010BD4FF0FF3010BDA9
:100A9000E4A9060870B582B005461B4C1B48002629
:100AA0002168006881420FD020600023032219468C
:100AB000C0F7CCFD090541EA10310005144A0023B6
:100AC000C0F7C4FDE160A060A068E168A0FB052359
:100AD00001FB053100FB061000920190009901987E
:100AE000090D41EA0031000D009101900099019833
:100AF000084305D00098BFF743FD02B0002070BD49
:100B000002B0002070BD000028040010B0020010E8
:100B100040420F0001B56846FCF731FF08BDFCF705
:100B200039BF72B6704740B200F01F01012202FACD
:100B300001F14009800000F1E020C0F88011704709
:100B400040B200F01F01012202FA01F140098000C9
:100B500000F1E020C0F800117047FF290AD040B230
:100B60000907090E002806DA00F00F0000F1E02066
:100B700080F8141D704700F1E02080F800147047E1
:100B800030B400282BD00023174D90F800C0154C2E
:100B90002905BCF1000F12D0226812F0010F08D015
:100BA0002A6812F0010F04D00A68002AFCD081F8EC
:100BB00000C05B1C10F801CFBCF1000FECD10A2281
:100BC000206810F0010F07D0286810F0010F03D043
:100BD00008680028FCD00A7030BC581C704730BC34
:100BE00000207047800E00E0000E00E010B50446C3
:100BF0000846FFF7C5FFF02C00D0FEE710BD00004F
:100C0000BFF34F8F04480168044A01F4E0611143C7
:100C10000160BFF34F8FFEE70CED00E00400FA0522
:100C2000074908684968074A1268101841F100012D
:100C30006FF0010242400A4301D1501E0146704745
:100C4000107AFF1F187AFF1F10B582B0FAF78CFDDB
:100C50000D4C20680190FFF7F7FC60680090FFF7EB
:100C6000F3FC0A4C01210198FFF73EFD002100989A
:100C7000FFF73AFD2046FFF70DFF009802B0012173
:100C8000BDE81040FFF730BDF0A70608B0AD010089
:100C90002DE9F04107460D469046FF2F0DD0234821
:100CA00000EB87067468384608F0DAF848B165B199
:100CB000286870B1287980B112E04FF0FF30BDE8AC
:100CC000F0814FF0FF30BDE8F0816FF00100BDE82A
:100CD000F0814FF0FF30BDE8F0816879FF2801D046
:100CE00024B10AE04FF0FF30BDE8F0812020FFF78B
:100CF00016FF0446706000202075384600F038F872
:100D0000022802D1384600F044F8B5E80F10A4E8F4
:100D10000F10384607F06AFF4146384607F034FFA7
:100D2000384607F05DFF0020BDE8F081C03F0010AD
:100D300010B50446FF2C09D0204607F049FF40B10A
:100D4000204607F0F9FF022806D008E04FF0FF30F8
:100D500010BD4FF0FF3010BD204600F01AF8022100
:100D6000204607F0F5FF204607F0FAFF002010BDEF
:100D700010B50446FF2C08D0204607F029FF30B1FB
:100D80002046BDE8104007F0D7BF002010BD00206E
:100D900010BD10B50446FF2C11D0204607F018FFF7
:100DA00080B1204607F0C8FF01280ED0204608F089
:100DB00033F80121204607F0CBFF002010BD4FF093
:100DC000FF3010BD4FF0FF3010BD002010BD10B53A
:100DD000044600220221F9F7CBFE02460421201D21
:100DE000F9F7C6FEC043BDE8104080B2FAF7B6BCC2
:100DF00010B504460422064900F022FD012805D062
:100E0000204600F039F8002800D0012010BD000075
:100E100018A4060870B5054600F02EF808B10120A8
:100E200070BD00220D4C0E4803E0217831B1A41DA5
:100E3000521C01888A42F8DB002070BD042229463A
:100E4000A01C00F00DFD002CF6D0A01C00F032F824
:100E500001202070204608F0ECF9E0E72026001081
:100E60004203001010B500F007F8002803D000215D
:100E700001704170012010BD2DE9F04107460025A9
:100E80000A4C0B4E0AE0207830B10422A11C3846EF
:100E900000F0D6FC012807D0A41D6D1C30888542C7
:100EA000F1DB0020BDE8F0812046FBE720260010A2
:100EB00042030010F8B506462A20FBF719F905464B
:100EC00000F12604122020700020607004223146B8
:100ED000201D00F0C5FC2046FFF779FF60802A2026
:100EE000288001230093002302223146284600F087
:100EF00099FB2846BDE8F840FBF74ABC10B502460E
:100F0000080008BF10BD114604F0FCFABDE810400F
:100F100004F0E8BA002808BF70472DE9F047284ED2
:100F20000F46B0F1FF3F32D0264C00213568E26811
:100F30000B46002A08BF4FF0000C38D0214AD2F8E7
:100F400014C01A46BCEB000871EB030810D204E091
:100F5000D4F80C80B8F1000F29D0E468D4F81480DC
:100F600018EB0C0C4A41BCEB000872EB0308EFD302
:100F7000E168E960E5602C61E968002918BF0D614E
:100F8000BCEB000068616169A1EB000060610E4884
:100F90000078012804BF112001F0A4F930684770DF
:100FA0000A4802F009FFBDE8F04704F0A5BBE9607C
:100FB000E5602C61B0EB0C0060616961E7E700005F
:100FC0006C030010A8400010540300109040001063
:100FD0002DE9F0411D4DE868002808BFBDE8F0810B
:100FE00068690026401EDFF868800127686168692B
:100FF000002818BFBDE8F081EC68002C08BFBDE8F0
:10100000F081A06838B161684160606810B1A16882
:1010100081606660A66021460E4804F0A7FA606908
:1010200068616078042806D1A069D8F80010D8F863
:101030000420401860616770E068E860E06800289C
:101040001CBF0561E6602661D1E70000A8400010E2
:1010500028020010904000100321FFF75BBF000042
:1010600001480068006A70476C03001010B50C005E
:1010700008BF10BDE1690143E1616278206A062A78
:1010800019D0052A18BF10BD014208BF10BD01408C
:101090002162E16921EA0000E061204604F0E3FA00
:1010A000012060700221204604F0D4FA2046BDE8F9
:1010B000104002F0F1BD30EA0101EAD010BD00009D
:1010C0008C460F4910B50B68D9696AB130EA010244
:1010D00006BF21EA0000D86106210ED018626046E2
:1010E000FFF718FF012010BD11EA00021ABF21EA24
:1010F0000000C3E907020521F0D0022010BD000066
:101100006C0300100449054B096888611A685B6824
:1011100080184861704700006C030010280200101E
:101120000848094B0268186851695B68081A936996
:1011300010F0004F1944516118BF70470421FFF7A8
:10114000E9BE00006C03001028020010612202704A
:101150000022427082704260028142818281C1819C
:101160007047000070B5164642680D4612B14178CE
:1011700001290FD08189C3894FF0000C994229D1F0
:10118000002E04BF012070BD1F4C216892B104F0F5
:10119000EDF917E002F010FE0446406A04210560F4
:1011A000204604F057FA204604F05DFA204602F08B
:1011B00073FD26E041602168C1F804C021688860A1
:1011C000022141702068082145623046FFF7A2FEE7
:1011D000012070BD018900EB81010D6100F10C015E
:1011E000D1E85F2F521C93B2C1E8523F002AF7D1D9
:1011F0000189491C89B20181C289914208BFA0F8C6
:1012000008C0002070BD00006C0300102DE9F04103
:1012100004468089002790460D4600283AD0608910
:1012200004EB8000006908606089401C80B2608126
:10123000E189884208BF6781606810B16078022840
:101240000DD004F10C0000BFD0E85F1F491E8AB228
:10125000C0E8512F0029F7D10020BDE8F0812046D9
:1012600002F0AAFD0546002104F0F4F92189686A1C
:1012700004EB810108612089401C80B22081E18952
:10128000884208BF2781284604F0EDF9284602F07D
:1012900003FDE1E7B8F1000F04BF0120BDE8F081D4
:1012A0000B4E6068316818B1204604F05FF906E023
:1012B0006160306847603068846001206070082198
:1012C0004046FFF727FE306845620120BDE8F08107
:1012D0006C03001070B5194D0E460446418828680D
:1012E00039B1A168814209D16088401C608000202A
:1012F00070BDA060816AE1608462F5E7002E04BFE2
:10130000012070BD8A788078824203D28870A068FC
:1013100004F058F9606820B12046296804F026F9E5
:1013200006E02868606029680020486028688460BA
:1013300009213046FFF7EEFD012070BD6C0300105F
:101340008A4288BF0A46622303700023436082708A
:10135000C170704710B5416869B102F02DFD0446B7
:10136000032104F077F9204604F07DF9204602F0CD
:1013700093FC002010BD8178C27891421ABF491CAD
:101380008170FF20F5D110BD10B50C46817819B1E0
:10139000491E8170002010BD002C04BF012010BD2B
:1013A000094A4368116813B104F0E0F805E04160B0
:1013B0001368002159601168886007212046FFF7F3
:1013C000A9FD012010BD00006C03001010B5BFF78F
:1013D0006DFF00F053F8074800213C228180064948
:1013E0000988C1800549064800F03AFABDE8104076
:1013F000BFF7A8BF2E0300104403001044260010BE
:101400002424001030B5002106480B460124064A6A
:1014100003E0037044700E30491C1588A942F8DBC4
:1014200030BD0000602400103E03001010B5BFF76F
:101430003DFFBFF7FAFEFFF7E5FF0448002101601A
:101440004160BDE81040BFF724BF0000AC040010AD
:1014500010B5002006490346064A02E001F8063BA3
:10146000401C1488A042F9DB03490120087010BD1C
:1014700020260010420300102A03001006490548E8
:1014800009684218121F0021026011604160034880
:10149000016070478026001048030010B40400105B
:1014A0000448007800EB400082000021024800F070
:1014B000E5B900003C030010903E0010F8B504466A
:1014C0000F46808AFAF74AF9054621880E30814294
:1014D00045D3A07C0421B1EB101F40D1264907EB76
:1014E000870001EB800104F122000422064600F08F
:1014F000A7F958BB04222149304600F0A1F928BBC6
:101500006FBB31780E223046B2EB111F04D1FFF7CA
:101510006FFC012815D00EE004223146684600F029
:101520009FF915480099026880684A40024202D13A
:101530000843401C05D02046FBF7C8F878B1E07E90
:1015400002E0E07E022801D0112808D104F1120047
:1015500000F016F818B9208B30F0C00001D0002040
:10156000F8BDA07C0007800E00F10E016180281AF2
:1015700020800120F8BD00002424001080A9060866
:1015800001780907890EF9F7E7BA00002DE9F04163
:10159000214C8046214F2078C0070AD02049404680
:1015A00000F088F840BB0422FF21404600F06EF9AD
:1015B00010BB1B4D20781435800704D529464046C2
:1015C00000F078F800BB164E20782836400704D586
:1015D0003146404600F06EF8D0B92078800702D539
:1015E0002078000710D42078400702D52078C00664
:1015F0000ED42078C00704D0002038700848BDE819
:10160000F0812078800703D5012038702846F6E75E
:10161000022038703046F2E73B030010A8040010A7
:10162000242400102DE9F0410446DDF818800F460F
:101630001646012A08D0022E06D0062E04D0112EFE
:1016400002D00020BDE8F081194D45216888401C7A
:1016500068802088A174143080B2E374FAF77EF8B1
:10166000A0826888FAF77AF8E0820020208384F864
:101670001A80E676A0833846FFF788FF01460422E9
:1016800004F11E0000F0ECF80422394604F12200B7
:1016900000F0E6F804F11200FFF772FFA083208843
:1016A0002230208029782046BDE8F041BFF7B7BD41
:1016B000A804001018B50C4601460422684600F044
:1016C000CFF8206800994840A168084201D0002066
:1016D00018BD012018BD000038B50446014604229B
:1016E000684600F0BDF80648826800980243521C24
:1016F00001D0002038BD02492046FFF7DBFF38BD8E
:1017000024240010002819BF41780129FF207047C8
:1017100010B501214170032103F0F4FE03F0E2FE55
:10172000002010BD002819BF4378012BFF2070470F
:1017300010B501234370D1E9003CC0E9063C8B6839
:101740008360CB68C360D1E90031C0E9043111681E
:10175000016251684162022103F0D4FE03F0C2FE2F
:10176000002010BD38B18178002904BF00207047E7
:101770004178012901D1FF20704710B50121417046
:10178000002103F0BFFE03F0ADFEFF2010BD10B539
:1017900004468089002808BF10BD608904EB8000E2
:1017A00000690860606840B16078022805D10021B6
:1017B000204603F0A7FE03F095FE04F10C00D0E8EC
:1017C0005F1F491E8AB2C0E8512F0029F7D16089F6
:1017D000401C80B26081E189884204BF00206081A2
:1017E000042010BD10B503F08DFEBDE8104003F0DD
:1017F00079BE10B5002103F085FEBDE8104003F06E
:1018000071BE00000C4800218278012A04D00170CA
:1018100080F80110BFF7B0BD817081880122491C9A
:101820008BB28380C1888B4204D1044B1B8819443E
:10183000C18042700270EDE72E03001044030010D7
:1018400010B508E003780C78A34201D0002010BD49
:10185000401C491C521E002AF4D1012010BD00007A
:1018600030B5134606E000BF054611F8014B401C99
:101870002C705B1E002BF7D1104630BD03E000BF7B
:1018800000F8011B521E002AFAD170473AB10378C2
:101890008B4201D000207047401C521EF6E7012009
:1018A0007047000010B510B10178652904D00F20F1
:1018B00000F018FDFF2010BD0021EFF3058119B1E4
:1018C000FFF720FFC0B210BD08490978012909D0EF
:1018D000044602F095FC204602F096FA02F091FCD4
:1018E000002010BDDFF808C000DF10BD100200109E
:1018F00053920608EFF3058000281CBF00207047B4
:1019000008480078012803D1DFF81CC000DF7047C9
:1019100010B502F075FC02F0A9FA044602F071FC61
:10192000204610BD100200106992060810B510B1D3
:101930000378652B03D00F2000F0D4FC0FE00029C2
:1019400018BF002A0BD000BFEFF305831BB1FFF7D0
:10195000E9FEC0B210BD054B1B78012B01D0FF2062
:1019600010BDDFF80CC000DF10BD00001002001039
:101970007D92060810B510B10178652904D00F20BA
:1019800000F0B0FCFF2010BD0021EFF3058119B17C
:10199000FFF7E8FEC0B210BD0449097801290ABF6B
:1019A000DFF80CC0FF2000DF10BD000010020010A7
:1019B0009D920608EFF30581002918BF704704497E
:1019C0000978012904BFDFF80CC000DF7047000070
:1019D00010020010B5920608EFF3058018B905480B
:1019E0000078012801D000207047DFF80CC000DF2C
:1019F0007047000010020010CB92060810B511B11C
:101A00000A78602A04D00E2000F06CFCFF2010BD84
:101A10000022EFF305821AB1FFF770FA002010BD23
:101A2000044A1278012A0ABFDFF80CC0FF2000DF49
:101A300010BD000010020010DF920608EFF30583CE
:101A40001BB9054B1B78012B01D0FF207047DFF835
:101A50000CC000DF7047000010020010F992060869
:101A6000F2F7ACBAF2F7ACBAF2F7ACBA002808BF9A
:101A70007047427C131C1FBF134602EB83035B00BD
:101A8000DB1C10B45B1C1A440A80837C9B004B80D7
:101A90001A44C37C5B008B801A4493B290F814C044
:101AA000C28A0CFB02F4002C14BF02EB8C02002251
:101AB000CA801A44837C90F813C08469634490F808
:101AC00014C092B2A44413EB0C0318BF04230B817F
:101AD0001A44037C4FF0150C03EBC3030CEB4303D8
:101AE0004B811A44037A4FF0010C0CEB43038B81BA
:101AF000007C1A44801CC881104400220A8210BC59
:101B000080B27047002808BF70478069C01DC0F3CD
:101B1000CF00088000224A807047002808BF704725
:101B2000007C00EB4000C00008807047EFF30581A7
:101B3000002918BF704704490978012904BFDFF85C
:101B40000CC000DF70470000100200101F93060851
:101B5000EFF30580002818BF70470448007801287B
:101B600004BFDFF80CC000DF704700001002001057
:101B70003593060810B510B10178612904D00F2003
:101B800000F0B0FB002010BD0021EFF3058119B17A
:101B900003F046FB80B210BD0449097801290ABF51
:101BA000DFF80CC0002000DF10BD000010020010A4
:101BB0004793060870B5002808BF70BDEFF3058194
:101BC00000291CBF002070BD0B49097801290ED0E7
:101BD000054602F015FB284602F00CFC04001CBF71
:101BE0002946FFF7B3FA02F00CFB204670BDDFF880
:101BF0000CC000DF70BD0000100200105F930608EB
:101C000010B510B10378612B03D00F2000F06AFBF0
:101C100010E000290ED000BFEFF3058333B1FFF7CA
:101C2000B6FD00280CBF0120002010BD044B1B781E
:101C3000012B01D0FF2010BDDFF808C000DF10BD70
:101C4000100200107F93060810B510B10378612BC5
:101C500004D00F2000F046FBFF2010BD0023EFF35F
:101C600005831BB1FFF7BEFD002010BD044B1B78A0
:101C7000012B0ABFDFF80CC0FF2000DF10BD000001
:101C8000100200109F93060810B510B10178612969
:101C900004D00F2000F026FB002010BD0021EFF340
:101CA000058119B102F0A2FB80B210BD0449097888
:101CB00001290ABFDFF80CC0002000DF10BD0000C2
:101CC00010020010BF93060810B5002804BFFF20C3
:101CD00010BD00BFEFF3058119B906490978012944
:101CE00003D002F085FB002010BDDFF80CC000DF40
:101CF00010BD000010020010D79306082DE9F00176
:101D00000023002856D000BFEFF3058CBCF1000F74
:101D10001EBFFF20BDE8F001704790F80AC0BCF17B
:101D2000010F04BF13800B8040D090F810C0002337
:101D30000CEB4C0403EBC404437C1C441BB103EBCD
:101D400083035B00DB1C5B1C2344847CC57C03EBAE
:101D5000840303EB45039FB2037DC68A03FB06F8A9
:101D6000B8F1000F14BF06EB830600263E4425445D
:101D70008469B6B22344EB1818BF042333440CEB38
:101D8000CC0403EB4403047A153303EB4403DB1C5C
:101D900063444FF6FF7C0CEA83030B80008B002129
:101DA000C01D01EBD0000CEAC0001080BDE8F001BE
:101DB0000020704713800B80BDE8F001FF207047C2
:101DC000EFF3058100291CBF002070470449097802
:101DD000012901D002F076BBDFF808C000DF7047B0
:101DE00010020010E1930608002804BFFF2070478E
:101DF0002DE9F0470446807A17460D46002803D0A7
:101E0000EFF30580F0B904E0002D18BF002FF7D1E3
:101E100018E0184E3078012814D094E80E171648B0
:101E200080E80E171549706001200870BEF7DAFAD5
:101E3000A07A50B1012815D0102000F053FA0020EC
:101E4000BDE8F087FF20BDE8F0873561207C00EB1E
:101E5000400005EB4010C6E9020702F0B9FB02F0B2
:101E600059FBECE700203061B060F060204602F0E2
:101E7000DFF9E4E710020010E8220010F803001078
:101E800010B5002808BF10BDEFF3058119B102F0AD
:101E900083FB044606E009490978012909D002F0CC
:101EA0007BFB0446002C04BF0C2000F01BFA2046EC
:101EB00010BDDFF80CC000DFF3E7000010020010D7
:101EC000F993060810B5002904BF002010BD00BF1B
:101ED000EFF305821AB102F062FB044606E0094AFC
:101EE0001278012A09D002F05AFB0446002C04BFE4
:101EF0000C2000F0F7F9204610BDDFF80CC000DF21
:101F0000F3E7000010020010FF93060870B588B0D8
:101F1000344D4FF000040294EFF305800394002841
:101F200051D00020CDE90400EFF3108000F0010053
:101F300072B60690A869E969CDE904014FF0E02086
:101F400081690091284909680191C1F3806159B103
:101F5000806900990190884206D2DDE90410491C8D
:101F600040F10000CDE90410069800B962B60020E7
:101F7000CDE90600CDE90600686900992646401AB9
:101F8000D5E90812A0FB013C04FB01C100FB0210D3
:101F9000CDE90630DDE90601144A0023BFF756FB00
:101FA000CDE906016868DDE904314068A0FB032C37
:101FB00006FB03C300FB0133DDE90601101859419C
:101FC000CDE9020107E02878012804D103A902A87D
:101FD000DFF81CC000DFDDE90201201808B0614114
:101FE00070BD00001002001004ED00E040420F0040
:101FF00005940608EFF3058000281CBF00207047F9
:102000000A480078012803D1DFF824C000DF7047B8
:1020100010B502F0F5F802F015FA040018BF03F04D
:10202000D1F902F0EEF8204610BD000010020010B9
:10203000CD94060870B510B10178632904D00F2043
:1020400000F050F9FF2070BD0021EFF30581002959
:102050001CBFFF2070BD0B49097801290DD0044633
:1020600002F0CEF8204603F051F90546204602F072
:1020700099FA02F0C6F8E8B270BDDFF80CC000DFD4
:1020800070BD000010020010E794060810B510B1F2
:102090000178632904D00F2000F024F9FF2010BD3F
:1020A0000021EFF3058119B904490978012901D00C
:1020B000FF2010BDDFF808C000DF10BD10020010C7
:1020C0000595060810B510B10278632A04D00F20D8
:1020D00000F008F9FF2010BD0022EFF305821AB9C5
:1020E000044A1278012A01D0FF2010BDDFF808C091
:1020F00000DF10BD100200101D950608F0B589B074
:10210000364D4FF000040294EFF30580039400284D
:1021100055D00020CDE90400EFF3108000F001005D
:1021200072B60690A869E969CDE904014FF0E02193
:10213000886900902A4800680190C0F3806058B117
:10214000886900990190884206D2DDE90410491C93
:1021500040F10000CDE90410069800B962B60020F5
:10216000CDE90600CDE9060068690099D5E90823A4
:10217000411AA1FB020C04FB02C201FB032126460B
:102180004FF47A720023BFF761FA6A68DDE9045CF4
:102190005268A2FB053706FB057502FB0C554FF490
:1021A0007A76A3FB062705FB06754FF0000C03FBB0
:1021B0000C53121843EB0100CDE9022007E0287808
:1021C000012804D103A902A8DFF818C000DFDDE967
:1021D0000201201809B06141F0BD0000100200109A
:1021E00004ED00E03995060870B5002808BF70BD01
:1021F000EFF30582002A1CBF002070BD0B4A127845
:10220000012A0FD005460E4601F0FAFF02F03AF916
:10221000040003D032462946FFF792F801F0F1FF9F
:10222000204670BDDFF808C000DF70BD100200104E
:102230000996060810B510B10178622904D00F2064
:1022400000F050F8FF2010BD0021EFF3058119B117
:10225000FFF7CFFA002010BD0449097801290ABF11
:10226000DFF80CC0FF2000DF10BD000010020010DE
:102270002B96060810B510B10278622A04D00F2000
:1022800000F030F8FF2010BD0022EFF305821AB9EC
:10229000044A1278012A01D0FF2010BDDFF808C0DF
:1022A00000DF10BD100200104396060810B510B1F3
:1022B0000278622A04D00F2000F014F8FF2010BD2D
:1022C0000022EFF305821AB9044A1278012A01D0DC
:1022D000FF2010BDDFF808C000DF10BD10020010A5
:1022E0005F9606089AB0122880F03780DFE800F089
:1022F000090D1115353535353535191D212125299E
:102300002D311BA1D02006F06DFE1DA1E52006F0A9
:1023100069FE21A1F02006F065FE2BA1F12006F058
:1023200061FE34A1F22006F05DFE3DA1F32006F02F
:1023300059FE45A1E22006F055FE49A1F42006F021
:1023400051FE55A1F52006F04DFE61A1F62006F0E4
:1023500049FE6CA1F72006F045FE034676A26421F3
:102360006846BFF701FA6946E02006F03BFE000030
:102370006F73616C3A20756E6B6E6F776E00000044
:102380006F73616C3A20737461636B206F76657252
:10239000666C6F77000000006F73616C3A206B6EA3
:1023A0006F776E206572726F722066726F6D207229
:1023B000746F7320286973726669666F6F766572D1
:1023C000666C6F77290000006F73616C3A206B6E4A
:1023D0006F776E206572726F722066726F6D2072F9
:1023E000746F7320286D62786F766572666C6F7794
:1023F000290000006F73616C3A206B6E6F776E205E
:102400006572726F722066726F6D2072746F7320C6
:10241000287374646C6962737061636529000000DD
:102420006F73616C3A206B6E6F776E206572726F9E
:10243000722066726F6D2072746F732028737973C7
:102440006D757465782900006F73616C3A206D6555
:102450006D6F7279206973206D697373696E67009F
:102460006F73616C3A206B6E6F776E206572726F5E
:10247000722066726F6D2072746F73202875736599
:102480006420616E20696E76616C69642074736B80
:1024900070747229000000006F73616C3A206B6EDB
:1024A0006F776E206572726F722066726F6D207228
:1024B000746F7320287573656420616E20696E7671
:1024C000616C6964206F626A707472290000000098
:1024D0006F73616C3A206B6E6F776E206572726FEE
:1024E000722066726F6D2072746F73202875736529
:1024F0006420616E20696E76616C6964207061721F
:10250000616D29006F73616C3A206B6E6F776E207E
:102510006572726F722066726F6D2072746F7320B5
:10252000287573656420616E20696E76616C6964DC
:102530002063616C6C2900006F73616C3A206572D6
:10254000726F7220307825782066726F6D207274F9
:102550006F73000070B5174E05460C4630780128A1
:1025600026D000BFEFF3058010BB002D18BF002C54
:102570001ED0286800281CBF6889002818D0E86889
:1025800000281CBF2068002812D0608900281CBFCA
:10259000E06800280CD0BDF725FF0120307001F065
:1025A00023FE21462846DFF810C000DF002070BD62
:1025B000FF2070BD100200107B960608EFF3058126
:1025C00019B905490978012901D0FF207047DFF8C2
:1025D0000CC000DF0020704710020010959606081E
:1025E000EFF305821AB9054A1278012A01D0FF20BB
:1025F0007047DFF80CC000DF7047000010020010C9
:10260000B196060882B0EFF3058171B900281CBFAE
:102610000168002909D0C16800291CBF418900292F
:1026200003D00C4A1278012A02D0002002B0704771
:10263000ADF80210017A8DF8001001690191D0E91E
:1026400000C1C26860466B46DFF80CC000DF02B014
:102650007047000010020010CB96060810B510B1AC
:102660000178602904D00E20FFF73CFEFF2010BD4A
:102670000021EFF3058119B904490978012901D036
:10268000FF2010BDDFF808C000DF10BD10020010F1
:10269000F396060810B510B10178602904D00E2019
:1026A000FFF720FE002010BD0021EFF3058119B9CE
:1026B00004490978012901D0406B10BDDFF808C03A
:1026C00000DF10BD100200100B97060810B510B106
:1026D0000178602904D00E20FFF704FE002010BD11
:1026E000C078FF281ABF401CC0B2012010BD0000F6
:1026F00010B510B10178602904D00E20FFF7F2FD6B
:10270000002010BD0021EFF3058119B905490978B2
:10271000012903D0BDE8104002F092BCDFF808C0E8
:1027200000DF10BD100200101D970608EFF30580B2
:1027300018B905480078012801D0FF207047DFF85C
:102740000CC000DF7047000010020010219706083F
:10275000EFF3058008B102F0C1BC044800780128FD
:102760000ABFDFF80CC0002000DF70471002001025
:102770003397060810B510B10278602A04D00E20F5
:10278000FFF7B0FDFF2010BD0022EFF305821AB95C
:10279000044A1278012A01D0FF2010BDDFF808C0DA
:1027A00000DF10BD100200104797060801281CBF6B
:1027B0000228032804D0042805D00020FFF792BD8A
:1027C000C0B2FFF78FBD1120FFF78CBD074801682D
:1027D0004FF0E0204161002181610721016104483F
:1027E000016841F07F41016040177047F403001019
:1027F00020ED00E07047000070B51B4C012804D0AC
:10280000A07802282AD2194870BD0025A562E56289
:1028100025636563A563E56325646564A564E56474
:1028200025656565A565E56525666566A566E56654
:1028300025676567A560A570E560A5806561257061
:10284000657025620A486562F9F7FDFB0948F9F7EA
:10285000FAFBE5700848F9F7FBFBD4E7FFF778FFD0
:10286000BDE87040FFF744BF38020010004100107F
:1028700004230010122300106C03001070B50B49E4
:102880000546C878082803D309A1F32006F0AAFB5F
:1028900000EB40020F4B401C03EB8204C870204643
:1028A00002F090FD01202C6070BD00003802001085
:1028B00061726D6339397374646C69623A206E6F4A
:1028C0007420656E6F75676820737973206D7574F9
:1028D00065780000202300102DE9F04782B04FF00A
:1028E000000688460400ADF80060ADF804600AD028
:1028F000607850EA08000AD0207801280BD07CA12B
:10290000E42006F06FFB80A1E12006F06BFB87A1BD
:10291000E32006F067FBE078012803D093A1E420D0
:1029200006F060FB9A4DA878022818BF032809D04A
:10293000A06A00281CBFA0780F2807D995A1E02025
:1029400006F050FB9FA1E02006F04CFBB4E88F1688
:102950004435A5E88F16B4E80F1085E80F10A64897
:1029600054F8301C0127016054F82C1C4160802170
:102970000172477214F8331C343C643D002918BFBF
:1029800001218172217CC1726169C160217E017463
:10299000217F4174617F6A46491C8174A17FC174A3
:1029A000E17F0175218CC182618B816101A992480F
:1029B000FFF7A4F9BDF80400BDF80010014304BFFF
:1029C00000210A4605D0C01D20F00700414600EB5B
:1029D00008028948FFF708FA607800283ED0A089ED
:1029E000FFF74EFAE860A189A980EE22BFF72EFB1F
:1029F000607800283FD0E089FFF742FA2861E1893A
:102A0000E980EE22BFF722FBBDF80400BDF80010FC
:102A1000C01D20F00700C91D404421F007010844F3
:102A2000A189DFF8D881C91D21F007010844E18997
:102A3000C91D21F00701084498F8011000291CBFA6
:102A40006E612E7029D06E704FF000002CD1287866
:102A5000002892BF304668696F702AE0BDF8040014
:102A6000BDF80010C01D20F00700C91D404421F032
:102A700007010844B6E7BDF80400BDF80010C01D0A
:102A800020F00700C91D404421F007010844A18936
:102A9000C91D21F007010844B0E7686198F81800E3
:102AA00000F102002870CEE7012904BF1020FFF7D3
:102AB000E7F9E86198F80110002029B1012904BF65
:102AC0001020FFF7DDF90AE069782878814228BFF5
:102AD000304604D2686900EB0110491C6970A86196
:102AE000A0682862AF7002B00020BDE8F087000047
:102AF0006F73616C3A20756E737570706F72746568
:102B0000642072746F7300006F73616C3A204E55CD
:102B10004C4C2063666720696E206F73616C5F693F
:102B20006E697469616C6973652829006F73616CE3
:102B30003A204E554C4C206D656D6F727920696E50
:102B4000206F73616C5F696E697469616C6973652C
:102B5000282920666F7220737461746963206D6523
:102B60006D6F7279206D6F64656C00006F73616CBE
:102B70003A206366672068617320612077726F6E08
:102B800067206370752066616D696C7900000000D4
:102B9000380200106F73616C3A20696620757365A6
:102BA000642C207072696F206D75737420626520CB
:102BB0006265747765656E203020616E6420313502
:102BC000000000006F73616C3A2063616C6C656497
:102BD000206F73616C5F696E697469616C6973659C
:102BE0002829206166746572206F73616C5F73744D
:102BF0006172742829000000600200107C0200103D
:102C0000FFF762B830B583B004004FF000000D4606
:102C1000ADF80000ADF8040031D0264861680160CD
:102C2000A16841608021017201214172617800290F
:102C300018BF01218172217CC1726169C160217E4E
:102C40000174217F4174617F6A46491C8174A17FB0
:102C5000C174E17F0175218CC182618B816101A901
:102C60001448FFF74BF8BDF80400BDF80010C01D74
:102C7000C008C91D00EBD1006178A9B905E0002D9D
:102C800018BF0860002003B030BDA189E289C91DCA
:102C9000C908D21D01EBD201227E272303EB0212C9
:102CA00001EBD2010844C000002D18BF286003B01A
:102CB00030BD000060020010FFF7E2B8FFF702B974
:102CC0002DE9F04114000D4607466FF0020604BFDF
:102CD0006FF00100BDE8F08100202060B3F1FF3FFC
:102CE00008BF4FF0FF3107D0002B08BF002103D0F1
:102CF0000A48006AB3FBF0F1002D0CBF012200224C
:102D00003846FEF79BFE022805D1002615B1FEF7D6
:102D100063FE074627603046BDE8F08138020010A8
:102D200010B5B0F1FF3F08BF4FF0FF3106D00028CB
:102D30000FBF00210749096AB0FBF1F10022501EC4
:102D4000FEF77CFE02281CBF002010BDBDE810402D
:102D5000FEF742BE38020010002904BF6FF00100E8
:102D6000704710B50968FEF749FE002010BD00004D
:102D70000148006A704700003802001070B5FFF784
:102D800039F9002829D01E4D04461C4E68780128C8
:102D900018BF204625D01B4C0646A06850B14FF006
:102DA000FF3100F0FDF91848C188491CC180A068B6
:102DB00000F0D4F9A660FFF7CBFCA1690860AA6A0D
:102DC0001AB1A9786FF004009047606A8047FFF756
:102DD000BFFCBDE87040FFF741BC0C49E22006F0A3
:102DE00001F90820FFF74CF8002818BFC0E9004699
:102DF000D1D10749E22006F0F5F80000664523012D
:102E00007C0200103802001012230010F430060873
:102E100028310608002808BF7047084A0849497841
:102E2000012901D0FEF7A6BE016821B14068904299
:102E300008BF0846F6D00020704700005545230122
:102E40007C02001008B500220092002808BF08BDCF
:102E5000104B114A5278012A12D000BFB1F1FF3F46
:102E600008BF4FF0FF3206D000290FBF00220B4AE7
:102E7000126AB1FBF2F26946FEF7C2FE009808BD85
:102E8000026822B14068984208BF1046E6D0002090
:102E900008BD0000554523017C02001038020010D7
:102EA00070B505001ED0FEF785FE00281ED0044632
:102EB0001748164E4078012818BF20461AD0154EE4
:102EC00004464FF0FF31B06800F06AF912484189BA
:102ED000491C4181818929448181B06800F03EF913
:102EE000204670BD0DA1E32006F07CF817A1E2207A
:102EF00006F078F80820FEF7C3FF002818BFC0E9E5
:102F00000046DCD12049E22006F06CF8554523014B
:102F10007C02001038020010122300106F73616CE5
:102F20003A20696E636F727220706172616D206900
:102F30006E206F73616C5F6D65737361676571752A
:102F40006575655F6E657728290000006F73616C99
:102F50003A206D697373696E67206D656D20666FC9
:102F6000722072746F73206F626A20696E206F73B3
:102F7000616C5F6D65737361676571756575655FBC
:102F80006E6577282900000028310608002804BF54
:102F90006FF00100704710B5104BDFF83CC05B7854
:102FA000012B0FD0B2F1FF3F18BF002A03D00C4B0A
:102FB0001B6AB2FBF3F2FEF747FE002818BF6FF062
:102FC000020010BD036823B14068604508BF184681
:102FD000E8D04FF0FF3010BD554523017C020010B2
:102FE00038020010002808BF7047084A084949788D
:102FF000012901D0FEF748BE016821B14068904226
:1030000008BF0846F6D00020704700005545230150
:103010007C020010002804BF6FF00100704770B5FB
:10302000164E154A002571780446012907D000BFC5
:10303000FFF700F87178204601290ED109E00168F8
:1030400021B16068904208BF0846F1D04FF0FF30D0
:1030500070BD05604560FEF737FE094C4FF0FF314B
:10306000A06800F09DF80748C188491EC180A0688B
:1030700000F074F8002070BD664523017C0200104A
:10308000380200101223001070B5FEF7B3FFC0B174
:1030900004461548134D4078012818BF204614D027
:1030A000124D0446A86850B14FF0FF3100F078F897
:1030B0000F48C188491CC180A86800F04FF820461D
:1030C00070BD0CA1E22005F08DFF0820FEF7D8FEB0
:1030D000002818BFC0E90045E2D113A1E22005F0A5
:1030E00081FF0000664523017C02001038020010B9
:1030F000122300106F73616C3A206D697373696EEF
:1031000067206D656D20666F722072746F73206F1B
:10311000626A20696E206F73616C5F6D757465788B
:103120005F6E6577282900006F73616C3A206D69C6
:103130007373696E67206D656D20666F72206F73A3
:10314000616C206F626A65637420696E206F7361C1
:103150006C5F7878785F6E657728290010B5002855
:1031600004BF6FF0010010BD0B4A0C4949780129DA
:1031700009D000BFFEF78AFFFF281CBF002010BD4A
:103180004FF0FF3010BD01680029F9D0406890422F
:1031900008BF0846EED0F3E7664523017C02001025
:1031A00010B5002804BF6FF0010010BD104B114A8C
:1031B0005278012A12D000BFB1F1FF3F18BF002999
:1031C00003D00D4A126AB1FBF2F1FEF77BFF002833
:1031D00016BF052800206FF0020010BD026822B162
:1031E0004068984208BF1046E6D04FF0FF3010BD4F
:1031F000664523017C0200103802001010B500283B
:1032000004BF6FF0010010BD104B114A5278012A23
:1032100012D000BFB1F1FF3F18BF002903D00D4A03
:10322000126AB1FBF2F1FFF741F8002816BF03283C
:1032300000206FF0020010BD026822B14068984281
:1032400008BF1046E6D04FF0FF3010BD7745230190
:103250007C02001038020010002804BF6FF001004B
:10326000704710B50C490B4A4978012909D000BFB5
:10327000FEF7E0FF002808BF10BD00BF4FF0FF3091
:1032800010BD01680029F9D04068904208BF084687
:10329000EED0F3E7774523017C02001070B508B14A
:1032A000814203D91749E32005F09CFEFEF79CFFFD
:1032B000B8B104461548144D4078012818BF20467F
:1032C00013D0134D04464FF0FF31A868FFF768FF95
:1032D00010480189491C0181A868FFF73FFF20467B
:1032E00070BD0DA1E22005F07DFE0820FEF7C8FDAF
:1032F000002818BFC0E90045E3D11549E22005F0D8
:1033000071FE0000C8AB0608774523017C0200105F
:1033100038020010122300106F73616C3A206D693F
:103320007373696E67206D656D20666F72207274AD
:103330006F73206F626A20696E206F73616C5F73B8
:10334000656D6170686F72655F6E65772829000032
:103350002831060810B5002804BF6FF0010010BD29
:10336000094B0A4A5278012A04D000BFFEF782FFB7
:10337000002010BD026822B14068984208BF104684
:10338000F4D04FF0FF3010BD774523017C020010D0
:10339000FEF7BCBDFEF7B2BE10B5054CA078022802
:1033A00018BF10BD0020FFF709F90320A07010BD61
:1033B0003802001030B524498BB08A78012A08D031
:1033C0001AB122A1E02005F00DFE28A1E02005F0B1
:1033D00009FE02228A70486280B3CA690020332342
:1033E000106013715071B1F806C0A2F806C00C69E4
:1033F000C2E902402B4DCDE90550CDE908428DF8D8
:103400001C00ADF81EC08A69274C10601371FE23A2
:103410005371B1F804C0A2F806C0C968C2E902102D
:10342000CDE900408DF80830ADF80AC0CDE90312AF
:1034300005A96846FFF78EF80BB030BDFFE71BA16A
:10344000E32005F0CFFD0000380200106F73616CBF
:103450003A2063616C6C6564206F73616C5F737498
:10346000617274282920616761696E006F73616CF5
:103470003A2063616C6C6564206F73616C5F737478
:10348000617274282920772F6F7574207072696FAC
:1034900072206F73616C5F696E697469616C6973C6
:1034A00065282900459006087D2D06086F73616C1C
:1034B0003A20696E636F7272656374207061726125
:1034C0006D20696E206F73616C5F73746172742814
:1034D0002900000010B5C24372EA010204BF4FF098
:1034E000FF30014604D0044A0023126ABEF7AEF84A
:1034F000BDE81040FFF774B838020010002808BF7C
:103500007047016821B10179332904BFC068704751
:1035100000207047002804BF6FF00100704770B5AD
:103520000C4D0E4604464FF0FF31A868FFF738FEF9
:10353000206810B12079332805D0A868FFF70EFE67
:103540004FF0FF3070BDE660A868FFF707FE00206F
:1035500070BD00003802001010B5FFF7F9F8BDE8A3
:103560001040FFF797B8002812BF00296FF0010044
:10357000704710B50C46016811B10079332802D0AC
:103580004FF0FF3010BD0846FFF7A0F82070002074
:1035900010BD00002DE9FF4F85B01E00904681460A
:1035A00017D0B8F1020F14D3B8F1FB0F11D8B9F14D
:1035B000000F0ED02F4D4FF0FF31A868FFF7F0FD40
:1035C00005F144004FF0000A407830B101280ED0D8
:1035D00044E029A1E32005F005FD697828788142BF
:1035E0003CD2686900EB0110491C697002E01020B0
:1035F000FEF746FC040031D03046FEF7E1FB5FEAFF
:10360000000B2FD0264F3888304438800698019020
:1036100001208DF80800CDF80090ADF80A60CDE9E2
:1036200003B46846FEF7EEFF5FEA00091ED0788813
:10363000401C78803320C4F80090207184F8058005
:10364000E680C4E902BAA868FFF788FD414648460B
:10365000FFF790F809B02046BDE8F08F11A1E220F5
:1036600005F0C0FC1DA1E22005F0BCFC27A1E22072
:1036700005F0B8FC380200106F73616C3A20696E77
:10368000636F727220706172616D20696E206F735A
:10369000616C5F7461736B5F6E6577282900000051
:1036A000122300106F73616C3A206D697373696E39
:1036B00067206D656D20666F72206F73616C5F743B
:1036C00061736B5F7420696E206F73616C5F7461EE
:1036D000736B5F6E65772829000000006F73616C63
:1036E0003A206D697373696E67206D656D20666F32
:1036F0007220737461636B20696E206F73616C5FFD
:103700007461736B5F6E6577282900006F73616C5D
:103710003A206D697373696E67206D656D20666F01
:10372000722072746F73207461736B20696E206FE6
:1037300073616C5F7461736B5F6E6577282900003D
:10374000084910B5096AB0FBF1F0002808BF012054
:1037500004D0B0F1004F28BF6FF00040FEF7E6F94B
:10376000002010BD3802001010B5FEF7F1F900205E
:1037700010BD000010B538B10549096AB0FBF1F081
:10378000FEF718F9002010BDFEF7D0FFFAE70000A1
:1037900038020010002804BF6FF00100704770B5B8
:1037A000164E154A002571780446012907D000BF3E
:1037B000FEF778F87178204601290ED109E00168FA
:1037C00021B16068904208BF0846F1D04FF0FF3049
:1037D00070BD05604560FEF777FA094C4FF0FF3188
:1037E000A068FFF7DDFC07488188491E8180A0683A
:1037F000FFF7B4FC002070BD444523017C0200109B
:10380000380200101223001070B5FEF773F8B8B13B
:1038100004461448124D4078012818BF204613D0A2
:10382000114D04464FF0FF31A868FFF7B9FC0F486F
:103830008188491C8180A868FFF790FC204670BDF4
:103840000BA1E22005F0CEFB0820FEF719FB0028B3
:1038500018BFC0E90045E3D11249E22005F0C2FBE0
:10386000444523017C02001038020010122300108E
:103870006F73616C3A206D697373696E67206D6553
:103880006D20666F722072746F73206F626A206998
:103890006E206F73616C5F74696D65725F6E6577C2
:1038A0002829000028310608002819BF0029002A0D
:1038B0006FF001007047F0B516461F4A0D461D49CE
:1038C000527887B0012A18BF044629D01B4AD5E98F
:1038D0000001176AC24372EA010204BF4FF0FF30D1
:1038E000014603D03A460023BDF7B0FECDE9000102
:1038F000A868B0FBF7F00290287B002818BF029858
:103900000390306804907068059004AA69462046C8
:10391000FEF70CF8FF281EBF002007B0F0BD04E042
:10392000046814B140688842D0D007B04FF0FF302F
:10393000F0BD0000444523017C0200103802001055
:10394000002804BF6FF00100704710B50C490B4A06
:103950004978012909D000BFFEF70CF8FF281CBFE9
:10396000002010BD4FF0FF3010BD01680029F9D0D4
:103970004068904208BF0846EED0F3E74445230173
:103980007C0200107047000070B501882A2941D3DD
:10399000418A4FF4807399423CD1818A082939D1F8
:1039A000817D062936D1C17D042933D1028B00F1F6
:1039B0001204B2F5806F2DD00ADC4FF4007500F1CF
:1039C0002A009A4217D0AA4224D10422124909E0BF
:1039D00024304FF41065B2F5006F0FD0AA4219D110
:1039E00006220E49FDF72CFF002813D02046BDE823
:1039F0007040F8F793BD0422074901E00622074909
:103A0000FDF71EFF002805D029462046BDE870407E
:103A1000F8F7B8BD70BD0000242400104C0300105E
:103A200070472DE9F84304464188001D0E1825888B
:103A300030462946F7F790F828B9307848B3082877
:103A400001D1707810B10020BDE8F88305F12200A3
:103A5000F8F74EFB00F126070021397079700185D7
:103A600080462A1F311D381DFDF7FAFE29463846CB
:103A7000F7F772F87880A8F800508023009340464A
:103A80000023012204F11E01FDF7CCFD4046F8F7AA
:103A90007FFE0120D8E700002DE9F04104460088B0
:103AA0002A2816D304F12600FDF791F9218D8142D1
:103AB0000FD194F8260011280DD0122809D104F155
:103AC0002A00FDF7D9F9002803D002210170002156
:103AD0004170BDE8F08104220C4904F12200FDF799
:103AE000AFFE0028F5D00025094C0127094E08E05B
:103AF0002078022803D12770204605F09AFBA41DE8
:103B00006D1C30888542F3DBE3E7000018A406084B
:103B100020260010420300102DE9F8430546418895
:103B2000001D0C18A088F7F719FE082848D30127B4
:103B3000284EDFF8A48047E03078022842D1608820
:103B4000F7F70CFE718888423CD117F0FF0737D099
:103B5000717905F11E09890724D5E08810B3002288
:103B6000042105F12200F7F703F802460421484634
:103B7000F6F7FEFF0146E87EF7F70EF88046A088CC
:103B8000F7F7ECFD4146F7F707F88046A088F7F70E
:103B9000E5FD014642462046F6F7EAFFC043000431
:103BA000000C0DD12088F7F7D9FD02462888494638
:103BB000083883B20093B56804F108033846A84773
:103BC000BDE8F8830C367F1C98F800008742B3DD0F
:103BD000F6E70000903E00103C030010084A30B4A5
:103BE000D2E90034591C01F01F01A14205D0054C57
:103BF00044F82300116030BC704730BCF8F7C8BDF2
:103C0000AC0400101040001010B50022427091B1B9
:103C1000022914D0032918BF10BD04468178012958
:103C200008BF05F0BFFA12480068E0B12146BDE8C0
:103C3000104000F05FB8BDE8104005F0B3BA0D4980
:103C40008369C2690B604A6082688A60C268CA6020
:103C50000949026A0A60426A4A600A46BDE81040A1
:103C6000044905F0FFB92046BDE8104000F0C0BB94
:103C70008C030010D83E00105C03001050E8001FB9
:103C800031B10B6840E80032002AF7D1084670478E
:103C9000BFF32F8FFAE700002DE9F041134D040028
:103CA0004FF0020610D02868A1780127827891424F
:103CB00014D901F07DFC286847706C606670E0786C
:103CC000BDE8F04100F09EBA094800F075F8686060
:103CD0004670C078BDE8F04100F094BA67702146A4
:103CE000BDE8F041024801F041BC00006C03001047
:103CF00090400010814224BF42688A429CBF01204C
:103D0000704702680A60BFF35F8F50E8003F0A689F
:103D10009A4204BF40E80012002AF2D14FF000009E
:103D200070470000214810B4214A0168A9B3214816
:103D30005278008802F1010C431C63452AD9801A8D
:103D40004FF0010C401E2CEA000C501C0CEB02043E
:103D5000621C82420CD900BF01EB800C5CF804CCE1
:103D6000BCF1000F04BF10BC7047401C8242F3D866
:103D7000104683420ED900BF01EB800252F8042C9A
:103D8000002A04BF10BC704751F820205AB1801C93
:103D90009842F1D310BC00207047FFE75068411CE7
:103DA000516010BC704710BC401C7047C00300102D
:103DB00064030010E00300100146406842684A6056
:103DC0000B780022622B18BF612B03D0632B1CBF22
:103DD000426070474368002B1CBF9960426082605C
:103DE000704700000649074B48681B6882789B783B
:103DF0009A421CBF0020704742684A60704700002A
:103E0000904000106C03001010B581780446012921
:103E100008BF05F0C7F90648006818B12146FFF74A
:103E200069FF02E0204600F0E3FA002010BD000028
:103E30008C0300100949002048608860084909681F
:103E4000002918BF887007480068002808BF70471D
:103E5000282205490988F8F71FB90000E83E00103C
:103E6000880300108C030010900300100D4810B55B
:103E7000006810B1FFF702FF02E0282000F08CFB81
:103E8000002808BF10BD65210170002141708170BC
:103E900041608160C160C0E904118161C0E907111E
:103EA000416210BD8C0300100348416800290CBF1B
:103EB0004FF0FF3080687047E83E001005F0D2B840
:103EC00005F070B92DE9F0437E4F7F4D002438682E
:103ED000652687B0002874D010F8041B8900BEF74F
:103EE000DFF83A68794894704168C9B1D1E906C3EE
:103EF0006FEA0C0C7CEA030308BF08460DD04B6840
:103F000043608368D1F808C063448360937802EB10
:103F1000830C5B1C9370CCF8041041680029E5D138
:103F200090784FF0000800289CBF07B0BDE8F083F0
:103F3000386800EB88004068016A0491416A059185
:103F4000C16859B1D0E90423511A63EB0402CDE9E9
:103F50000012C1680291C168039115E0D0E9061210
:103F60002B68D5F804C05B1A7CEB02033CBF0091C0
:103F7000CDE9012407D32A686968521C41F1000188
:103F80000092CDE90114039406704470847044607B
:103F900084600022C460C0E904228261C0E9072471
:103FA00004AA6946446205F05DF808F1010000F0DA
:103FB000FF08386880784045BAD807B0BDE8F0837C
:103FC000FFE742484FF0000847464168C14689B1C3
:103FD000D1E90623D24372EA03020EBF0846791CD8
:103FE0008FB241680029F3D127B139460420FDF78B
:103FF00037FD804635484168B9B100BFD1E9062395
:10400000D24372EA030208BF08460BD04A684260F6
:1040100082688B681A44826048F8291009F101010E
:104020001FFA81F941680029E8D14FF00009002FFB
:1040300041D900BF58F82900016A0491416A0591ED
:10404000C16859B1D0E90432591A62EB0402CDE9D2
:104050000012C1680291C168039115E0D0E906120F
:104060002B68D5F804C05B1A7CEB02033CBF0091BF
:10407000CDE9012407D32A686968521C41F1000187
:104080000092CDE90114039406704470847044607A
:1040900084600021C460C0E904118161C0E9071493
:1040A00004AA6946446204F0DDFF09F101001FFA29
:1040B00080F9B945BED34046FDF7D4FC07B0BDE852
:1040C000F08300008803001028020010E83E001072
:1040D0002DE9F047424E7068002808BFBDE8F08720
:1040E000B0680024401EDFF8FC806527B0606DE0FA
:1040F000A868B060686870606878002866D12A6A2D
:1041000012B12846696A9047EA68002A52D0D5E978
:104110000603C14371EA03012DD02146801843EB09
:104120000102C5E90602D8F80030D8F80490B0EBD7
:10413000030C2B4862EB09092346826805E05046D0
:10414000DAF808A01AEB02025941B2EB0C0A71EB43
:10415000090A04D2D0F804A0BAF1000FEFD14168E7
:104160006960B2EB0C01A96045608168AA68A1EBA7
:10417000020181602AE01A4B2146986805E04B460F
:10418000D9F8089019EB00006141B0EB020971EB1E
:10419000040C04D2D3F80490B9F1000FEFD15968A0
:1041A000801AC5E901105D609868A968A0EB01005C
:1041B00098600BE02F706C70AC706C600020AC608D
:1041C000C5E90400A861C5E907046C62B06800286D
:1041D00018BFBDE8F0877568002D89D1BDE8F0876C
:1041E000E83E00102802001010B5EFF787FC0349E5
:1041F00000280CBF01200020887010BD640300104F
:1042000070477047FF280CBF0120401CC0B2064910
:104210008978002908BF704704494A6809688A42BA
:1042200008BF7047EFF728BD640300106C0300104F
:104230002DE9F04100282DED048B04BF0020FEF78E
:1042400051F8002442484449048042480568687A8D
:1042500000060860E87A002818BF01203F4908706E
:104260003F49E8680860686805F09EFD0F4606460D
:1042700047EC180B286805F097FD53EC182B05F058
:10428000A7FD9FED399B53EC192B05F0EDFB05F0D5
:1042900047FD3749421E0A603649086005F084FD33
:1042A00047EC106B41EC180B53EC192B51EC100B35
:1042B00005F08EFD53EC182B05F0D6FB05F030FD14
:1042C0002D49C1E900042D49012008702C49686876
:1042D00008602C48384904602B4804602B4804804F
:1042E0002B4804602B4804802B4804602B48048032
:1042F0002B4804602B4804802B4804602B48046042
:104300002B4804802B480460287A0870042101EBB4
:10431000C0000121FDF7A4FB28490860284804607B
:1043200028480480284804602848048028480460FD
:10433000284804602848046028480460284804701D
:104340002848047028480470BDEC048BBDE8F08157
:10435000E003001014020010E4030010F00300104A
:10436000EC030010000000000000000080842E41DB
:10437000F40300102402001030020010F8030010B3
:10438000FC030010000400108803001090030010CC
:104390008C0300109803001094030010A003001079
:1043A0009C030010A8030010A4030010AC0300102D
:1043B000B4030010B0030010BC030010B8030010D9
:1043C000C0030010C8030010C4030010D003001085
:1043D000CC030010D8030010D4030010DC0300103D
:1043E00054030010550300105603001080897047D5
:1043F000FDF738BB104910B50B6883B1DFF83CC03E
:10440000DCF8081001EB8002D01A0D4B10301B882D
:1044100098420BD90D20FDF765FF002010BD10213B
:10442000BDE8104001EB800000F0B6B8084602F18C
:104430001001CCF8081010BDA40300107403001084
:10444000A80300100C4810B5016881B10B4A0C4B51
:1044500010681B88411A103199429EBF00F110016B
:10446000116010BD0D20FDF73DFF002010BDBDE81F
:104470001040102000F090B8940300107403001056
:10448000980300100C4810B5016881B10B4A0C4B21
:1044900050681B88411A083199429EBF00F10801FB
:1044A000516010BD0D20FDF71DFF002010BDBDE8BF
:1044B0001040082000F070B89C0300107403001036
:1044C000A003001070B51049C01DC008096879B17B
:1044D0000E4A0F4BD4681B8804EBC000411A994266
:1044E00098BFD0600DD90D20FDF7FCFE002070BDF7
:1044F000C500284600F050F8044611222946BDF7B1
:10450000A5FD204670BD0000CC0300107403001010
:10451000D003001010B51648164C006820B116499B
:1045200020600988BDF7BCFD1448006820B114491B
:1045300060600988BDF7B4FD1248006820B11249D7
:10454000A0600988BDF7ACFD1048006828B110498B
:10455000E06011220988BDF779FD0E480068002847
:1045600008BF10BD2061BDE8104000F02BBF000067
:104570009403001074030010980300109C030010B3
:10458000A0030010A4030010A8030010CC03001027
:10459000D0030010AC0300100121FDF761BAFDF754
:1045A00063BA000003490968002918BF7047FFF784
:1045B0001FBF00009403001003490968002918BFB9
:1045C0007047FFF715BF0000CC030010000000008B
:1045D0002DE9F04FB84F00242DED048B8BB0A14690
:1045E0003868002804BF0020FDF77CFEB34EDFF8DA
:1045F000D0A2DFF8D0B2306800281FBFDAF8000080
:104600000028DBF80000002803D14FF00000FDF780
:1046100069FE04A93868FDF729FA09A93868FDF789
:1046200071FAD7F80080A84998F81000801C08801B
:1046300098F80910090641EA0040A449086098F872
:104640000B00002818BF0120A1490870A149D8F823
:104650000C000860D8F8040005F0A6FB054641EC04
:10466000180B0291D8F8000005F09EFB53EC182BB4
:1046700005F0AEFB9FED989B53EC192B05F0F4F978
:1046800005F04EFB9649421E0A609649086005F007
:104690008BFB41EC180B029953EC192B41EC105B8E
:1046A00051EC100B05F094FB53EC182B05F0DCF9E2
:1046B00005F036FB8C490025904BC1E900058B497C
:1046C0000120DFF83CE208708949D8F8040008604E
:1046D00088480560BDF810108748D1B1326898F855
:1046E00011C0026082F800C000684FF0040808EBB7
:1046F0008C0180F80180BDF81000C1EB80021A80A7
:1047000004EB91013268044602EB8101CEF80010FF
:1047100003E005601D80CEF80050BDF81210794A04
:10472000794B4FF6FF70002904BF15801D6009D03A
:1047300000EA810CA2F800C03268214402EB840236
:104740008CB21A60BDF81410704A714B002904BF76
:1047500015801D6009D000EA810CA2F800C0326803
:10476000214402EB84028CB21A60BDF8161051B1DC
:10477000684B00EA810221441A803268664B02EBE2
:1047800084028CB21A60BDF81810644A002908BF70
:10479000156005D03368214403EB84038CB21360A9
:1047A000BDF81A105E4A5F4B002904BF15801D60DA
:1047B00009D000EA810CA2F800C03268214402EB63
:1047C00084028CB21A60BDF81C305749574A002B3E
:1047D00004BF0D7015600BD0D7F800C09CF808C05E
:1047E00081F800C0316801EB8401116019198CB2A5
:1047F000BDF81E104E4A002908BF156005D0336869
:10480000214403EB84038CB21360BDF82030494986
:10481000494A002B04BF0D80156006D000EA8303CF
:104820000B80316801EB84011160BDF82410434A0C
:10483000434B002904BF15801D6006D000EAC1006B
:104840001080DAF8000089461860BDF826203D483F
:104850003D49002A04BF05600D6006D0D200026009
:10486000DAF8000000EBC90008603868002400286E
:1048700008BF2C460CD001A9FDF74FF9BDF8040084
:1048800030B1DBF800401CB90421FDF7E9F804461B
:104890002E48002C046004BF0020FDF723FD2C48A7
:1048A00005702C4805702C4805700BB0BDEC048BCE
:1048B000BDE8F08F00000000140200101802001084
:1048C0001C02001020020010E0030010E40300109E
:1048D000F0030010EC0300100000000080842E4163
:1048E000F40300102402001030020010F80300103E
:1048F000FC03001000040010880300109003001057
:104900008C0300109803001094030010A003001003
:104910009C030010A8030010A4030010AC030010B7
:10492000B4030010B0030010BC030010B803001063
:10493000C0030010C8030010C4030010D00300100F
:10494000CC030010D8030010D4030010DC030010C7
:104950005403001055030010560300102DE9F041D8
:10496000384C206845788078002818BF012664D02C
:10497000206800EBC50148680278602A06D0612AE9
:1049800028D0652A2AD0622A2CD042E007468968BE
:10499000C0690843F8617A78396A062A02D0052A84
:1049A00004D036E031EA000033D103E0084230D0D1
:1049B00008403862F8698843F861384600F053FED1
:1049C0007E700221384600F045FE39461E4800F050
:1049D000CDFD1EE0896800F027FC1AE08968FFF72A
:1049E00013F916E0416871B1FFF7E6F9074600F0E8
:1049F0003AFE38467E70032100F02CFE39461248FC
:104A000000F0B4FD05E08178C27891423CBF491CBA
:104A1000817020686D1CC078854208BF0025206821
:104A2000801CD0E84F1F491EC9B2C0E8421F002AAF
:104A3000F5D12068807800289AD120684570BDE8BB
:104A4000F0810000B803001090400010C378827815
:104A50008B423CBFFF207047914204BF002070474B
:104A600042688170002070472DE9F84F0746824860
:104A70000025DFF808820560A8F10800C8F800509A
:104A80007F4AC8F8045045700E46156055607D4851
:104A9000056085807C480168C9B17C4BB3F800C0D3
:104AA000BCF1000F13D000201CF001021CBF0D60F0
:104AB000012062450BD200BF41F82050401C921CDF
:104AC00041F82050B3F800C0401C6245F4D3704C4C
:104AD000206820B16F4948220988F7F7DDFA6E484F
:104AE000006840B16D49098889B241F000426C49C3
:104AF0000968F7F7D1FA6B48006820B16A490822C3
:104B00000988F7F7C9FADFF8A4A14FF0FF090021DF
:104B10008AF80390F068CAF840007089AAF83A0051
:104B20007068CAF824003069CAF834005046326808
:104B300000F0DAFA5E486421017045605D4801705A
:104B4000C56005614561DAF83C002030BBF744FCE4
:104B50000220C8F800A08AF80100574857490068A9
:104B6000057045700978C170554856490560096857
:104B70000161FFF75FF95448016841F47F0101606A
:104B800000684FF07F4101EA00205049C043B0FA6D
:104B900080F00968C0F10800C1F30221814228BFFA
:104BA000481C4B490A686FF0807303FA00F062F307
:104BB00017000860FDF70AFE4649002808600EDB72
:104BC00000F1E02181F8009400F01F01012202FAB7
:104BD00001F14009800000F1E020C0F8001100F070
:104BE00081FC3E7AB7F80A80D7F810B03868009098
:104BF000D7F804A0D7F80C90FFF794F8070008BF87
:104C0000BDE8F88F002E08BF0126206840B1FFF7ED
:104C100035F804000CD1BDE8F84F0D20FDF762BB5C
:104C200048200121FCF71CFF040008BFBDE8F88FF5
:104C3000C4F84090C4E90C5BA4F83A80C4F824A0FE
:104C40003146009A00F050FA0F48006800281CBF57
:104C500000EB870040F8044CF8B21F49E0708978F7
:104C600021B1401CC0B2616CEEF79CFF2046BDE84C
:104C7000F84FFFF711B80000B80400106C030010E3
:104C800028020010BC040010C0030010E003001054
:104C9000B0030010B4030010D4030010E4030010AC
:104CA000D8030010C4030010C8030010F43E001025
:104CB00090400010A8400010B8030010BC03001082
:104CC000C0400010E803001020ED00E00CED00E013
:104CD0001CED00E0580300106403001030B44FF0E6
:104CE000E02200239361DFF82CC01A184B41DCF856
:104CF0000000DCF8041082EA000483EA01052C437A
:104D000004BF30BC7047CCF80020CCF8043030BC75
:104D1000FFF7D8B82802001038B54FF6FF74012805
:104D200028D14FF0E025286900901848DFF860C0CE
:104D3000184902680120184B002A09DA05222A6165
:104D40008CF80000086802EA90601870400610E0D5
:104D500002F01F0500FA05F55211920002F1E0225F
:104D6000C2F880518CF800000868C0F30070187019
:104D7000C00608600948C168002918BF4469FFF7E8
:104D800093F8A04288BF204638BD000058030010A9
:104D90005403001004ED00E056030010A84000107A
:104DA0002DE9F05F1D4691468A4683461E78B3F88A
:104DB0000280FEF7B7FF071E08BFBDE8F09F002E78
:104DC00008BF01261D48006838B1FEF757FF0400F0
:104DD00009D10D20FDF786FA2CE048200121FCF7CF
:104DE0003FFE040026D0002020636868C4F840908D
:104DF0006063A4F83A805A4631462046C4F824A09D
:104E000000F072F90E48006800281CBF00EB870014
:104E100040F8044CF8B20B49E070897821B1401C8D
:104E2000C0B2616CEEF7BEFE2046FEF735FF2046AD
:104E3000BDE8F09F0020BDE8F09F0000B003001027
:104E4000C003001064030010002804BFFF20704757
:104E50002DE9F05FDFF8D4B1054690F80390DFF854
:104E6000C8A10027DBF800004FF00108B9F1000FDE
:104E70001CBFC17849456DD14770BBF7B0FADBF86C
:104E80000010C86300F01EFCDBF80000846A0CB35D
:104E90006068C0B12046FEF78FFF0646052100F08E
:104EA000D9FB304600F0DFFB86F8018031466048D0
:104EB00000F05CFBE168A4F80280A660B06AE060E4
:104EC000B4620C4604E0E0686780A760E7600446CF
:104ED000002CDDD1DAF8000030B1DBF80010C97821
:104EE00000EB810040F8047C5248006828B1DBF8F0
:104EF0000010096CFEF7FEFE04E0DBF80000006C19
:104F0000FFF75AFBDBF800004B490764897831B1A1
:104F1000C178491CCAB2416C1046EEF7C9FEDBF8F5
:104F2000000007704548006828B12F63DBF80010C7
:104F3000FEF7E0FE08E0286B10B1FCF793FD2F634D
:104F4000DBF80000FCF78EFD0020CBF80070FEF7C8
:104F5000A3FE66E0284600F09DFB284600F083FB98
:104F6000AC6AFCB16068B8B12046FEF725FF064682
:104F7000052100F06FFB304600F075FB86F80180DC
:104F800031462B4800F0F2FAE068A4F80280A660EF
:104F9000B16AE160B46203E0E0686780A760E7603F
:104FA0000400DFD1DAF8000000281CBF00EB890004
:104FB00040F8047C1F48006818B1296CFEF79AFE7F
:104FC00002E0286CFFF7F8FA1B482F64807828B1BC
:104FD000E878696C401CC0B2EEF76AFE17482F7083
:104FE000006820B129462F63FEF784FE07E0286B96
:104FF000002808BFFCF736FD2846FCF733FD0C48B7
:1050000040688178DBF800008278914209D980F805
:1050100001800748DBF8001000F0A8FA0020FEF736
:105020003BFE0020BDE8F09FC00300106C030010A1
:1050300090400010D403001064030010B00300106F
:1050400010B5040008BF10BD206B00281CBF206BEA
:1050500010BD0848006838B1E17801EB410100EB70
:1050600041106038206310BD60200121FCF7F8FC7E
:10507000F8E70000DC03001070B5040004BFFF2057
:1050800070BD144D2868A04211D18170286880F845
:105090002C10114840688078884219D90E48296838
:1050A00000F064FA29680120487000200EE0A17029
:1050B00084F82C102868A042EBD0204600F082FA39
:1050C0006078012804D10448FEF776FEFEF7E4FD7F
:1050D000002070BD6C030010904000100148006873
:1050E000704700006C03001070B50446602020700B
:1050F00001206070A17084F82C1000206060A06016
:10510000E0602061A0626061A061E061206284F8DB
:105110003800206C154600281CBF608F002803D182
:105120004FF01100FDF7DEF829462046BDE870403B
:10513000AFF3008030B4428F374C930804BF22880D
:10514000C2F38D03026C02EB830212F0040F18BF4E
:10515000121F4FF0807C42E9021C4FF0000C42F815
:1051600040CDC2F804C0C2F808C0C2F80CC0C2F8F2
:1051700010C0C2F814C0C2F818C0C2F81CC0C2F8EF
:1051800020C0C2F824C0C2F828C0C2F82CC0C2F89F
:1051900030C0C2F834C0D0F824C0C2F820C0C26306
:1051A0004164216811F0805F18BF112B2FD9103B8B
:1051B0004FF0FF3101EB53054FF0010C4FF0CC31B4
:1051C000BCEB530F1ED04FF0000C15F0010F05D0B3
:1051D00042F8041C42F8081C4FF0010C6B100FD071
:1051E000CCF1000402EBC4045B1E44F8041C44F838
:1051F000081C44F80C1C44F8101C0CF1020CEFD1F4
:10520000A2EBC502036C121F9A4288BF11600349CA
:10521000006C016030BC7047E4030010A52E5AE218
:10522000C1898089081A70472DE9F0410446406819
:1052300000260F4604F10C05002845D060784FF099
:10524000010801282BD0022818BFBDE8F0812046B4
:10525000FEF7B2FD0746002100F0FCF92189786ACB
:1052600004EB8101C1F81000D5E85F0F401C81B24A
:10527000C5E8501F0028F7D12089401C80B220814A
:10528000E189884208BF268187F80180384600F00E
:10529000EAF93946BDE8F0411B4800F067B92046FD
:1052A000FEF78AFD0446406A04210760204600F0AC
:1052B000D1F984F80180204600F0D5F92146BDE8F7
:1052C000F041114800F052B9A089E189884215D215
:1052D000208904EB80000761D5E85F0F401C81B294
:1052E000C5E8501F0028F7D12089401C80B22081DA
:1052F000E189884208BF2681BDE8F0810320BDE82E
:10530000F041FDF753BA0000904000102DE9F04144
:1053100004464088294E002826D0A068816AA14210
:1053200006BFE1688162002907D0CA68A24202D1A3
:10533000E268CA6001E01100F7D190F82C10826A8F
:105340004AB15368002B1CBF9B788B4288BF19461B
:10535000D268002AF5D182788A4205D081703168FE
:10536000814218BF00F02EF90127606888B12046FD
:10537000FEF722FD0546002100F06CF9284600F0FA
:1053800072F96F7029460E4800F0F0F86068002846
:10539000EDD10B48406860B1316880788A789042DE
:1053A00007D9074800F0E2F8306847700020FEF7A0
:1053B00073FC00202070BDE8F08100006C03001039
:1053C00090400010632101700021418041608160A4
:1053D000C16070472DE9F0410446408820B1344D4A
:1053E000A1682A68914202D0FF20BDE8F081401EEA
:1053F0000004000C608057D12968886AA04206BF6B
:10540000E0688862002807D0C268A24202D1E26840
:10541000C26001E01000F7D191F82C20886A48B1F1
:105420004368002B1CBF9B78934288BF1A46C06814
:105430000028F5D18A70DFF87C806068012728B3E6
:105440002046FEF7B9FC0646052100F003F9304678
:1054500000F009F96780A660B06AE060B46229686C
:10546000D8F8042088789278904228BF304619D224
:10547000104800F07BF831460E4800F077F82868B5
:10548000477077700020FEF707FC0DE0D8F80400A5
:1054900029688078904207D9064800F067F82868A4
:1054A00047700020FEF7F8FB0020BDE8F081000007
:1054B0006C03001090400010084810B502680121EC
:1054C0005170006800F074F8FFF748FA0448FEF7DE
:1054D00073FCBDE8104000F00FB900006C03001031
:1054E000904000100548017800291EBF012141703D
:1054F00070474FF080500249086070475403001015
:1055000004ED00E0F0B4184D2B6803F1020CDC78D8
:10551000DCE84F2FA24210D1BFF32F8F2B6893F8F6
:1055200003C0944581BF03EBC202C2E90101F0BC94
:1055300070470220F0BCFDF739B9521CD6B2CCE856
:10554000426F002AE4D100BFD3E84F2F02F1010CD3
:10555000A44508BF4FF0000C0CF0FF06C3E84C6FE9
:10556000BCF1000FF0D1D9E7B803001010B40278F5
:105570004FF0000C622A1ABF612A632A4FF0010C17
:105580008B78426822B194789C4228BF1046F8D2AA
:105590004A604160BCF1000F01BF0020886010BC70
:1055A0007047002A18BF9160886010BC70470000E7
:1055B00003494A68426000228260486070470000E8
:1055C0009040001010B4836823B11A781946602AFD
:1055D00007D00AE0417801290EBF1D4910BC704771
:1055E00003E089680A78602AFBD0002B08BF184ABC
:1055F00007D042685A604268002A1CBF83689360E3
:1056000007E05368834202D14368536001E01A0007
:10561000F7D10A780023622A1ABF612A632A01237C
:1056200090F802C04A6822B19478644528BF1146B8
:10563000F8D242604860002B01BF0021816010BC9D
:105640007047002A18BF9060816010BC704700004E
:105650009040001090F83820C06B002A14BF6030D2
:105660002030016070470169002908BF7047C26897
:10567000CA60C3680022002B08BF4A6107D04B698B
:10568000D0F814C063444B61C3681961C260026101
:10569000704700008168002908BF094907D04268A7
:1056A0004A60416800291CBF8068886070474A686A
:1056B000824202D14068486070471100F7D17047BC
:1056C000904000100948407A002808BF70470848F9
:1056D0000068D0E90F10814204D300680549884270
:1056E00008BF70470120FDF761B80000E8220010F4
:1056F0006C030010A52E5AE2034948600221417054
:10570000C078FEF77FBD00006C03001038B52D484F
:105710000121026851700068FFF74AFF2A482B4CAC
:10572000007828B32A482B4903684A68002193422D
:105730000DD0026002692368D4F804C0D21841EB8E
:105740000C03B2F1010C43F1FF32C0E902C2D0E90F
:10575000025C226863686A408CEA03031A4307D13B
:1057600001601C48FEF728FB01461A48FFF7FEFEC1
:1057700019480168491C0160EFF3108000F0010036
:1057800072B6009020686168401C41F10001206001
:105790006160009800B962B6FBF71AFCFEF798FC4E
:1057A0000E4C206810F0805F05D0FFF7D7F8206816
:1057B00040F0006020600748FEF7FEFABDE8384080
:1057C000FFF79ABF6C030010F003001028020010CE
:1057D000C040001090400010B804001004ED00E03C
:1057E00070B5FEF7FFFA040008BF70BD074D08480A
:1057F0002968FFF7BBFE29680120487002206C6011
:105800006070E078BDE87040FEF7FCBC6C030010EF
:105810009040001070B5FEF7B5F8274800780128D1
:1058200001D1F6F7FFFD2549D1E90020824241D0A0
:10583000234A52F82040401C00F01F004860208A94
:10584000082806D0B0F5C16F2FD12046FEF79CF88E
:105850002BE000212046FBF731FE10B304F11E00BF
:10586000042200210546FCF711F828B9012204F1B1
:105870000A012846F6F78EFCE07E012806D00228B1
:1058800008D006280ED011280FD107E02046FEF7D9
:10589000C8F80AE02046BBF71CFD06E02046BBF72F
:1058A000D5FD02E02046FEF7BBF82046BDE870407B
:1058B000F6F76EBF70BD00002F030010AC0400109F
:1058C000104000102DE9F04116480078002826D03D
:1058D00015480178491E11F0FF0101701FD11349CD
:1058E0000025134F097801704FF00208114E13E0A4
:1058F00005EB450007EB4004207801280BD16078C8
:1059000048B1401E10F0FF00607004D1A01CFBF7EE
:10591000D1FA84F800806D1C30888542E8DBBDE850
:10592000F08100002E0300102A0300103A0300103B
:10593000202600104203001070B582B004460D46C8
:1059400000200190009085494FF6FF7C012A0CD081
:10595000022A52D0CDF800C0208840F48070208008
:10596000A08A10F0010F75D0A9E0CDF800C0208802
:1059700040F480702080A08A10F0010F0BD10098B5
:10598000421E009203D202B04FF0FF3070BDA08AD9
:1059900010F0010FF3D043F0010008700878208266
:1059A000CDF800C0A08A10F0020F0BD10098411E64
:1059B000009103D202B04FF0FF3070BDA08A10F00A
:1059C000020FF3D0208820F48060208072B6208BF4
:1059D0000190208840F40070208062B6A08A10F008
:1059E000400FFBD0208A2870208810F4007FFBD164
:1059F000208840F480602080ACE0208840F4006083
:105A00002080CDF800C0208840F480702080A08ADB
:105A100010F0010F0BD10098421E009203D202B089
:105A20004FF0FF3070BDA08A10F0010FF3D0CDF819
:105A300000C043F00100087008782082A08A10F0AE
:105A4000020F0CD10098411E009104D202B04FF019
:105A5000FF3070BD27E0A08A10F0020FF2D072B6BE
:105A6000208B0190208820F48060208062B6A08A7C
:105A700010F0040FFBD072B601212046F5F797FB1A
:105A8000208A287062B6681C218A0170208810F470
:105A9000007FFBD1208840F480602080208820F4A3
:105AA0000060208056E00098461E009603D202B0A7
:105AB0004FF0FF3070BDA08A10F0010FF3D0CDF889
:105AC00000C043F00100087008782082A08A10F01E
:105AD000020F0BD10098411E009103D202B04FF08B
:105AE000FF3070BDA08A10F0020FF3D0208B019020
:105AF00042B3032A07D0A08A10F0040FFBD0208AFB
:105B000028706D1C521E032A1AD1A08A10F0040FAF
:105B1000FBD0208820F48060208072B6208A287014
:105B2000681C218841F400712180218A017062B6CD
:105B3000451CA08A10F0400FFBD0208A287000225C
:105B4000002AD6D1208810F4007FFBD1208840F4B1
:105B50008060208002B0002070BD0000C4040010EE
:105B60000846F9F7F5BF084611461A46009BFAF7B2
:105B700057B8084611461A46009BFAF785B8000048
:105B80000148007A704700001824001001490120E4
:105B90000872704718240010014800787047000010
:105BA0002CA506082DE9F04184B000F089F8002802
:105BB00070D0DFF8E88000214046F4F7ABFB384FA7
:105BC00000213846F4F7A6FB0026009601960296BF
:105BD00003960024334D02214046F4F7A7FB58B941
:105BE0002878401CC0B22870642805D202214046A3
:105BF000F4F79CFB0028F3D02E7068680099428867
:105C000011440091C0880199084401900221404646
:105C1000F4F742FB02213846F4F788FB58B928789C
:105C2000401CC0B22870642805D202213846F4F71F
:105C30007DFB0028F3D02E706868029942891144D8
:105C40000291C08903990844039002213846F4F771
:105C500023FB601CC4B2202CBDD300981030C117A8
:105C600000EBD16041116868018301991031CA17B6
:105C700001EBD2614911418302991031CA1701EB3E
:105C8000D2614911818303991031CA1701EBD261A6
:105C90004911C18304B0BDE8F0810000002001403B
:105CA000002201400403001010B5044C6068002875
:105CB00003D12620F7F76EFE606010BD04030010CC
:105CC00003484068002801D0012070470020704739
:105CD0000403001003480068002801D0002070472A
:105CE0000120704740A50608BBF72BBC0121BBF77C
:105CF000E3BB0000014602480068F9F79CBB0000C6
:105D0000DC23001001460148F9F7A6BBDC23001094
:105D1000024901480860704754A50608F0020010C7
:105D2000014602480068F9F786BB000054A5060842
:105D3000014602480068F9F77EBB0000683F00108A
:105D400001460148F9F788BB683F0010074901EB9D
:105D500000118A68002A05D0CB681BB10B690BB112
:105D6000496810474FF0FF307047000068A60608EA
:105D7000002070470020704710B50020F6F73CFD6A
:105D8000F6F76AFD002010BD014602480068F9F7E9
:105D900052BB000068A60608014602480068F9F7F1
:105DA0004ABB0000B423001001460148F9F754BB78
:105DB000B4230010002805D0034A0146126810469B
:105DC000F9F739BB0020704794A60608014602483F
:105DD0000068F9F730BB0000F802001001460148E6
:105DE000F9F73ABBF8020010024901480860704711
:105DF00078A50608F40200100148007870470000FA
:105E000078A50608014602480078F9F7F5BA0000BF
:105E1000CC02001001460148F9F7F7BACC02001095
:105E200010B50C48C168002910D0016971B14169F1
:105E300061B1816951B1C16941B1006A30B100F00D
:105E40000BF8BDE810400020FAF76AB94FF0FF30B8
:105E500010BD000018A7060810B5002000F016F8C5
:105E6000024908700846416010BD0000C4020010DD
:105E7000014602484078F9F7BFBA0000CC02001092
:105E800001460148F9F7C1BACD02001001460248A7
:105E90000068F9F7D0BA000018A706080348007890
:105EA000002801D001207047002070471404001022
:105EB0000149012008707047140400104FF0FF30B2
:105EC000704700000149085C70470000C0A3060845
:105ED000F0B58BB006460C4615461F46FF2E0ED079
:105EE0006CB1FF2D0BD0FF2F09D02146304600F0BA
:105EF00083F8012807D00BB06FF00E00F0BD0BB097
:105F00004FF0FF30F0BD2748C269816909920891BE
:105F1000002106910791416A006A059104908DF86D
:105F20000460012D03D0BDB1032D25D033E00998C5
:105F3000039002943846FFF7C5FF8DF80D0001A8C5
:105F4000FAF74EFB18B10BB04FF0FF30F0BD214611
:105F5000304600F049F81EE007980390029401A82B
:105F6000FAF73EFB18B10BB04FF0FF30F0BD214601
:105F7000304600F029F80EE005980390029401A83D
:105F8000FAF72EFB18B10BB04FF0FF30F0BD2146F1
:105F9000304600F019F82146304600F00DF80BB0FD
:105FA0000020F0BDB8A30608024A32F81000F9F745
:105FB00033BA0000E8230010024A02EB4000F9F770
:105FC00036BA0000E8230010024A02EB4000183005
:105FD000F9F728BAE8230010024A02EB4000008BD0
:105FE000F9F71ABAE8230010024A02EB4000183011
:105FF000F9F71DBAE8230010024A32F81000F9F749
:106000000BBA0000C8A50608F0B583B007460C46D9
:106010002D4800EB87067568002C00D12B4C2078AA
:10602000012808D0384600F073F8012807D003B0E3
:106030006FF00E00F0BD03B06FF00E00F0BD3846FB
:10604000F7F7C6FC012801D06DB116E00322A91CA8
:106050002046BBF7BAFE18B103B04FF0FF30F0BDD9
:1060600003B00020F0BD0520F7F794FC05467060F2
:1060700000221146384600F041F820886880A07858
:10608000287100F033F820788DF8000000208DF89A
:10609000010061788DF802108DF8030001906946C7
:1060A0003846FAF73FFB18B103B04FF0FF30F0BDB0
:1060B000384600F015F800221146384600F01EF868
:1060C00003B00020F0BD0000883F00100CA80608B7
:1060D000014602480068F9F7AEB90000883F001099
:1060E00001460148F9F7B8B9883F00100249014854
:1060F00008607047E0A5060818040010034B03EB86
:10610000800043681970406842707047883F0010F3
:10611000014602480078F9F78EB90000E0A50608AC
:10612000014602480068F9F786B90000D80200105D
:1061300001460148F9F790B9D8020010014602481B
:106140000068F9F778B900003CA70608062801D3D3
:1061500000207047024A014612681046F9F76BB9F1
:10616000E802001001460148F9F776B9E80200108C
:1061700003480068002801D00020704701207047C4
:1061800084A70608062801D300207047024A01466A
:1061900012681046F9F74FB984A70608014602486D
:1061A0000068F9F748B90000743F00100146014843
:1061B000F9F74AB9743F001001460148F9F74CB9A4
:1061C000743F0010014602480068F9F734B9000036
:1061D00088A70608042801D300207047024A014618
:1061E00012681046F9F727B910030010014601485C
:1061F000F9F732B91003001003480068002801D0F5
:106200000020704701207047ECA70608032803D838
:10621000024A012110440171704700001003001070
:10622000042801D300207047024A01461268104634
:10623000F9F701B9ECA706080878002801D000207A
:1062400070478878012801D000207047487A20B133
:106250004878022803D00020704700207047C87A91
:1062600008B101207047002070470000034B03EB8A
:1062700080004068406AF9F7E6BF0000983F0010D0
:1062800070B502460D460624E878002801D0044681
:106290002AE0686840B31046FAF7CCFB01466A680A
:1062A000B1FBF2F0B1FBF2F302FB131102281DD394
:1062B00000D1D9B104281CD300D1D1B108281BD3F7
:1062C00000D1C9B110281AD300D1C1B1202819D3E7
:1062D00000D1B9B1402807D300D129B1802814D307
:1062E00000D191B14FF00804204670BD4FF0010479
:1062F000FAE74FF00204F7E74FF00304F4E74FF03A
:106300000404F1E74FF00504EEE74FF00704EBE774
:106310002DE9F04788B007460E46754800EB87091F
:10632000D9F80440002E00D1724E384600F0CAF968
:10633000012804D008B06FF00E00BDE8F0873846A1
:10634000F8F7E3FB01281DD031463846FFF774FF0C
:1063500038B30020F6F750FAF6F77EFA6648D0E92F
:1063600010C5C36B826B416BCDE905C504930392E5
:106370000291317FD1B10221ADF80E10717FB9B118
:10638000012116E0202221463046BBF71EFD20B138
:1063900008B04FF0FF30BDE8F08708B00020BDE83E
:1063A000F0874FF0FF3008B0BDE8F0870021E3E749
:1063B0000021ADF81010317A012904D00021ADF888
:1063C0000C101FB105E04FF40061F8E73021ADF883
:1063D00014100068009002A80190307808B10120E4
:1063E00000E000208DF8000031463846FFF748FFF6
:1063F0008DF80100F28B69463846FAF79BFA0028BF
:10640000D1D180460025002C55D0607A94F8231015
:1064100010FB01F896E80F10D6F818A0D6F81490E3
:10642000F66984E80F10C4F818A0C4F81490E66167
:10643000617A84F82210207A012852D0012284F84F
:10644000232001FB02F60023E06AF9F7E8FFE0628F
:1064500084F8285094F82320617A0023206BF9F700
:10646000DEFF2063606BD8B3464507D004F13400EB
:10647000F7F785FA3046F7F78DFA6063617A94F89A
:10648000230011FB00F0C2B2E17A0023606AF9F741
:10649000C6FF606284F8207084F8295084F8215087
:1064A0002146384600F03EF8384600F035F808B08E
:1064B0000020BDE8F0873820F7F76CFA0446C9F8E9
:1064C000040025606560A560E56025616561A561E2
:1064D000E56125626562A562E5622563656399E70A
:1064E00001E00222ABE73046F7F754FA6063C5E7F4
:1064F000983F001018A8060810A806080146024890
:106500000068F8F798BF0000983F00100146014866
:10651000F8F79ABF983F001001460148F8F79CBF72
:10652000983F001010B523240221002807D001282D
:1065300002D0022803D101E0242400E033242046C5
:10654000F8F7F0FE2046BDE81040F8F7E9BE00007D
:1065500010B5074951F8204080212046F5F737F85B
:106560000128F9D02046BDE810400021F4F7C1BF52
:1065700038A80608024951F820000121F4F7B9BFF4
:1065800038A80608024901480860704714A60608A2
:106590001C04001070B584B006463E4800EB86002F
:1065A00044683D4850F826502846F5F727F80390F0
:1065B00094F8280094F82210884208D203A9E06ACF
:1065C000F9F772FF94F82800401C84F8280094F82A
:1065D000281094F82220002091423FD184F828000E
:1065E00094F82900401EC0B284F8290030B100257B
:1065F000606AF9F71CFE012802D004E00125F7E7E4
:10660000606AF9F749FFE06AF9F7E7FD626A014657
:106610001046F9F749FFE06AF9F7C2FD012D05D0F0
:10662000616B206BF9F7C6FE04B070BD3046FFF712
:106630008FFF304600F032F8206BF9F7B1FD607A39
:1066400094F8231010FB01F1606BBBF707FD616943
:10665000A0690029E8D0884704B070BD029094F882
:10666000231001290BD0002202A9206BF9F7EBFDC2
:10667000BDF808102846F4F7C3FF04B070BD0190C0
:10668000002201A9206BF9F7DEFD9DF804000290BD
:10669000EEE70000983F001038A80608034951F8BB
:1066A000200000226021F4F799BF000038A80608F6
:1066B000034951F8200001226021F4F78FBF000048
:1066C00038A80608014602480068F8F7B4BE000082
:1066D00014A606080178427849068078490A41EAFA
:1066E000022100F0E00008434009704741788278B9
:1066F0000904C07841EA0221084300097047017883
:10670000407800F07F0041EA0020704701460248CF
:106710000068F8F790BE0000C02300100146014851
:10672000F8F792BEC023001001460148F8F794BE66
:10673000C023001010B584B0C0B21F4901EB800027
:106740004468607CF7F746FEE07D002204F12201F8
:10675000F8F7BAF9207B68B1042811D0052815D0C4
:106760000020A0616168002923D0A06804B0BDE8C2
:106770001040084704F12200FFF7ACFFA061F1E7E9
:1067800004F12200FFF7BBFFA061EBE701A904F1D0
:10679000220000F079F8BDF8040020870298A0617B
:1067A0009DF80C0084F83A009DF80D0084F83B0039
:1067B000D8E704B010BD0000C023001010B5C0B26F
:1067C0000A4901EB80004468607CF7F703FEE07D36
:1067D000002204F12801F8F777F96168002903D055
:1067E000A068BDE81040084710BD0000C02300109D
:1067F00038B5C5B2084800EB850044680121D4F8DB
:106800001200F7F77DF8E07D00226946F8F75CF9A1
:10681000284600F04FF838BDC023001070B5C5B24F
:10682000094800EB850044680121D4F81200F7F70D
:1068300067F8E07D002204F11C01F8F745F92846CD
:10684000BDE8704000F0BAB8C023001070B5C5B202
:106850000C4800EB850044680121D4F81200F7F7DA
:106860004FF8E07D002204F12201F8F72DF904F140
:106870002200FFF73BFFA0612846BDE8704000F012
:106880003DB80000C02300104278037842EA03229A
:106890000A808278C378D20242EAC302037942EACC
:1068A00053124A60027902F003020A724079487278
:1068B0007047000070B505460D4800EB8500446840
:1068C0000021D4F81200F7F71BF8E07D2A460949A9
:1068D000F8F71EF9E07D0321F8F774F9E07D064929
:1068E000F8F746F9E07D0121F8F784F9002070BD42
:1068F000C0230010BD6706081FA2060838B505466C
:106900001B4800EB8500446894F83600401C84F86E
:10691000360094F8360000F001002044807B84F8B3
:10692000350094F83500002802D1762084F835002F
:1069300010A00068009094F835008DF80100D4F89C
:1069400012000021F6F7DCFFE07D2A460A49F8F73D
:10695000DFF8E07D0221F8F735F9E07D6946F8F7C8
:1069600007F9E07D0121F8F745F9002038BD000066
:10697000C023001097000000F167060810B50C490D
:1069800001EB80014C6802460A49E37D1846F8F79E
:10699000BFF8E07D0221F8F715F9E07D0649F8F728
:1069A000E7F8E07D0121F8F725F9002010BD00008F
:1069B000C02300101D6806081AA2060870B5054617
:1069C0000D4800EB850044680021D4F81200F6F76A
:1069D00097FFE07D2A460949F8F79AF8E07D0421FF
:1069E000F8F7F0F8E07D0649F8F7C2F8E07D0121FC
:1069F000F8F700F9002070BDC02300104D680608AC
:106A000022A20608014602480068F8F714BD0000FB
:106A1000ECA60608024901480860704760A606080F
:106A200000030010014602480068F8F704BD0000AA
:106A300060A60608014800787047000064A60608B2
:106A40002DE9F04106460F461546134800EB860037
:106A50004468304600F00CF9002084F82F003946D5
:106A6000606AF9F752FD074638000DD0012084F81E
:106A70002D00304600F020F815B9304600F006F938
:106A80006FF00500BDE8F08115B9304600F0FEF862
:106A90003846BDE8F0810000B43F001001460248CE
:106AA0000068F8F7C8BC0000B43F00100146014878
:106AB000F8F7D2BCB43F001070B51A4901EB800161
:106AC0004C6800282BD0184DE16909B1206A88472D
:106AD000002084F82D0084F82E004FF40041284651
:106AE000F3F78CFD4FF400612846F3F787FD4FF470
:106AF00080612846F3F782FD4FF400712846F3F7D2
:106B00007DFD4FF480712846F3F778FD0821284673
:106B1000F3F774FD686840F00400686070BD034DD1
:106B2000D2E70000B43F001000680040006400405D
:106B30002DE9F0418AB005460021069107910891A0
:106B40000991214800EB85004468A76A1F4EDFF8D1
:106B50008080002D0DD04046C06810F0100F02D08C
:106B60002846FFF7A9FF3846F9F761FB012802D054
:106B70000AE03046F0E73846F9F78EFC012084F849
:106B80002E002846FFF798FFE5B1404601AA0021F4
:106B9000F3F7B4FE019806909DF80E008DF81E00E4
:106BA000DDF80F000890DDF81300099006A93846BB
:106BB000F9F7ABFC6168002901D0A06888470AB0EA
:106BC000BDE8F0813046E1E7B43F001000640040CA
:106BD00000680040002802D04220F9F7B1BF16201B
:106BE000FBE700002DE9F041194901EB80014C68F9
:106BF000002805D04FF0400505D14FF0130704E001
:106C00004FF01405F8E74FF03F0702D14FF016069A
:106C100001E04FF042066178FF2905D02846F9F7D8
:106C20009CFF2846F9F77FFF617BFF2905D0384696
:106C3000F9F793FF3846F9F776FF217EFF2904D054
:106C40003046BDE8F041F9F788BFBDE8F0810000AB
:106C5000B43F0010002802D04020F9F764BF142090
:106C6000FBE7002802D04020F9F76ABF1420FBE7B9
:106C7000002802D03F20F9F756BF1320FBE7002879
:106C800002D03F20F9F75CBF1320FBE72DE9F04766
:106C900086B005464FF00008CDF80480CDF8088096
:106CA000CDF80C80CDF81080CDF8148001AE0DF138
:106CB0000E07224800EB85004468D4F824A028463B
:106CC000FFF7D6FF84F82F805046F9F74AFC28B327
:106CD000DFF86C80DFF86C905046F9F796FA01887F
:106CE000C1F30A013160817939708168CDF80F10E4
:106CF000C068CDF81300FDB1484601A9F3F784FE42
:106D000004280BD05046F9F7C7FB216909B1606927
:106D100088475046F9F725FC0028DDD15046F9F7A1
:106D200020FC002805D02846FFF7A9FF012084F8A1
:106D30002F0006B0BDE8F0874046DEE7B43F001004
:106D400000640040006800402DE9F0410446069EC2
:106D5000084617461D46DFF87CC0DCF82830DCF812
:106D60002420DCF82010836042600160DCF83430BD
:106D7000DCF83020DCF82C10AB606A602960DFF8AA
:106D80005880D8F800C0BCF1000F20D00CEB0411E3
:106D9000091DF9F719FCD8F8000000EB041000F108
:106DA0000C012846F9F710FCD8F8000000EB04109D
:106DB000011D3846F9F7FAFBD8F8000000EB041083
:106DC00000F10C013046BDE8F041F9F7EFBBBDE83A
:106DD000F081000058A80608F002001010B5002449
:106DE0002C4A811A90424BD023DC2B49A0EB0102A4
:106DF000884247D00DDC2949401843D0A0F57420C3
:106E0000B0F510703CD0A0F57420B0F510703AD1F8
:106E100034E0A2F5F410B0F5906031D0A0F5F41094
:106E2000B0F590602AD0A0F53710B0F5D8602AD11F
:106E300028E01B480A1A814224D00FDCA1F5371044
:106E4000B0F5D8601AD0A0F57420B0F5107019D044
:106E5000A0F57410B0F5106015D111E0A2F5742002
:106E6000B0F510700AD0A0F57410B0F5106007D01E
:106E7000A0F5F410B0F5906005D103E0094C02E0F4
:106E8000094C00E0094C1CB909A1E420F9F7AEFE59
:106E9000204610BD00366E01809FD500403095FF22
:106EA000C0D8A70058A806085BA806085EA8060870
:106EB00063616E3A206269742073616D706C696EF3
:106EC00067206E6F7420737570706F7274656420C4
:106ED000666F7220746869732063616E636C6F63A0
:106EE0006B000000002804D04FF080600121F4F70F
:106EF00065BA4FF00070F9E700B58BB001A90091B9
:106F000003AB06AA08A9FFF71FFF08A8F9F768FB5B
:106F100006A8F9F72DFB03A8F9F762FB01A8F9F71A
:106F200027FB0BB000BD0000F0B58BB0324901EB80
:106F300080014C68002804D0304E6568002D31D1A6
:106F400001E02F4EF9E708AD2846F3F74DFD6846FE
:106F5000F4F76CFA029F3846FFF740FF0178427859
:106F60001144C91CC9B223780BB1264A00E0264A55
:106F7000264BD3F814C0CDF820C0D3F818C0CDF8F4
:106F800024C0DB690A93B7FBF1F1B1FBF2F1ADF874
:106F9000201081788DF8231001788DF82410407826
:106FA0008DF825003046F3F77DFB29463046F3F790
:106FB0001CFCE0B11C20F3F701FD00208DF81B0044
:106FC00001218DF81C10ADF81000ADF81200ADF8DD
:106FD0001400ADF81600ADF818008DF81D108DF8EE
:106FE0001A0004A8F3F77AFB0BB00020F0BD0BB039
:106FF0004FF0FF30F0BD0000A83F001000680040D7
:107000000064004020A1070040420F0058A8060875
:10701000014602480068F8F70EBA0000A83F0010C9
:1070200001460148F8F718BAA83F00100146044885
:107030000068002802D00068F8F7FDB9002070470A
:10704000F00200102DE9F04182B000210091019181
:10705000264901EB80004468277866780025384689
:10706000F9F754FC00216068F9F73EFB002E0DD9BA
:10707000E846C5F1020008EB40024FF4674138468C
:10708000F9F7B0FC681CC5B2B542F2D33846F9F73F
:10709000EBFC01216068F9F727FB4FF4FA70F9F770
:1070A000F9FC00216068F9F71FFB0025002E0DD9BF
:1070B000C5F1020004EB400000F110020021384647
:1070C000F9F790FC681CC5B2B542F1D33846F9F720
:1070D000CBFC01216068F9F707FB3846F9F7FCFBA8
:1070E00002B04FF0FF30BDE8F08100000440001016
:1070F0002DE9F04186B004460D462678E068002769
:10710000002813D0304900680860029703978DF873
:107110000870E06800798DF809002C480390207809
:10712000002202A9F9F706FC002809D13046F9F738
:1071300057FC18B1A078012805D036E04FF0FF3099
:1071400006B0BDE8F081214EF269B1697069049220
:107150000391029020798DF80000E088ADF80200DC
:107160004FF0FF38CDF80480694602A8F9F72CFAF1
:1071700002A8F9F735FA207AFF2816D06089A0B165
:10718000B26A716A306A049203910290207A8DF893
:1071900000006089ADF80200CDF80480694602A8BD
:1071A000F9F712FA02A8F9F71BFAE3686268216896
:1071B000A068EB606A602960A8602F61AF8206B0AA
:1071C0000020BDE8F08100001C04001054A906084E
:1071D000014602480068F8F72EB90000044000108C
:1071E00001460148F8F738B9044000102DE9F04194
:1071F00082B0002100910191184901EB800045689F
:1072000095F800806E7800244046F9F77FFB002156
:107210006868F9F769FA002E0DD96F46C4F10200CB
:1072200007EB400246F24A714046F9F7DBFB601C6F
:10723000C4B2B442F2D34046F9F716FC01216868A3
:10724000F9F752FA4FF4FA70F9F724FC4046F9F7CF
:1072500043FB02B04FF0FF30BDE8F0810440001066
:107260002DE9F04F83B000210091019102911F4957
:1072700001EB8000456895F800B06E780024584610
:10728000F9F744FB00216868F9F72EFA002E1AD9A5
:10729000E8464FF005094FF0040A674209EB470042
:1072A00008EB40024FF4F0415846F9F79BFB0AEB1C
:1072B000470008EB400206215846F9F793FB601C93
:1072C000C4B2B442E9D35846F9F7CEFB012168684D
:1072D000F9F70AFA4FF4FA70F9F7DCFB5846F9F7B8
:1072E000FBFA03B04FF0FF30BDE8F08F0440001010
:1072F00070B582B004460D4626781C48C168806887
:107300000191009000208DF80000A068002801D0B5
:10731000804718B102B04FF0FF3070BD204600F03A
:10732000B5FA00213046F9F7FDF93046F9F72AFAA7
:1073300040B1BE213046F9F73CFA38B102B04FF007
:10734000FF3070BD02B04FF0FF3070BD94E80F0009
:107350000FC5207B00F036FA607B00F005FB20466D
:1073600000F0B6FA02B0002070BD000034AA060892
:107370000148007870470000CC040010014901204A
:1073800008707047CC04001070B504460120012538
:10739000002C18D0002121702946F8F745FE10F086
:1073A000040F03D0207840F001002070022029460D
:1073B000F8F73AFE10F0040F03D0207840F00200F6
:1073C0002070002070BD6FF0010070BDF0B585B079
:1073D00006462148406890F800C000240025FF20A0
:1073E00004901E48416A006A0391029006208DF8BD
:1073F0000A0004A8012700900197BE216046039B64
:10740000029AF9F7EBF99DF8100010F0400F00D147
:10741000012410F0100F00D1012554EA050001D01D
:107420001CB104E0377005B0F0BD012D02D0012C75
:1074300004D004E00220307005B0F0BD3DB1012C55
:10744000FAD1012DF8D10420307005B0F0BD032031
:10745000307005B0F0BD0000CC04001034AA06085E
:10746000002805D0012805D0022807D00020704749
:107470000846704701F12000C0B2704701F140009A
:10748000C0B270472DE9F04186B014464B4A5268AD
:1074900017784B4A536B126B059304921C25039586
:1074A00000220292022803D906B0501FBDE8F081E5
:1074B000002C68D0FFF7D4FF8046039579208DF823
:1074C000120003AE012500960195BE213846059BAA
:1074D000049AF9F7B3F9CDF80C807A208DF81200F0
:1074E00000960195BE213846059B049AF9F7A6F946
:1074F00080208DF81200701E00900195BE21384644
:10750000059B049AF9F76AF981208DF81200B01EE4
:1075100000900195BE213846059B049AF9F75EF963
:1075200082208DF81200F01E00900195BE21384691
:10753000059B049AF9F752F983208DF8120002A8EE
:1075400000900195BE213846059B049AF9F746F94B
:107550009DF80B109DF8080001F03F0140EA016022
:107560009DF80A109DF80920090441EA0221084308
:1075700020609DF80B0010F0800F09D0606840F08B
:107580000100606008E006B06FF00100BDE8F08126
:10759000606820F0010060609DF80B0010F0400F63
:1075A00004D0606840F00200606003E0606820F092
:1075B0000200606006B00020BDE8F081CC0400103D
:1075C00034AA06082DE9F04186B004466F484068A9
:1075D0000678FF2005906E48C26A806A0492039084
:1075E000002900F0CC80012900F0CC8002297CD158
:1075F00000203F254FF00008C4F800800127022931
:1076000065D28DF80C708DF80E0005A800900197DA
:10761000BE213046049B039AF9F7E0F89DF8140068
:1076200010F0400F03D0216841F00201216010F0FA
:10763000200F03D0216841F0040121600721F7F7F2
:10764000DBFE0146206861F34510206006219DF8AD
:107650001400F7F7D1FE0146206861F38610206020
:1076600005219DF81400F7F7C7FE216860F3C711E4
:10767000216004219DF81400F7F7BEFE216860F335
:107680000821216003219DF81400F7F7B5FE216859
:1076900060F34921216002219DF81400F7F7ACFE48
:1076A000216860F38A21216001219DF81400F7F719
:1076B000A3FE216860F3CB21216000219DF8140016
:1076C000F7F79AFE0146206861F30C302060CDF890
:1076D00014808DF80C708DF80E5005A8009001975D
:1076E000BE213046049B039A00E045E0F9F776F8A6
:1076F0009DF8140010F0040F03D0216841F0080138
:10770000216010F0020F03D0216841F010012160C8
:107710000721F7F771FE216860F34D3121600521E3
:107720009DF81400F7F768FE216860F38E31216040
:1077300004219DF81400F7F75FFE216860F3CF3154
:10774000216003219DF81400F7F756FE216860F3CD
:107750001041216002219DF81400F7F74DFE2168C9
:1077600060F35141216001219DF81400F7F744FEB8
:10777000216860F39241216006B0BDE8F0811E20CF
:107780001F2537E72E202F2534E70000CC040010FA
:1077900034AA060870B506460D46002E01D0032D0A
:1077A00002D96FF0010070BD0024002D08D906EB4E
:1077B00084002146FFF706FF601CC4B2AC42F6D33A
:1077C000002070BDF0B587B02E4949680E782E496B
:1077D0004A690969069205910021052812D2DFE85D
:1077E00000F00306080B0E009F2004900BE00491AC
:1077F00009E04020049006E02020049003E060208F
:10780000049000E0049101248DF814401C208DF8B0
:10781000160003AD00950194BE213046069B059AE3
:10782000F8F7DCFF04AF00970194BE213046069BB9
:10783000059AF9F703F800950194BE213046069B9E
:10784000059AF8F7CBFF8DF814402C208DF8160020
:1078500000950194BE213046069B059AF8F7BEFFBD
:1078600000970194BE213046069B059AF8F7E6FF83
:1078700000950194BE213046069B059AF8F7AEFFAD
:1078800007B0F0BDCC04001034AA060838B5044691
:10789000D4F802000090F8F7D7FEA579D4F80200DA
:1078A00029460090F8F720FF0848F9F7F3F855B19A
:1078B0000021D4F80200F8F717FFBDE838404FF474
:1078C0007A70F9F7E7B80121F3E70000A08601001C
:1078D00030B587B005781549886BC96B069105905E
:1078E00000210391012404948DF8164004A800900F
:1078F0000194BE212846069B059AF8F79FFF8DF854
:10790000164003A800900194BE212846069B059AC4
:10791000F8F764FF9DF80C0010F0010F03D104A1EB
:10792000E520F9F763F907B030BD000034AA060876
:10793000735F686C5F636869705F6D696372656CC3
:107940005F6B73383839335F737461727428293A06
:1079500020535749544348206E6F7420636F6E66FE
:10796000696775726564000070B588B02E49496812
:107970000E782E49CA6989690792069100210591FE
:107980000491002847D00421012846D0062202286D
:1079900046D003283FD10591049201248DF8184068
:1079A0001D208DF81A0003AD01940095BE213046CC
:1079B000079B069AF8F712FF05A801940090BE21D4
:1079C0003046079B069AF8F739FF01940095BE21CF
:1079D0003046079B069AF8F701FF8DF818402D20D6
:1079E0008DF81A0001940095BE213046079B069A37
:1079F000F8F7F4FE04A801940090BE213046079BDE
:107A0000069AF8F71BFF01940095BE213046079BAC
:107A1000069AF8F7E3FE08B070BD05910491BCE743
:107A200005920491B9E70000CC04001034AA0608BE
:107A300000B591B0034606A240216846B9F794FE0E
:107A40006946E520F9F7D2F811B04FF0FF3000BDDC
:107A5000656570726F6D2074696D656F75742069EE
:107A60006E2066756E6374696F6E2025730000006A
:107A70000148007870470000E4040010014901202B
:107A800008707047E4040010134B5B6893F808C05B
:107A9000BCF1FF0F05D022B10A6812B15B688342C6
:107AA00002D84FF0FF30704702EB000C9C4503D921
:107AB000ACEB0303D21A0A60B0F5803F02D94FF055
:107AC000FF30704709680844B0F5803F02D94FF095
:107AD000FF30704700207047E4040010002070471A
:107AE00038B50D4844684FF4967000902178607A5C
:107AF000F8F74AFE70B10098411E009104D2BDE82B
:107B0000384006A0FFF794BF2178607AF8F73CFE72
:107B10000028F0D1002038BDE4040010735F686CC9
:107B20005F636869705F78785F656570726F6D5FBD
:107B300077616974656570726F6D7374616E64628C
:107B40007973746174652829000000002DE9F047FD
:107B500006460D4691467A4844686088B5FBF0F1C8
:107B600000FB1152811A8FB2B9FBF0F1B9FBF0F3AF
:107B700000FB1398002A4BD0002975D0A9EB070110
:107B800089B2B1FBF0F9B1FBF0F200FB121887B13A
:107B9000278204F110022946304600F0D3F8FFF79F
:107BA0009DFFB0F1FF3F71D0FFF79AFFE81985B252
:107BB0003E44B9F1010087B215D36088208204F1F8
:107BC00010022946304600F0BDF8FFF787FFB0F1FC
:107BD000FF3F7DD0FFF784FF608841198DB20644D6
:107BE000791E8FB2E9D2B8F1000F0ED0A4F8108040
:107BF00004F110022946304600F0A4F8FFF76EFFAA
:107C0000B0F1FF3F73D0FFF76BFF0020BDE8F087B6
:107C100059B3481E87B26088208204F110022946B9
:107C2000304600F08FF8FFF759FFB0F1FF3F32D038
:107C3000FFF756FF608841198DB20644791E8FB256
:107C4000E9D2B8F1000FE0D0A4F8108004F11002DE
:107C50002946304600F076F8FFF740FFB0F1FF3FCD
:107C60001DD0FFF73DFFD0E71DE0FFE7A4F810802F
:107C700004F110022946304600F064F8FFF72EFFA9
:107C8000B0F1FF3F03D0FFF72BFFBEE74CE04FF012
:107C9000FF30BDE8F0874FF0FF30BDE8F0874FF0D0
:107CA000FF30BDE8F087B9452AD9278204F11002D8
:107CB0002946304600F046F8FFF710FFB0F1FF3FCD
:107CC00016D0FFF70DFFA9EB07002082E81900E0AE
:107CD0002EE081B2F01904F1100200F033F8FFF742
:107CE000FDFEB0F1FF3F07D0FFF7FAFE8DE723E07E
:107CF0004FF0FF30BDE8F0874FF0FF30BDE8F08770
:107D0000A4F8108004F110022946304600F01AF859
:107D1000FFF7E4FEB0F1FF3F02D0FFF7E1FE74E7AA
:107D20004FF0FF30BDE8F0874FF0FF30BDE8F0873F
:107D30004FF0FF30BDE8F0874FF0FF30BDE8F0872F
:107D4000E404001010B584B014460A4A53680222B5
:107D50008DF80820ADF80A1021880191009019785B
:107D6000587A039B029AF8F769FD0021218004B03C
:107D700010BD0000E404001038B50024C1780329C8
:107D800008D0012901D0012100E0002140680090C5
:107D9000F8F7AAFC204638BD38B50024C17803297D
:107DA00003D040680090F8F79FFC204638BD08B526
:107DB0000021C278032A04D040680090F8F744FC00
:107DC0000146084608BD000070B50D460A4AD2F8C3
:107DD0001CC09369126AC0F804C003608260074C3B
:107DE00021680831F8F7F0FB206800F10801284607
:107DF000BDE87040F8F7DABBE8A30608F40200100B
:107E00002DE9F0478446099E089C0F461546984682
:107E10002148836842680168CCF80830CCF8042017
:107E2000CCF80010836842680168AB606A60296022
:107E300042680168806862602160A060DFF85C9041
:107E4000D9F8000000F128016046F8F7BDFBD9F829
:107E5000000000F130012846F8F7B6FBD9F8000021
:107E600000F138012046F8F7AFFBD9F8000000F127
:107E700028013846F8F79AFBD9F8000000F13001E4
:107E80004046F8F793FBD9F8000000F1380130467E
:107E9000BDE8F047F8F78ABBE8A30608F402001033
:107EA0002DE9F0478446099E089C0F4615469846E2
:107EB000214843690269C168CCF80830CCF8042035
:107EC000CCF8001043690269C168AB606A60296040
:107ED0000269C168406962602160A060DFF85C905F
:107EE000D9F8000000F110016046F8F76DFBD9F8F1
:107EF000000000F118012846F8F766FBD9F80000E9
:107F000000F120012046F8F75FFBD9F8000000F1EE
:107F100010013846F8F74AFBD9F8000000F11801C3
:107F20004046F8F743FBD9F8000000F12001304645
:107F3000BDE8F047F8F73ABBE8A30608F4020010E2
:107F40002DE9F0410E4614461F46DFF858C0DCF814
:107F50002C30DCF82820DCF82410836042600160BB
:107F6000DCF82C30DCF82820DCF82410A3606260F8
:107F700021600D4D29684031F8F726FB286800F193
:107F800048012046F8F720FB286800F14001304600
:107F9000F8F70CFB286800F148013846BDE8F041CD
:107FA000F8F704BBE8A30608F402001001480078C3
:107FB000704700002003001001490120087070473D
:107FC0002003001070B504460D4600F047F81F4E20
:107FD0004FF400403060022D01D0042D03D13068F1
:107FE00040F480403060032D01D0042D03D130686F
:107FF00040F4006030604FF4826070608020B061B7
:108000002179607941EA002030642178E07841EA02
:108010000061A0780204607842EA0020084370649E
:1080200000F08CF800F0D4F80A4809498161316801
:1080300041F00C0131604FF0FF3141610649C161EF
:10804000617ABDE870403D20F8F787BD00800240AE
:108050000220100000900240C08001000448016826
:1080600041F001010160016811F0010FFBD170477F
:108070000090024010B500F008F800F01EF800F083
:108080003CF8BDE81040F7F745BF10B50121880363
:10809000F3F7B0F901214806F3F782F90120F3F76D
:1080A000DBFA00214FF00070F3F77AF9BDE81040D9
:1080B00001214FF06060F3F765B900B591B002A8F7
:1080C00004A90091019007AB09AA0CA90EA8FFF71B
:1080D00097FE0EA8F8F784FA0CA8F8F749FA09A851
:1080E000F8F77EFA07A8F8F743FA04A8F8F778FA41
:1080F00002A8F8F73DFA11B000BD00B591B002A892
:1081000004A90091019007AB09AA0CA90EA8FFF7DA
:10811000C7FE0EA8F8F764FA0CA8F8F729FA09A820
:10812000F8F75EFA07A8F8F723FA04A8F8F758FA60
:1081300002A8F8F71DFA11B000BD00002DE9F00308
:108140001C484068002101740022C37A002B2AD900
:10815000042508264FF000444FF48C4C0C27C37ABA
:10816000521C9A4200D10022436903EB01131C60A8
:10817000436905EB011843F808C0C36901EB4108E6
:1081800003EB4823D0F8148006EB011948F80930B6
:10819000436907EB011903EB021843F80980491CF6
:1081A000C37A8B42DBD804494069C860BDE8F0035C
:1081B0007047000020030010009002400348006850
:1081C000002801D00078704700207047F4020010AA
:1081D000F0B416484068002141740022837A002BD5
:1081E0001FD9134C08254FF00C0C837A521C9A426D
:1081F00000D10022836903EB01131C60036A01EBC9
:10820000410603EB4623866905EB0117F3518369A9
:108210000CEB011703EB0216DE51491C837A8B42EB
:10822000E3D8044980690861F0BC7047200300105E
:1082300000001030009002400148007870470000B4
:10824000200400100149012008707047200400102C
:1082500001484078704700002004001001490120C7
:10826000487070472004001003480068002801D0BF
:108270000078704700207047C8020010084470471B
:108280000844D11809780170704700EB410070472D
:1082900000EB410002EB430109880180704700EBCD
:1082A0008100704700EB810002EB830109680160E7
:1082B000704700EBC100704700EBC10002EBC30147
:1082C0004A68096842600160704700EB011070471E
:1082D00000EB011002EB03114B680A684360026077
:1082E000CA688968C260816070470246002A0FD060
:1082F000A2F57F40FF380BD00020012303FA00F1E4
:10830000914304D0401CC0B21028F7D3FF2070471F
:10831000FF2070472DE9F0410446069F8C469046A9
:108320001D461848836B426B016BCCF80830CCF8C3
:108330000420CCF80010426B016B806B6A602960EE
:10834000A860114E306800EB0410011D6046F8F77C
:108350003BF9306800EB041000F10C012846F8F7F7
:1083600033F9306800EB0410011D4046F8F71EF9A0
:10837000306800EB041000F10C013846BDE8F04114
:10838000F8F714B98CA906081804001010B50849AC
:1083900051F8204001212046F3F710F80121204632
:1083A000F3F71AF82046BDE810400021F3F714B89F
:1083B000B0A9060800B58BB001A9009103AB06AACD
:1083C00008A9FFF7A7FF08A8F8F70AF906A8F8F721
:1083D000CFF803A8F8F704F901A8F8F7C9F80BB02B
:1083E00000BD000030B585B00F4A52F820004B6840
:1083F000002B14D16B46183AD2F808C01569D4681E
:108400005269CDF800C00295019403928A78DFF892
:108410001CC002FB0CF20092C978ADF80810194696
:10842000F2F7F2FE05B030BDA4A90608A08601004F
:1084300070B504460D462046FFF7BCFF2046FFF707
:10844000A5FF29462046FFF7CDFF002070BD0000A4
:10845000014602480068F6F7EEBF0000C8040010AD
:1084600001460148F6F7F8BFC8040010F8B50F46FA
:10847000344951F820400020009000212046F2F7B6
:108480007EFE01212046F2F77AFE01212046F2F716
:1084900082FE4FF4803500952B4E20463146F2F790
:1084A0005EFE70B90098411E009104D2BDE8F8400C
:1084B00026A000F095B831462046F2F750FE00287D
:1084C000F0D0002239462046F2F702FF0095A08A3C
:1084D00010F0020F03D10098411E0091F7D20098CE
:1084E00000282BD021492046F2F746FE01212046E4
:1084F000F2F75DFE0095208B10F0020F0CD0009873
:10850000411E009104D2BDE8F84019A000F068B8FF
:10851000208B10F0020FF2D12046F2F76EFE009091
:1085200000212046F2F72BFE01212046F2F727FE1C
:1085300001212046F2F707FE0020F8BD4FF0FF3082
:10854000F8BD0000A4A9060801000300735F686C71
:108550005F6932635F6973646576696365726561DB
:1085600064793228293A657635000000000400104D
:10857000735F686C5F6932635F69736465766963B2
:108580006572656164793228293A4932435F464C05
:1085900041475F425553590070B50D46094A52F89C
:1085A0002040204600F0ABF800280AD100222946DE
:1085B000204600F033F805460021204600F07CF804
:1085C000284670BDA4A90608014604480068002892
:1085D00002D00068F6F72FBF002070471804001083
:1085E00000B591B0034606A240216846B9F7BCF831
:1085F0006946E520F8F7FAFA11B04FF0FF3000BDF8
:108600006932632074696D656F757420696E2066C8
:10861000756E6374696F6E20257300002DE9F0415B
:1086200082B0074688461546002000900121384652
:10863000F2F7B1FD4FF4803401941C4E38463146B8
:10864000F2F78DFD70B9019B581E019004D202B063
:108650004FF0FF30BDE8F08131463846F2F77FFD3C
:108660000028F0D02A4641463846F2F731FE019400
:108670003DB10F48009038460099F2F770FD10B1F7
:1086800010E00C48F6E70199481E019004D202B0B0
:108690004FF0FF30BDE8F08138460099F2F75FFDFA
:1086A0000028F0D002B00020BDE8F08101000300F6
:1086B000020003008200070038B5044600250129A6
:1086C0001BD001212046F2F772FD4FF4803000905C
:1086D000208810F4007F0AD00099481E009002D232
:1086E0004FF0FF3503E0208810F4007FF4D12046DE
:1086F000F2F783FD0090284638BD002038BD38B51C
:1087000004464FF080700090C1112046F2F75BFDE7
:1087100068B10098411E009102D24FF0FF3038BD81
:108720004FF400312046F2F74EFD0028F1D1002031
:1087300038BD00002DE9FF4182B00F460C9E0D9C14
:10874000204951F820502846FFF7D9FF80465FEABC
:10875000080006D01CA0FFF743FF06B04046BDE866
:10876000F081002239462846FFF758FF07463800B7
:1087700006D01BA0FFF734FF06B03846BDE8F081F5
:10878000009433462846059A049900F057F80446A9
:1087900034B11BA0FFF724FF06B02046BDE8F081EE
:1087A00000212846FFF788FF0446200006D01CA0C1
:1087B000FFF716FF06B02046BDE8F08106B00020A6
:1087C000BDE8F081A4A90608735F686C5F69326335
:1087D0005F776169745F69665F62757379282900E4
:1087E000735F686C5F6932635F7472616E7361633B
:1087F00074696F6E5F626567696E2829000000000A
:10880000735F686C5F6932635F77726974655F6418
:108810006174615F706F6C6C696E6728290000007D
:10882000735F686C5F6932635F7472616E736163FA
:1088300074696F6E5F656E64282900002DE9FF4F33
:1088400083B01F46109E00200290002580460190B4
:108850009DF81000012802D0022806D00DE0012565
:108860009DF812008DF8040007E00225BDF8120003
:10887000010A8DF804108DF8050007B9002670195B
:1088800084B20DF1040984B3DFF868A04FF4803B93
:108890003DB1C84609F10109681EC5B2601E84B227
:1088A00006E02EB1B8467F1C701E86B2601E84B2F0
:1088B00098F800100398F2F714FDCDF808B051466F
:1088C0000398F2F74CFC70B90298411E029104D251
:1088D00007B04FF0FF30BDE8F08F51460398F2F734
:1088E0003EFC0028F0D0002CD2D107B00020BDE81B
:1088F000F08F0000840007002DE9F0479946DDF86D
:108900002C80099F0A9E089D0C9B844636480029AE
:108910004DD0046DC36C816C946053601160846EA3
:10892000436E016EAC606B602960C36C816C006D3E
:1089300073603160B060DFF8B4A0DAF8000000289E
:1089400050D00CEB4C0400EBC400011D1046F7F7AF
:108950003BFEDAF8000000EBC40000F10C012846F1
:10896000F7F732FEDAF8000000EBC40000F1140162
:108970003046F7F729FEDAF8000000EBC400011DCD
:108980004846F7F713FEDAF8000000EBC40000F1E8
:108990000C013846F7F70AFEDAF8000000EBC400D5
:1089A00000F114014046BDE8F047F7F7FFBDD0F8ED
:1089B00044A0046CC16BC2F808A054601160D0F8E8
:1089C0005CA0846D416DC5F808A06C602960046CE2
:1089D000C16B406C74603160B060012BABD1022080
:1089E000D072A8E7BDE8F087C8A906081C040010EB
:1089F00010B50E4951F82040002804D0012807D0B6
:108A000002280ED109E001210803F2F7F3FC08E087
:108A100001218803F2F7D2FC03E00121C803F2F739
:108A2000CDFC2046BDE81040F2F76FBDE4A9060872
:108A300010B594B005AB04920CAA0DF11C0C0AAC55
:108A400003930092CDF808C001940FAB11AAFFF771
:108A500053FF11A8F7F7C4FD0FA8F7F789FD0CA87D
:108A6000F7F7BEFD0AA8F7F783FD07A8F7F7B8FDEB
:108A700005A8F7F77DFD14B010BD000030B585B036
:108A8000204901EB80014B681F4951F8204000212B
:108A9000009101910291039104916D465A68002A58
:108AA0000BD0106800905068019090680290D068D8
:108AB0000390108AADF810000BE0144A9068009003
:108AC000D06801901069029050690390108BADF846
:108AD0001000187890B10022ADF8022058780C49A7
:108AE00031F81000ADF80C002046F2F70EFD2946D3
:108AF0002046F2F787FD05B0002030BD4FF48272AA
:108B0000EAE70000D8400010E4A90608C8A9060852
:108B1000F0A90608014602480068F6F78CBC000080
:108B2000D840001001460148F6F78EBCD84000102E
:108B300001460148F6F790BCD840001001460448B1
:108B40000068002802D00068F6F775BC0020704766
:108B50001C04001070B505460A4901EB85014C68FC
:108B60002179002906D1284600F056F9032128462C
:108B700000F0EEF8A168002903D0E068BDE870407D
:108B8000084770BDC03F001070B50C460B4901EBA3
:108B900080014D68002C04D0296919B14FF0FF30D5
:108BA000206070BD00F00CF82968814202D2401AA2
:108BB000206070BD081A206070BD0000C03F00102A
:108BC000024901EB8000406800687047C03F001018
:108BD000014602480068F6F72EBC0000C03F0010B6
:108BE00001460148F6F738BCC03F001070B586B0AA
:108BF000484901EB80014C68474951F82050002D4D
:108C000002D0206920B144E006B06FF00E0070BDC4
:108C1000002604966846F2F709FC2878002843D01D
:108C200001283ED0022839D004960498A0B32068C9
:108C30004FF47A71B0FBF1F201FB1205374ADFF80D
:108C4000E0C042F2107345B3A2FB005252096FF02C
:108C500018056A4310EB8205324A3CD0A2FB003271
:108C6000D208524202EB820210EB420242D0B0F52F
:108C7000FA5F01D9C80020602B490498B0FBF1F0DD
:108C8000208320884FF6FF7101EAC000E0827D203A
:108C9000E06106B0002070BD09E00CE0029804908D
:108CA000C3E703980490C0E700980490BDE706B0BE
:108CB0006FF00E0070BD1D49884200D921600498F4
:108CC000B0FBF3F020832068A2FB00104009E08293
:108CD000C4F81CC0DDE71649884200D92160049819
:108CE000B0FBFCF020832068A2FB0010C008E082EB
:108CF000E361CEE7B0F57A4F02D94FF47A402060B5
:108D00000C4A0498B0FBF2F020832088E082E161F5
:108D1000BFE70000C03F0010380400101F85EB5172
:108D2000A0860100CDCCCCCC00127A0000A8610056
:108D300000C4090040420F00044901EB8000406874
:108D4000002801D0007D704700207047C03F001010
:108D5000024A02EB8000406801757047C03F001076
:108D600070B584B02A4901EB80014C68294951F85B
:108D700020104D68886891F902604978012902D075
:108D8000022904D006E00121F2F718FB02E00121DC
:108D9000F2F730FB216941B30868019048680290FE
:108DA0008868039001A92846F3F700F901212846B5
:108DB000F2F75CFEBDF8041001222846F3F7BAF87A
:108DC00001212846F2F74CFE6079FF280BD00122E2
:108DD00011462846F2F7A8FF61793046F7F7BDFE45
:108DE0003046F7F7ADFE04B070BD01A8F3F71EF9E9
:108DF000E08A401E0290208B401EADF80400002047
:108E0000ADF80C001021ADF806108DF80E00C9E782
:108E1000C03F00103804001070B50F4901EB80010D
:108E20004C680E4951F820104D6891F902602846AF
:108E3000F2F738FE00212846F2F718FE6079FF2885
:108E400009D0002201212846F2F76EFF3046BDE826
:108E50007040F7F768BE70BDC03F001038040010C6
:108E6000084A52F82020002A07D0074A126832B177
:108E7000126801461046F6F7DEBA0020704700205F
:108E80007047000038040010000300102DE9FF4176
:108E900082B088460D9F0C9E2A4951F820502846E2
:108EA000FFF72DFC0446200006D027A0FFF798FB13
:108EB00006B02046BDE8F0819DF8100000282DD0B6
:108EC000002241462846FFF7A9FB0446200006D0B1
:108ED00023A0FFF785FB06B02046BDE8F081002007
:108EE000009003462846059A0499FFF7A7FC04461C
:108EF00034B123A0FFF774FB06B02046BDE8F08133
:108F000000212846FFF7D8FB0446200006D024A005
:108F1000FFF766FB06B02046BDE8F08143463A46BF
:108F200031462846FCF708FD0446200006D023A061
:108F3000FFF756FB06B02046BDE8F08106B00020E2
:108F4000BDE8F081A4A90608735F686C5F693263AD
:108F50005F776169745F69665F627573792829005C
:108F6000735F686C5F6932635F7472616E736163B3
:108F700074696F6E5F626567696E28290000000082
:108F8000735F686C5F6932635F77726974655F6491
:108F90006174615F706F6C6C696E672829000000F6
:108FA000735F686C5F6932635F7472616E73616373
:108FB00074696F6E5F656E6428290000735F4932C3
:108FC00043526F7574696E65735F4932435F4D61DB
:108FD000737465725F427566666572526561642876
:108FE00029000000104E0D460446B17800200229E9
:108FF00002D0032905D008E00020F9F7DFFA0320AA
:10900000B070F9F7A5FBF9F745FB084B214625B1F0
:10901000DB6A2A463BB19847FEE7DB6A04A20BB144
:109020009847FEE7FEE7FEE7380200107C020010DA
:10903000756E737065636966696564206D657373C9
:1090400061676500F9F784FB0449C9690860044851
:10905000006B08B18047FEE7FEE700003802001011
:109060007C0200102DE9F05F5FEA00080E46924690
:109070001BD0D6E90045DFF824910027E04370EAD1
:1090800005000ED0B268A118D9F8002045EB070002
:10909000D9F80430511A73EB000009D3F06838B9DD
:1090A00003E0D6E90201C84202D1FF20BDE8F09FEB
:1090B000E14371EA05004AD0B068002808BFF068B3
:1090C0002418D9F800007D41D9F80410001B71EB79
:1090D000050017D3D6F80CB0D9F80000D9F8041061
:1090E000001B61EB05013C465A460023B8F7AEFA77
:1090F000D9F80000D9F804101BEB00006141841A74
:1091000061EB0305D9F80000D9F80410B4EB0009AD
:1091100065EB010B98F80200012804BF404600F0FF
:1091200041F8012088F80200F068C8E90304C8E9A2
:109130000554C8F81C50DAF80000C8F82000DAF826
:109140000400C8F8240016483A4681680CE0D6F8B6
:109150000890B9F1000F08BFD6F80C90BB46D9E7CC
:1091600018469B6859185741B1EB090377EB0B037D
:1091700002D24368002BF3D14268B1EB0901C8E980
:109180000121C0F804808168D8F80820A1EB020111
:1091900081604FF00000BDE8F09F00002802001041
:1091A000E83E00108178002904BF00207047104974
:1091B0004A68824204D0110018D04A688242FAD12B
:1091C00042684A608A6883681A448A60652101702F
:1091D000002141708170416081604161C0E90311EB
:1091E0008161C0E90711416208467047FF2070475E
:1091F000E83E0010002070470846F6F71DBC084600
:10920000F6F727BC0846D1B21A46F6F72FBC084637
:109210001146F6F73CBC10B50C4600210220F4F7CD
:10922000D5FB2046BDE81040F6F7C8BB0846F6F768
:109230003DBC00210A464318491C9B7804291A4466
:10924000F9DB02F03F01322900D33239491C417069
:10925000704710B50446FAF7D3FF2046FAF7D4FD5D
:10926000FAF7CFFF002010BD10B5FAF7C9FFFAF7E3
:10927000FDFD0446FAF7C5FF204610BD70B5144643
:109280000D460646FAF7BCFF224629463046FAF755
:1092900015FE0446FAF7B5FFE0B270BD10B50446FE
:1092A000FAF7AEFF2046FAF70BFE0446FAF7A9FFDD
:1092B000E0B210BD10B50446FAF7A2FF2046F7F75A
:1092C000CBFEFAF79EFF002010BD10B5FAF798FF0D
:1092D000F7F7C6FE0446FAF794FF204610BD70B5B6
:1092E0000C460546FAF78CFF21462846F7F7BEFEE6
:1092F000FAF787FF002070BD70B514460D4606468C
:10930000FAF77EFF012C0CBF0122002229463046CD
:10931000F7F7D6FE0446FAF774FFE0B270BD10B559
:109320000446FAF76DFF2046F7F7ECFEFAF769FFFF
:10933000002010BD10B5FAF763FFF7F7F1FEFAF75A
:1093400060FF002010BD10B50446FAF759FF204613
:10935000FBF766FF84B2FAF754FF204610BD70B5E4
:109360000546FAF74DFF2846FBF744F804001CBFFA
:109370002946F7F7EBFEFAF744FF204670BD70B5BB
:1093800014460D460646FAF73BFF2246294630466C
:10939000F7F73CFF0446FAF734FFE0B270BD70B552
:1093A00014460D460646FAF72BFF2246294630465C
:1093B000F7F7D8FE0446FAF724FFE0B270BD10B507
:1093C0000446FAF71DFF2046FBF710F884B2FAF7BF
:1093D00018FF204610BD10B5F8F744FB002010BD63
:1093E00010B50446FAF70CFF2046FBF76BF804466D
:1093F000FAF707FF204610BD0121F8F731BBF8F757
:1094000033BB0000F0B587B00E460746FAF7F8FE0A
:109410000020CDE902000546EFF3108000F00100C6
:1094200072B6274C0490A069E169CDE902014FF0C2
:10943000E02081690091234909680191C1F38061AD
:1094400059B1806900990190884206D2DDE9021085
:10945000491C40F10000CDE90210049800B962B641
:109460000020CDE90400CDE9040060690099401AAC
:10947000D4E90812A0FB013C05FB01C100FB02106E
:10948000CDE90430DDE904010F4A0023B8F7DEF826
:10949000CDE904016068DDE902324068A0FB031CED
:1094A00005FB03C300FB0233DDE904208A184341B6
:1094B0003A603360FAF7A5FE07B00020F0BD000067
:1094C0001002001004ED00E040420F0010B5FAF762
:1094D00097FEFAF7B7FF040018BFFBF773FFFAF720
:1094E00090FE204610BD70B50546FAF789FE284665
:1094F000FBF70CFF04462846FBF754F8FAF781FE09
:10950000E0B270BD10B50446FAF77AFE2046FBF7CC
:1095100061FF0446FAF775FEE0B210BD70B50C4667
:109520000546FAF76DFE21462846F7F7D3FE0446B6
:10953000FAF767FEE0B270BD2DE9F04186B00E4645
:109540000746FAF75DFE0020CDE902000546EFF37D
:10955000108000F0010072B6294C0490A069E16906
:10956000CDE902014FF0E0208169009125490968A9
:109570000191C1F3806159B18069009901908842DD
:1095800006D2DDE90210491C40F10000CDE90210CD
:10959000049800B962B60020CDE90400CDE90400CA
:1095A00060690099D4E90823411AA1FB020C05FB6C
:1095B00002C201FB03214FF47A720023B8F746F888
:1095C0006268DDE9024C5268A2FB043805FB0484A2
:1095D00002FB0C454FF47A74A3FB042805FB0484BA
:1095E0004FF0000C03FB0C43121843EB01003A60F0
:1095F0003060FAF706FE06B00020BDE8F0810000FA
:109600001002001004ED00E070B50D460646FAF7B2
:10961000F7FDFAF737FF040003D02A463146F7F783
:109620008FFEFAF7EEFD204670BD10B50446FAF73E
:10963000E7FD2046F7F78EFE0446FAF7E2FDE0B2BA
:1096400010BD70B50C460546FAF7DAFD21462846EE
:10965000FBF7FCF90446FAF7D4FDE0B270BD70B533
:109660000C460546FAF7CCFD21462846F7F78CFE56
:109670000446FAF7C6FDE0B270BD70B50C4605466B
:10968000FAF7BEFD21462846FBF7EEF9FAF7B9FDD9
:10969000606870BD10B50446FAF7B2FD0120FBF713
:1096A0003BFB002C18BF2060FAF7ABFD002010BD7B
:1096B00070B50C460546FAF7A3FD21462846FBF790
:1096C0000DFBFAF79EFD002070BD2DE9F0411C4610
:1096D00015460E460746FAF793FD23462A463146BD
:1096E0003846FBF75DFB0446FAF78BFD2046BDE8E4
:1096F000F08110B50446FAF783FD2046FBF7A4FB82
:109700000446FAF77EFDE0B210BD10B50446FAF744
:1097100077FD646BFAF775FD204610BDFBF790BC32
:1097200010B5FAF76DFDFCF75BF8FAF76AFD00205B
:1097300010BD10B5FAF764FDFBF7D0FC0446FAF74C
:1097400060FD204610BD70B50C460546FAF758FD81
:1097500021462846FBF790FC0446FAF752FDE0B29A
:1097600070BD000001490120887070472E03001071
:1097700018B108490978884201D900207047064984
:1097800000EB400001EB8000012100F80C1C0846B2
:10979000704700003C030010903E001010B52A30C6
:1097A000F2F7A6FC2A2141802E3010BD70B51AB107
:1097B00001240E4B0E4D05E0002070BD1E7846B111
:1097C0000C33641C2E78B442F8DD0320B7F7ADFDEE
:1097D000F2E701251D705D7001F0030159711871E8
:1097E00000205880E0B29A6070BD0000903E0010EA
:1097F0003C030010F0B518B11A4A1378984201D909
:109800000020F0BD184B00EB400003EB80040C3C43
:1098100019BB164800254FF4806C4FF47C4E01882C
:10982000491C89B20180614501D2A0F800C0002125
:109830000D4B068807E05F88B74202D11F78012FE1
:1098400004D80C33491C1778B942F4DB13789942D9
:1098500002D06D1C7545E2DBB1B261800220207040
:109860000120F0BD3C030010903E00102C030010BE
:1098700010B518B108490978884201D9002010BDF7
:10988000064900EB400001EB80000C380C2200215F
:10989000F7F7F4FF012010BD3C030010903E0010CC
:1098A0002DE9F843A3F12E0405466088089F8946F8
:1098B00090462A2802D00020BDE8F883002D52D01F
:1098C0003848007885424ED8042200214846F7F7F0
:1098D000DDFFF0BBB8F1000F45D04FF4B860874210
:1098E00000D90746304905EB450001EB800616F824
:1098F0000C0D022837D1708858B304F12605F1F712
:109900002DFF28804046F1F729FF688007F10808FD
:109910001FFA88F00746F1F721FFA8800020E880B1
:109920007079C00728D04846F7F730FE002204219E
:10993000F1F71EF9024604214846F1F719F90146EC
:109940001120F1F729F901463846F1F725F90246C9
:1099500000E008E041462846F1F70AF9C043000458
:10996000000C04D005E02046F2F712FFA3E74FF603
:10997000FF70F1F7F3FEE880278099F8000080235C
:109980000E21B1EB101F00D17378009333791122AF
:1099900049462046F7F746FE05462046F2F7F8FE10
:1099A000284689E73C030010903E001010B50029BE
:1099B0000AD00878002807D005487844B8F798FB03
:1099C000002801D0002010BD0248784410BD0000DE
:1099D0001AA8000012A8000010B500290AD00878C3
:1099E000002807D005487844B8F782FB002801D04A
:1099F000002010BD0248784410BD00000AA80000F5
:109A000002A8000021F0004201F00043A2F16052E0
:109A1000B2F5801F28BFD2F17F6C0BD95FEA001C22
:109A200043EAC20242EB507018BF704728BF20F0D3
:109A300001007047B2F5801FBCBF184670474FEA5F
:109A4000410C1CF5001F02D2084600F06DBB70B53A
:109A500000F068FA00000089FFF7F6BF4FF0004001
:109A6000A0F58000704700002DE9C04130B4DFF858
:109A7000A8C23CEA111418BF3CEA131400F0F080AD
:109A80001CEA111481EA030544EAD57418BF1CEAE4
:109A9000131500F0CB80A4EB050404F17F7404F5EA
:109AA00000344FF0004545EAC12145EAC32341EAAD
:109AB000505143EA52534FEAC0204FEAC222994222
:109AC00008BF904200F0A0804FEA13650FF24816DD
:109AD000765D4FEA134506FB05F7C7F1807706FB75
:109AE00007F74FEAD737A7FB03687642A7FB06CEF6
:109AF000C8F5803838BFA8F1010807FB08E6A6FBC7
:109B0000028C4FF0000EE6FB03CED8F100086FEA9E
:109B10000C0C5CF1000C6FEA0E0E4EF1004EA6FB31
:109B20000C584FF00007E6FB0E87A1FB08C6A0FB10
:109B300007CE16EB0E064FF0000545F10005E1FBE0
:109B4000076515F1E04E7EBFA4F580345FEA460656
:109B50006D4116F1800745F100054FEA172747EAE6
:109B600005674FEA15254FEA0666A6F1DE46B6F10F
:109B7000805F20D9384605EBC47124F0010C01EB5D
:109B80000C11BCF1FE6F02D8F0BCBDE8008124428C
:109B90005CBF01F5801E9EEAC47F02D4F0BCBDE824
:109BA0000081244200F13980A1F1C041F0BCBDE840
:109BB000004100F005BA4FEAD02040EA41504FEA98
:109BC000D1214FEAD22242EA43524FEAD323A7FBE4
:109BD000028607FB036605FB02661EEA0E0F58BFEE
:109BE000A6EB0056B6EB00564FEA520E4EEAC37E85
:109BF00018EB0E0E56EB530EBCD518EB02085E4167
:109C00007F1C55F10005B5E74FF480154FF00007B4
:109C10004FF000064FF00008ACE701F1C04101F041
:109C200000414FF00000F0BCBDE800810CEA1315C4
:109C300011EA0C1F00D00CE013EA0C1F00F0258085
:109C40004FF0000081EA030101F00041F0BCBDE8E3
:109C50000081F0BCBDE8004181EA030100F0B0B929
:109C6000F0BCBDE8004170B500F05CF9097EFC3E37
:109C700000F007B84FF0000081EA030101F0004155
:109C8000704781EA030100F09BB9F0BCBDE80041D8
:109C900022494FF000007047FFFDFBF9F7F5F4F2A1
:109CA000F0EEEDEBE9E8E6E4E3E1E0DEDDDBDAD877
:109CB000D7D5D4D3D1D0CFCDCCCBCAC8C7C6C5C4D5
:109CC000C2C1C0BFBEBDBCBBBAB9B8B7B6B5B4B3EC
:109CD000B2B1B0AFAEADACABAAA9A8A8A7A6A5A4D7
:109CE000A3A3A2A1A09F9F9E9D9C9C9B9A9999989B
:109CF0009797969595949393929191908F8F8E8E3E
:109D00008D8C8C8B8B8A89898888878786858584CA
:109D100084838382828181800000FF070000F87FB6
:109D20004FEA1153A3F58063D3F11E03A8BFD3F10B
:109D3000200C08DB4FF0004242EAC12252EA5052A6
:109D400032FA03F0704709420BD4102BC4BF002035
:109D5000704703F5787CBCF1FF3F05D04FF0FF3032
:109D600070474FF00000704770B500F0DBF800BF9F
:109D70004992248000207047F0E710F0004248BF6D
:109D80004042B0FA80F310FA03F10AD0C3F11D0388
:109D900003F5806302EB03524FEA415002EBD121FD
:109DA00070474FF000007047B0FA80F310FA03F1EB
:109DB0000AD0C3F11D0303F580634FEA03524FEA53
:109DC000415002EBD12170474FF000007047000076
:109DD00070B5DFF848C11CEA111E1EBF1CEA13153E
:109DE0009EEA0C0F95EA0C0F00F06F8081EA0304E5
:109DF0004EEAD47EAE4421EA4C1123EA4C1341F4DE
:109E0000801143F48013AEF17F7EA1FB024CA0FBD6
:109E10000365361955EB0C05A1FB034C4CF100030F
:109E2000A0FB021C16EB0C06654153F1000309422E
:109E300018BF46F0010613F4007F0BD14FEA03313F
:109E40004FEA053041EA155140EA165034036FF0ED
:109E500003020AE04FEAC3214FEAC52041EA555107
:109E600040EA5650F4026FF0020202EB2E4201EB80
:109E7000025585EACE710AD05FEA440C18BF24F07F
:109E8000004450F1000041F1000120EAD47040F29A
:109E9000FE7C624500D270BDA84214BF4FF08044E2
:109EA0004FF04044002E08BF0024BEF1806FA8BFD1
:109EB000A1F1C041BDE8704080F2828001F1C04153
:109EC00001F000414FF0000070470CEA13159EEAC4
:109ED0000C0F18BF95EA0C0F06D081EA030E4FF065
:109EE00000000EF0004170BD00F01CF88900013E3A
:109EF00000F007B800F009B84FEA430C5FEA5C5C79
:109F000008D081EA030100F05BB84FEA410C5FEA38
:109F10005C5CF6D102494FF0000070470000FF077B
:109F20000000F87F0EF1020E2EF0030E5EF8046BB7
:109F3000364205D4012A43EB030515F5001F12D85C
:109F4000012841EB010C1CF5001F0CD80ED14FEA83
:109F5000D17C0CEB4C0C0CF1020C15F5001F08BF6A
:109F60004CEBD37C04E04FF0080C01E04FEAD37CCB
:109F70000CEB4C0526FA05F606F00706B6F1040CC4
:109F800006D20EEB860CBDE870404CF0010C604729
:109F9000DFE80CF0090B02024FF00041A1F50021AF
:109FA0004FF0000070BD19461046012851EB010426
:109FB00018BFD4F5001484BF002001F0004170BD2B
:109FC0000808A0F500114FEA3101704743004FEA3D
:109FD000D30C4FEA3C0C43401FBF40070CF16051CB
:109FE00013F0FE4F70471CF0006F03D10CF00041DE
:109FF000002070470CF0004343EA507040EACC0068
:10A0000010B500F03EF800BF000000924FEA0001DA
:10A01000FFF7D6BF4FF00041A1F500214FF000003F
:10A0200070474FF07E5209E011F0004204D54042E3
:10A03000C1F1000138BF491E42F07E5202F1706248
:10A040000B0012BF20235FEA00017047B1FA81FCC8
:10A0500001FA0CF1A3EB0C0320FA03FC41EA0C011A
:10A0600002EBC352C3F1200310FA03FC5CEA416C1B
:10A0700042EB112018BF5FF0806C28BF20F0010078
:10A0800070470EF1020E2EF0030E5EF8044B2442D0
:10A0900004D44FEA4102B2F17F4F11D84FEA400396
:10A0A000B3F17F4F0CD80ED14FEAD07C0CEB4C0CA7
:10A0B0000CF1020CB2F17F4F08BF4CEBD17C04E0F5
:10A0C0004FF0080C01E04FEAD17C0CEB4C0324FA72
:10A0D00003F404F00704B4F1040C06D20EEB840C74
:10A0E000BDE810404CF0010C6047DFE80CF00708B9
:10A0F00002024FF00040A0F5800010BD084642006B
:10A1000018BFD2F1807288BF00F0004010BDF1EEA0
:10A11000100A4FF6FF71C0F2C03120EA010040F092
:10A120004070E1EE100A7047FF2141EAD050C005AF
:10A1300070470000C2154FEA002318BF43F00043E8
:10A1400000F11080D2F1BE0240F2288023FA02F121
:10A15000B2F1200C2EBF23FA0CF0C2F1200C03FA4E
:10A160000CF07047B0F15F4F00F2188012F0FF0260
:10A1700008BF23F00043C2F1BE0223FA02F1B2F19C
:10A18000200C2EBF23FA0CF0C2F1200C03FA0CF0C5
:10A190004042C1F1000138BF491E704710B5FFF7BA
:10A1A00070FF00BF922449804FF0000100207047EB
:10A1B0006FEAE07080F000417047B8F75EBAB9F717
:10A1C000EBB8000000000000FFFFFFFFFFFF0000F2
:10A1D00000000000FFFFFFFF000000000000000083
:10A1E0000102030406070809000000000000000047
:10A1F0000000000000000000FFFFFFFFFFFFFFFF67
:10A20000FFFFFFFFFFFFFFFFFFFFFFFFFFFFFFFF5E
:10A21000FFFFFFFFFFFFFFFF0000F500000000ADA4
:10A220000000A60000000000000000000F00000079
:10A230000000000000000000FF000000000201001C
:10A2400040420F0000030001000000000000000079
:10A250000000000000000000010000000097B92E7F
:10A26000E5725CCB5DCAE473B82F0196BA2D0394F6
:10A270005FC8E671E7705EC90295BB2CE3745ACDE6
:10A280000691BF28BE2907905BCCE27559CEE077D6
:10A29000BC2B05920493BD2AE17658CF51C6E87FC6
:10A2A000B4230D9A0C9BB522E97E50C7EB7C52C5B6
:10A2B0000E99B720B6210F9853C4EA7DB2250B9CA6
:10A2C00057C0EE79EF7856C10A9DB324089FB12696
:10A2D000ED7A54C355C2EC7BB027099EA2351B8C86
:10A2E00047D0FE69FF6846D11A8DA334188FA13676
:10A2F000FD6A44D345D2FC6BA037198E41D6F86F66
:10A30000A4331D8A1C8BA532F96E40D7FB6C42D555
:10A310001E89A730A6311F8843D4FA6DF3644ADD45
:10A320001681AF38AE3917804BDCF26549DEF06735
:10A33000AC3B15821483AD3AF16648DF1087A93E25
:10A34000F5624CDB4DDAF463A83F1186AA3D138415
:10A350004FD8F661F7604ED91285AB3C0002010080
:10A36000FF000000FF000000B40200100003010025
:10A37000FF000000FF000000BC0200100000000011
:10A38000FF000000FF000000FF00000001010000CE
:10A3900000000000000100000100060604040000A7
:10A3A00000000000000000000000000000000000AD
:10A3B0000000000000000000FF000000FF0000009F
:10A3C0000000010203000000010100000000000085
:10A3D0000000000001000000000000000300000079
:10A3E000E02E0000400D0300FF0000000000000010
:10A3F00002030000FF000000000000000203000054
:10A40000FF0000000000000002030000FF00000049
:10A410000000000002030000E00000010000000056
:10A420006970616C64657600F1C00508DD3B060863
:10A4300011120208000000000F00000000000000E0
:10A4400000000000000000006970616C3A20657235
:10A4500072206D656D616C6C6F6300000000000020
:10A4600000000000000000006970616C3A20657215
:10A4700072206D656D667265650000000000000069
:10A4800000000000000000006970616C3A206572F5
:10A4900072206D656D636F727275707400000000DC
:10A4A00000000000000000006970616C3A206572D5
:10A4B0007220756470616C6C6F63000000000000B6
:10A4C00000000000000000006970616C3A206572B5
:10A4D0007220746370616C6C6F6300000000000098
:10A4E00000000000000000006970616C3A20657295
:10A4F0007220746370737461746500000000000062
:10A500000000000000000000020002000001000046
:10A51000F59106080003000001010200007A030A19
:10A52000007A030A00BD010580DE80020100000000
:10A5300004000200FFFFFFFF010100000000000017
:10A54000070000004C2001404C2101404C220140FA
:10A5500001000000010000000100000109000000EE
:10A560000100000209000000FF00000009000000D7
:10A57000FF000000090000000104020000000000CC
:10A58000000002000B000000010000080B000000AA
:10A59000010000100B000000010000200B00000073
:10A5A000000080000B000000020010000B00000003
:10A5B000020020000B000000020002000B0000005F
:10A5C000000004000B000000FFFFFFFFFFFFFFFF84
:10A5D000FFFFFFFFFFFFFFFFFFFF00000000000085
:10A5E00005000000010040000400000001008000A0
:10A5F00004000000FF000000FFFFFFFFFF0000005D
:10A60000FFFFFFFF070080000400000007000001BB
:10A610000400000006000000FF000000050000002C
:10A62000FF00000005000000FF0000000500000022
:10A630000800020005000000020004000500000000
:10A6400008000800050000000200000406000000E9
:10A6500002000008060000000200001006000000D2
:10A66000603F000001000000030000000000000047
:10A67000795D0608755D0608715D0608000000003A
:10A68000795D0608755D0608715D06080300000126
:10A6900003000004020000000000000800000000A9
:10A6A00000000000000000000000000000000000AA
:10A6B000000000000000000000200000000000007A
:10A6C0008CA60608615B0608675B0608735B0608D4
:10A6D000000000000000000000000000000000007A
:10A6E0000000000000000000000000000300000067
:10A6F00040420F000200FF0101FF000000000000C7
:10A700000000000000000201010001FFFFFFFF0048
:10A7100000FFFFFFFF00000001000000020000003A
:10A7200008A50608179206082D920608FF9106084C
:10A73000F99106080F920608059206080F0000001E
:10A740000001000007000400FFFFFFFF07000800F2
:10A75000FFFFFFFF07001000FFFFFFFF07002000C3
:10A76000FFFFFFFFFF000000FFFFFFFFFF000000F3
:10A77000FFFFFFFFFF000000FFFFFFFFFF000000E3
:10A78000FFFFFFFF3F00000003000000FF0000008C
:10A79000FFFFFFFFFF000000FFFFFFFF02000020A0
:10A7A000FFFFFFFFFF000000FFFFFFFFFF000000B3
:10A7B000FFFFFFFF08000100FFFFFFFFFF00000099
:10A7C000FFFFFFFFFF000000FFFFFFFFFF00000093
:10A7D000FFFFFFFFFF000000FFFFFFFFFF00000083
:10A7E000FFFFFFFFFF000000FFFFFFFF0F00000063
:10A7F0000200000102000002000000000000010051
:10A80000000001000104000000000000000400003E
:10A810000006000000000000000201060000000029
:10A820000004000100000000000000000000000023
:10A83000000000000100000000300140003800402E
:10A84000003C004000000401000002000000000283
:10A8500028000000070000000402020302020301B6
:10A8600002000000000000000000000004000002E0
:10A870000402000000000001FF00000000000000D2
:10A8800002020001FF0000000000000002020001BF
:10A8900000000000000000000000000000000000B8
:10A8A000000002400004024000080240000C024088
:10A8B000001002400014024000180240001C024038
:10A8C0000020024000000000000000000000000026
:10A8D0000100000002000000040000000800000069
:10A8E0001000000020000000400000008000000078
:10A8F0000001000000000000000000000000000057
:10A90000FF0000000000000001020001010136000C
:10A91000001000401000000001013700001400404A
:10A920002000000000021900004401400000020065
:10A9300000021A00004801400000040001012C0040
:10A94000001C00408000000001012D00002000409C
:10A9500000010000000004010008000001000002E6
:10A960002800000007000000FF00000000000000B9
:10A9700001020000FF0000000000000000020000D3
:10A98000FFFFFFFFFFFFFFFFFFFF000000000400CD
:10A9900000000000801A06000000FFBF0000000455
:10A9A000004000000054004000580040005C00409F
:10A9B000000020000000400000008000FF000000B8
:10A9C000000000000202010000080000000000007A
:10A9D0000000040100000000000000022800000048
:10A9E000070000000030014000380040003C0040FB
:10A9F00000000000080010001800200028003000AF
:10AA000038000000FF00000000000000020200010A
:10AA1000FF0000000000000002020002FF00000032
:10AA20000000000002020000FF0000000000000023
:10AA3000020200020100000000000000010000000E
:10AA40000000000001000000000000000100000004
:10AA500000000000010000000000000001000000F4
:10AA600000000000010000000000000001000000E4
:10AA7000000000000003FF000000303132333435A5
:10AA8000363738394142434445464030580030312A
:10AA90003233343536373839616263646566403045
:10AAA000780004000008000000000000000200011F
:10AAB0000000100000000000000000000240000044
:10AAC000000000A00000000005400000000000C8D9
:10AAD000000000000C4000000000409C000000004E
:10AAE000194000000020BCBE0000000034400000FF
:10AAF000BFC91B8E00000004B5400000504BCFD0F2
:10AB00006607E2CF010000006C4100003E8251AABE
:10AB1000DFEEA73401000000D9420000DCB5A0E25E
:10AB20003A301F97FFFFFFFFB4450000FD25A0C886
:10AB3000E9A3C14FFFFFFFFFFF3F000000000080BF
:10AB400000000000FF3F0000000000800000000047
:10AB50003A7474003A7474003A74740030313233C9
:10AB60003435363738396162636465667870003031
:10AB7000313233343536373839414243444546580B
:10AB8000500000006970616C5F626173655F696E9F
:10AB9000697469616C69736528293A207463706E01
:10ABA0006574207265736F75726365732061726579
:10ABB000206E6F7420656E6F75676820666F7220F7
:10ABC0006970616C000000006F73616C3A207661FF
:10ABD0006C7565206F66206D6178746F6B656E7340
:10ABE000206F7220746F6B656E73206172652069CF
:10ABF0006E636F727265637420696E206F73616C2F
:10AC00005F73656D6170686F72655F6E6577282927
:10AC10000000000068616C5F636F72655F696E6958
:10AC2000742829206E6F742063616C6C65642079D0
:10AC30006574206F722068616C5F636F72655F730B
:10AC400074617274282920616C7265616479206373
:10AC5000616C6C6564000000686C5F6574685F69B6
:10AC60006E697428292063616C6C656420686C5F70
:10AC70006574687472616E735F636F6E666967286E
:10AC80002920776869636820646F6573206E6F742C
:10AC900020737570706F7274206120706879206DF8
:10ACA0006F646500FF00000000000000020100006A
:10ACB000000000000000000000FFFFFFFFFF020394
:10ACC00001FFFF0405000002020200000002020270
:10ACD0000202000200000200025B5B1C1C1C5B5BAA
:10ACE0005B1C1C1C1C1C5B1C5B5B1C5B1C000000BD
:10ACF00018510010285100102C5100103051001034
:10AD0000385100105851001098510010454F4D74A3
:10AD10006865454D5372756E6E657200454F43759B
:10AD20007272656E74735761746368646F6700450F
:10AD30004F746865536572766963657300454F7437
:10AD400068654D6F74696F6E436F6E74726F6C6C73
:10AD5000657200454F746865456E636F6465725235
:10AD600065616465720000000000000000000000E2
:10AD700000000000000000000000000000000000D3
:10AD800000000000000000000000000000000000C3
:10AD900000000000000000000000000000000000B3
:10ADA00000000000000000000000000000000000A3
:10ADB0000000000000000000000000000000000093
:10ADC0000000000000000000000000000000000083
:10ADD0000000000000000000000000000000000073
:10ADE0000000000000000000000000000000000063
:10ADF0000000000000000000000000000000000053
:10AE00000000000000000000000000000000000042
:10AE10000000000000000000000000000000000032
:10AE20000000000000000000000000000000000022
:10AE30000000000000000000000000000000000012
:10AE40000000000000000000000000000000000002
:10AE500000000000000000000000000000000000F2
:10AE600000000000000000000000000000000000E2
:10AE700000000000000000000000000000000000D2
:10AE800000000000000000000000000000000000C2
:10AE900000000000000000000000000000000000B2
:10AEA00000000000000000000000000000000000A2
:10AEB0000000000000000000000000000000000092
:10AEC0000000000000000000000000000000000082
:10AED0000000000000000000000000000000000072
:10AEE0000000000000000000000000000000000062
:10AEF0000000000000000000000000000000000052
:10AF00000000000000000000000000000000000041
:10AF10000000000000000000000000000000000031
:10AF20000000000000000000000000000000000021
:10AF30000000000000000000000000000000000011
:10AF40000000000000000000000000000000000001
:10AF500000000000000000000000000000000000F1
:10AF600000000000000000000000000000000000E1
:10AF700000000000000000000300030009000000C2
:10AF800054C2060800000000454F4D746865454DE9
:10AF900053646961676E6F73746963000000000039
:10AFA000000000000000000000000000000055F557
:10AFB0000000000000000000000000000000000091
:10AFC000000000000000000001000100010001007D
:10AFD0000100010001000000746865465473657249
:10AFE000766963650000000000000000A086010093
:10AFF0000300000080969800D8AF06080800000003
:10B000007468654241547365727669636500000037
:10B010000000000040420F000300000080969800EE
:10B0200000B0060809000000000000000000000059
:10B03000000000000000000000000000FF00000011
:10B040000000000000000000000000000000000000
:10B0500000000000000000000000000000000000F0
:10B0600000000000000000000000000000000000E0
:10B0700000000000000000000000000000000000D0
:10B0800000000000000000000000000000000000C0
:10B0900000000000000000000000000000000000B0
:10B0A00000000000000000000000000000000000A0
:10B0B0000000000000000000000000000000000090
:10B0C0000000000000000000000000000000000080
:10B0D0000000000000000000000000000000000070
:10B0E0000000000000000000000000000000000060
:10B0F0000000000000000000000000000000000050
:10B10000000000000000000000000000000000003F
:10B11000000000000000000000000000000000002F
:10B12000000000000000000000000000000000001F
:10B13000000000000000000000000000000000000F
:10B1400000000000000000000000000000000000FF
:10B1500000000000000000000000000000000000EF
:10B1600000000000000000000000000000000000DF
:10B1700000000000000000000000000000000000CF
:10B1800000000000000000000000000000000000BF
:10B1900000000000000000000000000000000000AF
:10B1A0000000000000000000FF00000000000000A0
:10B1B000000000000000000000000000000000008F
:10B1C000000000000000000000000000000000007F
:10B1D000000000000000000000000000000000006F
:10B1E000000000000000000000000000000000005F
:10B1F000000000000000000000000000000000004F
:10B20000000000000000000000000000000000003E
:10B21000000000000000000000000000000000002E
:10B22000000000000000000000000000000000001E
:10B23000000000000000000000000000000000000E
:10B2400000000000000000000000000000000000FE
:10B2500000000000000000000000000000000000EE
:10B2600000000000000000000000000000000000DE
:10B2700000000000000000000000000000000000CE
:10B2800000000000000000000000000000000000BE
:10B2900000000000000000000000000000000000AE
:10B2A000000000000000000000000000000000009E
:10B2B000000000000000000000000000000000008E
:10B2C000000000000000000000000000000000007E
:10B2D000000000000000000000000000000000006E
:10B2E000000000000000000000000000000000005E
:10B2F000000000000000000000000000000000004E
:10B30000000000000A00000064000000E8030000E4
:10B3100010270000A086010040420F008096980090
:10B3200000E1F50500CA9A3B30303031303230331D
:10B3300030343035303630373038303931303131E3
:10B3400031323133313431353136313731383139C9
:10B3500032303231323232333234323532363237C1
:10B3600032383239333033313332333333343335A7
:10B37000333633373338333934303431343234338D
:10B380003434343534363437343834393530353173
:10B390003532353335343535353635373538353959
:10B3A0003630363136323633363436353636363751
:10B3B0003638363937303731373237333734373537
:10B3C000373637373738373938303831383238331D
:10B3D0003834383538363837383838393930393103
:10B3E00039323933393439353936393739383939E9
:10B3F0000000000000000000016103083D61030837
:10B40000DD5F0308F15F0308656003088D600308D2
:10B41000A16003087960030829610308D960030863
:10B420008961030855610308C1600308FCFFFFFF41
:10B43000000000008D7C0308D97C0308A57C03086C
:10B44000FE000000000000000000000000000000FE
:10B4500000000000000000000000000000000000EC
:10B4600000000000000000000000000000000000DC
:10B4700000000000000000000100000000000000CB
:10B4800000000000000000000000000000000000BC
:10B4900000000000000000000100000000000000AB
:10B4A0000F0F0F0F0F0F0F0F00010F0F0F0F0F0FC9
:10B4B00002030405060708090A0F0F0F0F0F0F0FED
:10B4C0000004080C0002010300001000000000004E
:10B4D000654D0508614D05080000000000000000F2
:10B4E000000000000000000000000000000000005C
:10B4F000000000000000000000000000000000004C
:10B5000000000000A0860100C0C62D000000000061
:10B510000000000000D90608D0D5060858D6060855
:10B5200050D4060850D6060850D50608D0D40608D0
:10B5300001000000C0CF6A00404040400000000011
:10B5400000000000000000000000000000000000FB
:10B5500009000000000000000000000000000000E2
:10B5600008000000000000000000000000000000D3
:10B570000A000000000000000000000000000000C1
:10B5800006000000000000000000000000000000B5
:10B5900007000000000000000000000000000000A4
:10B5A0000A000004A086010000A3E11108000000C9
:10B5B0000000000001000000295605083956050862
:10B5C00031560508415605080B000004000008002C
:10B5D00010270000000000000000000000018000B3
:10B5E00080000000000000000000000000000000DB
:10B5F0000002800000018000800010007F00000138
:10B600001127000000000000000000000000000002
:10B61000000000000000000000000000000000002A
:10B620000002800000010001000110007F00000105
:10B6300011270000000000000000000008012600A3
:10B640000801260040104000800000000018500053
:10B650002038500000800000008812004010400098
:10B6600000008800208810000C0C0101010101017C
:10B67000040102656F6572726F725F494E544552E4
:10B680004E414C4552524F525F5F636F6465756E19
:10B690007265636F676E6973656400656F6572726A
:10B6A0006F725F494E5445524E414C4552524F5273
:10B6B0005F5F737472696E67617477726F6E6770C3
:10B6C0006C61636500656F6572726F725F494E549D
:10B6D00045524E414C4552524F525F5F76616C75F8
:10B6E000656973656D70747900000000FFFFFFFFEE
:10B6F000E0BD060854BC0608C0BC0608A4BD060888
:10B7000088BB06082CB706080CBC0608A8BC0608AF
:10B7100014B706080000000008390708801C070855
:10B7200001000000AF2A070857E8060800000000E3
:10B73000F5290708B0240708010000009C3D070810
:10B7400073FF060802000000CBEF0608C6FE0608DD
:10B7500003000000EBEF060876260708040000004F
:10B760009920070852380708050000004C1F0708F9
:10B770004B35070806000000751E0708D7F20608BB
:10B78000070000009C2C070830190708080000007B
:10B790001F1F0708A219070809000000622C0708EC
:10B7A000A21907080A000000771F070810350708CC
:10B7B0000B000000D42C0708103507080C0000000F
:10B7C0004A05070857E806080D000000193B07085E
:10B7D00057E806080E0000006A33070857E8060815
:10B7E0000F000000F231070857E8060810000000BB
:10B7F0005C3A070857E8060811000000EB3207081A
:10B8000057E80608120000008030070857E80608CD
:10B81000130000009D3C070857E8060814000000CC
:10B820000C30070857E8060815000000CC1F070871
:10B830004A18070816000000AD2B07084B18070828
:10B84000170000000607070857E806081800000060
:10B85000D73B070857E8060819000000892E07089B
:10B8600057E806081A000000F130070857E80608F4
:10B870001B00000013F9060857E806081C0000002A
:10B880007216070857E806081D000000191507087A
:10B8900057E806081E000000A115070857E806082B
:10B8A0001F0000005E15070857E80608200000008A
:10B8B0008E14070857E8060821000000261607081E
:10B8C00057E8060822000000A40F070857E80608FA
:10B8D000230000003F0E070857E806082400000078
:10B8E000F30E070857E8060825000000880D070832
:10B8F00057E80608260000009A0E070857E80608D1
:10B9000027000000B4200708F107070828000000FE
:10B91000B3250708DFF3060829000000C51E070845
:10B9200057E806082A0000004C1E0708D7F2060850
:10B930002B000000EE2B0708491907082C00000017
:10B940001E2A0708332207082D000000C116070829
:10B9500057E806082E0000000020070857E80608F0
:10B960002F000000991E0708D7F2060830000000DB
:10B97000432D07084919070831000000562A070817
:10B98000332207083200000040260708DFF30608CC
:10B99000330000000910070857E8060834000000CB
:10B9A000F51E0708D5340708350000002B2C0708C2
:10B9B000D534070836000000EF04070857E80608EA
:10B9C00037000000D714070857E8060838000000C1
:10B9D000E70D070857E8060839000000E6250708C4
:10B9E000DFF306083A000000753B070857E8060831
:10B9F0003B000000062E070857E806083C00000040
:10BA00008C2F070857E806083D00000074F9060867
:10BA100057E806083E00000007FC060857E806083D
:10BA20003F000000B7FA060857E80608400000008B
:10BA300017FA060857E806084100000068FA0608E9
:10BA400057E8060842000000C9F9060857E806084A
:10BA500043000000ACFB060857E80608440000005D
:10BA600054FB060857E8060845000000A21F070817
:10BA700010350708460000000C2D0708D5340708CC
:10BA800047000000A605070857E806084800000020
:10BA9000E415070857E80608490000004C0F07089E
:10BAA00057E806084A00000013260708DFF30608D7
:10BAB0004B00000006FB060857E806084C00000093
:10BAC0003A3C070857E806084D00000067320708AF
:10BAD00057E806084E0000007231070857E80608CC
:10BAE0004F000000B73A070857E80608500000006A
:10BAF000832D070857E80608510000000D2F07089E
:10BB000057E8060852000000F31A070857E806082D
:10BB100053000000753D070857E806085400000070
:10BB20002C38070857E80608550000005F2807086A
:10BB300057E80608560000002121070857E80608C4
:10BB400057000000D52A070857E8060858000000EB
:10BB5000DA1A070857E80608590000004D3D0708A3
:10BB600057E806085A0000000538070857E8060895
:10BB70005B0000003428070857E806085C00000056
:10BB8000FD20070857E8060800000000091907080B
:10BB900057E80608010000001619070857E80608CC
:10BBA000020000002319070857E8060803000000F8
:10BBB0000F1A070857E80608040000001C1A0708B7
:10BBC00057E8060805000000291A070857E8060884
:10BBD00006000000361A070857E8060807000000AC
:10BBE000CD1A070857E8060808000000E91C0708F6
:10BBF00057E8060809000000441D070857E8060832
:10BC00000A0000009F1D070857E806080000000012
:10BC10002607070899000708010000000AF0060837
:10BC20005A0107080200000027F006081F2707082E
:10BC3000030000005F230708431A07080400000000
:10BC40003BF8060857E806080500000040360708DC
:10BC500057E8060800000000353A070857E80608CC
:10BC6000010000000D3A070857E80608020000002E
:10BC700001060708AD350708030000006F2107081B
:10BC800057E80608040000006A10070857E806088D
:10BC9000050000009C21070857E806080600000080
:10BCA0007D20070800000000000000005C39070844
:10BCB000801C070801000000C22A070857E8060890
:10BCC0000000000055F7060857E8060801000000CC
:10BCD0005F1207087614070802000000D112070857
:10BCE0007614070803000000110D070876140708F2
:10BCF00004000000F8FD060876140708050000009F
:10BD000077F806087614070806000000A10C07085B
:10BD10007614070807000000F90B070876140708D7
:10BD2000080000007B0B070814F406080900000057
:10BD30007CF3060814F406080A00000059130708EB
:10BD400014F406080B0000005EF60608311407081C
:10BD50000C000000F0090708311407080D0000006E
:10BD600064090708311407080E000000FC080708E2
:10BD7000DB2907080F000000E5F40608CC130708CC
:10BD800010000000150907087614070811000000CC
:10BD90001F12070857E806081200000019020708DA
:10BDA0006F03070800000000D6FC060857E80608E5
:10BDB00001000000B6390708801C070802000000D7
:10BDC000201E070897F00608030000002B2B070829
:10BDD000CFF0060804000000EAF5060857E8060858
:10BDE00000000000A928070857E806080100000025
:10BDF0007429070857E8060802000000FD2A070812
:10BE000057E80608030000003320070857E8060833
:10BE100004000000AE3D070857E8060805000000D2
:10BE2000253D070857E8060806000000B529070861
:10BE300057E8060807000000FC3C070857E806081A
:10BE400008000000912A070857E8060809000000CA
:10BE5000D9170708420007080A0000001929070837
:10BE600057E806080B000000B9F70608181C070879
:10BE70000C00000078F70608B11B07080D00000051
:10BE8000FAF706082B1B07080E00000044210708DC
:10BE900057E806080F000000B3F40608D436070878
:10BEA0001000000097080708812207081100000011
:10BEB000DA080708D222070812000000B8080708AD
:10BEC000A9220708130000005BFE0608AA34070831
:10BED000140000007FF2060857E80608150000006D
:10BEE0002DF2060857E8060816000000A7110708FB
:10BEF00057E80608170000005D0607085EFC060804
:10BF000018000000900607084FF506081900000009
:10BF10007211070899FC06081A000000ED110708C5
:10BF2000B9F506081B000000ECFC06087F1C07089A
:10BF30001C000000CB0607084FF506081D00000096
:10BF400064080708662207081E000000C5230708CA
:10BF5000062807081F000000A02307080628070876
:10BF600020000000FA1D070806280708210000002D
:10BF70006E24070806280708220000004D24070841
:10BF800006280708230000008F2407080628070852
:10BF9000240000000B2407080628070825000000DD
:10BFA000EA23070806280708260000002C240708B3
:10BFB00006280708270000000C17070857E806089E
:10BFC00028000000351707084BF00608290000007C
:10BFD000FC170708000000002A000000A5EF060873
:10BFE000000000002B000000351707086017070845
:10BFF0002C000000FBF606080B1B07082D000000B4
:10C0000056F80608FB2207082E0000003303070835
:10C01000FB2207082F000000D6F80608FB220708BD
:10C0200030000000AE070708643607083100000042
:10C0300008080708160B070832000000C710070899
:10C04000950A0708330000001E110708D70A0708E1
:10C050003400000045F40608870707083500000093
:10C06000042207085304070836000000C703070826
:10C07000FC03070837000000BFFD060892250708EB
:10C08000380000001F06070800000000390000000B
:10C0900021FD060832F106083A0000006FFD06088F
:10C0A00014F106083B000000892807080000000082
:10C0B0003C00000041070708ABF106083D00000006
:10C0C000A3040708453707083E000000E6020708FA
:10C0D000E93307083F0000009E0207081B370708E6
:10C0E00040000000C2210708851A07080000000070
:10C0F000FFFFFFFFFFFFFFFF7F000001A0860100A1
:10C1000010270000E803000040420F00FFFFFFFF80
:10C11000000000000000000000000000FFFFFFFF23
:10C12000000000000000000000000000000000000F
:10C13000FFFFFFFFFFFFFFFFCA000002100000002B
:10C14000000000000A0001C8012A000202000200EB
:10C15000400040005C115C117F0000010100000004
:10C16000050D40000000320000040000290000021C
:10C170000200010040004000050D050D7F00000198
:10C18000010000007F000001050D400000000000DC
:10C190000000000028000002FAFBFC000008000478
:10C1A0000008010203040506E80300000000000087
:10C1B0002C01000090010000FA000000BC02000009
:10C1C000FA0000000300010000010000030002006B
:10C1D0000003000439300100000000000A0001C81B
:10C1E00039300004000100038000800020000000BE
:10C1F00001000800102700000000000000000000FF
:10C20000DC000004204E000001DB8000020800007A
:10C21000000000000000000000000000000000001E
:10C22000000000000000000000000000000000000E
:10C230000000000000000000B92C0608BD2C060814
:10C24000012C0608F0000002080000006300000056
:10C2500094E00608010C0C0100000000000201013E
:10C2600001010101040103020000000000000000C0
:10C2700000000000000000000000000000000000BE
:10C2800000000000000000000000000000000000AE
:10C2900000000000000000000100030074C2060856
:10C2A00055080508D50C05080400030070C20608EF
:10C2B00059080508610D05082000010078C206082C
:10C2C00065080508ED0D05082000010078C2060884
:10C2D00081080508F10D0508010003004CC506089A
:10C2E00085080508F50D05080400030048C5060883
:10C2F00089080508750E05083800010050C50608B4
:10C300009D080508F50E05080C00010078C5060813
:10C31000DD080508F90E05082800010050C50608CB
:10C32000E1080508FD0E050801000300D4C5060854
:10C33000E5080508010F05080800030088C5060880
:10C34000E9080508290F05084400010090C5060802
:10C35000F90805083D0F05085000010088C50608CA
:10C3600015090508410F050804000300D8C5060893
:10C3700019090508450F050801000300D9C506087D
:10C380002D090508590F050801000300D8C5060846
:10C39000310905086D0F050801000300DAC506081C
:10C3A00035090508810F050828000100E0C50608C9
:10C3B00039090508950F050828000100E0C50608A1
:10C3C00055090508990F050830000100D8C5060871
:10C3D000590905089D0F0508010003002CC6060831
:10C3E0005D090508A10F05080400030008C606083A
:10C3F00061090508C90F0508200001000CC60608E0
:10C400006D090508DD0F05082800010008C60608AB
:10C4100089090508E10F05080100030044C6060864
:10C420008D090508E50F05080400030030C606085D
:10C43000910905080D1005081000010034C6060812
:10C440009D090508211005081800010030C60608DE
:10C45000B9090508251005080400030048C60608A8
:10C46000BD090508291005083000010050C606085E
:10C47000D10905083D1005081000010060C6060836
:10C48000110A0508411005081000010050C60608F1
:10C49000150A0508451005081000010070C60608B9
:10C4A000190A0508491005083800010048C60608A1
:10C4B0001D0A05084D10050801000300A0C6060866
:10C4C000210A0508511005080400030088C6060863
:10C4D000250A050879100508140001008CC6060815
:10C4E000310A05088D1005081C00010088C60608E1
:10C4F0004D0A05089110050814E10608D8E0060861
:10C500002CE10608C8E0060804E10608F4E0060885
:10C51000B4E00608A4E0060848C60608D8C5060820
:10C5200088C6060888C5060830C6060808C6060874
:10C5300048C5060870C20608380030001C005000CC
:10C540001800280040002800000000000000000043
:10C5500000000000000000000000000000000000DB
:10C5600000000000000000000000000000000000CB
:10C5700000000000000000000000000000000000BB
:10C5800000000000000000000000000000000000AB
:10C59000000000000000000000000000000000009B
:10C5A000000000000000000000000000000000008B
:10C5B000000000000000000000000000000000007B
:10C5C000000000000000000000000000000000006B
:10C5D000000000000000000000000000000000005B
:10C5E000000000000000000000000000000000004B
:10C5F000000000000000000000000000000000003B
:10C60000000000000000000000000000000000002A
:10C61000000000000000000000000000000000001A
:10C62000000000000000000000000000000000000A
:10C6300000000000000000000000000000000000FA
:10C6400000000000000000000000000000000000EA
:10C6500000000000000000000000000000000000DA
:10C6600000000000000000000000000000000000CA
:10C6700000000000000000000000000000000000BA
:10C680000607040404040504000000000000000084
:10C69000000000000000000000000000000000009A
:10C6A00000000000010B0000D8CF0608A7CB060849
:10C6B000A4C606084FD10608D0CD060874C90608DE
:10C6C000F8C406082CD00608E0CD060880C9060884
:10C6D00018C5060830D0060804030801F0CD060886
:10C6E0008CC9060838C5060834D00608D4CF060819
:10C6F000A4CB060880C606084ED10608000000003C
:10C700000000000000000000000000000000000029
:10C710000000000008000300FCC60608510A0508D6
:10C72000951005081000010004C70608550A050801
:10C730009910050818000100FCC60608590A0508EA
:10C740009D1005081C000300E8CA06085D0A0508DC
:10C75000A11005080100030011CB0608610A0508B5
:10C76000691305080100030012CB0608650A0508D5
:10C77000351405080C00030004CB0608690A0508F7
:10C78000991405080100030010CB06086D0A05087E
:10C79000CD160508F000030094C90608710A0508C3
:10C7A0001D1705080C0003001CCA0608810A0508AD
:10C7B000D91805082000030030CA0608850A0508B4
:10C7C000F51905082800030094C90608890A050818
:10C7D0002D1A050828000300E4C906088D0A05087B
:10C7E000751A050828000300BCC90608910A050847
:10C7F000BD1A05080100030052CA0608950A05087B
:10C80000D11A0508080003000CCA0608990A050891
:10C81000D51A050804000300E4CA06089D0A0508A5
:10C82000E91B050804000300E4CA0608A10A05087C
:10C83000ED1B05086000010084CA0608A50A05086A
:10C84000711C05080C000100C8CA0608C90A0508C1
:10C85000751C05082800010084CA0608CD0A0508D1
:10C86000791C050801000100A8CA0608D10A0508BC
:10C870007D1C050801000100A9CA0608D50A0508A3
:10C88000811C050801000100AACA0608D90A05088A
:10C89000851C050810000100D4CA0608DD0A050839
:10C8A000051D05081C000100ACCA0608E10A0508C0
:10C8B000091D05088001010094C90608E50A05085C
:10C8C0000D1D05087800030014CB0608E90A0508C9
:10C8D000111D05080600030070CB0608F90A0508BB
:10C8E000E51D05080400030064CB0608FD0A0508E1
:10C8F000591E05082800030014CB0608010B050883
:10C90000951E0508280003003CCB0608050B05080A
:10C91000F11E05080200030080CB0608090B05087C
:10C92000151F05080400030068CB06080D0B050859
:10C93000D91F05080200030082CB0608110B050869
:10C9400015200508180001008CCB0608150B0508FA
:10C950003D200508140001008CCB0608450B050896
:10C96000412005089000010014CB0608490B05087A
:10C970004520050848E10608A8E106083CE106084C
:10C9800094C9060814CB0608FCC60608800190006E
:10C99000180000000000000000000000000000007F
:10C9A0000000000000000000000000000000000087
:10C9B0000000000000000000000000000000000077
:10C9C0000000000000000000000000000000000067
:10C9D0000000000000000000000000000000000057
:10C9E0000000000000000000000000000000000047
:10C9F0000000000000000000000000000000000037
:10CA00000000000000000000000000000000000026
:10CA10000000000000000000000000000000000016
:10CA20000000000000000000000000000000000006
:10CA300000000000000000000000000000000000F6
:10CA400000000000000000000000000000000000E6
:10CA500000000000000000000000000000000000D6
:10CA600000000000000000000000000000000000C6
:10CA700000000000000000000000000000000000B6
:10CA800000000000000000000000000000000000A6
:10CA90000000000000000000000000000000000096
:10CAA0000000000000000000000000000000000086
:10CAB0000000000000000000000000000000000076
:10CAC0000000000000000000000000000000000066
:10CAD0000000000000000000000000000000000056
:10CAE0000000000000000000000000000000000046
:10CAF0000000000000000000000000000000000036
:10CB00000000000000000000000000000000000025
:10CB10000000000000000000000000000000000015
:10CB20000000000000000000000000000000000005
:10CB300000000000000000000000000000000000F5
:10CB400000000000000000000000000000000000E5
:10CB500000000000000000000000000000000000D5
:10CB600000000000000000000000000000000000C5
:10CB700000000000000000000000000000000000B5
:10CB800000000000000000000000000000000000A5
:10CB90000000000000000000000000000000000095
:10CBA00000000000180B03011A0001010101000040
:10CBB0000000000000000000000000000000000075
:10CBC0000000000000000000000000000000000065
:10CBD0000000000000000000000000000000000055
:10CBE0000000000000000000000000000000000045
:10CBF0000000000000000000000000000000000035
:10CC00000000000000000000000000000000000024
:10CC10000000000000000000000000000000000014
:10CC20000000000000000000000000000000000004
:10CC300000000000000000000000000000000000F4
:10CC400000000000000000000000000000000000E4
:10CC500000000000000000000000000000000000D4
:10CC600000000000000000000000000000000000C4
:10CC700001000300E8CB06084D0B05084920050814
:10CC800008000300F0CB0608510B0508C520050875
:10CC900010000300B8CB0608550B050895220508BF
:10CCA00001000300C2CB0608850B050839230508DF
:10CCB00020000100C8CB0608890B05086D23050874
:10CCC00040000100B8CB0608090C050871230508CF
:10CCD0004C00030020CC06080D0C05087523050840
:10CCE0000400030020CC0608110C050815260508D1
:10CCF0000400030020CC0608150C05084D28050883
:10CD00004800030020CC0608190C0508192905085D
:10CD10000400030020CC06081D0C05081D29050889
:10CD20002000010000CC0608210C05082129050877
:10CD30000200010000CC0608690C05082529050839
:10CD400078000100F8CB06086D0C050829290508B4
:10CD500008000300F8CD0608710C05082D29050808
:10CD600001000300F8CD0608750C050831290508F7
:10CD70004800010000CE0608790C05083529050891
:10CD80001800010000CE06087D0C050839290508A9
:10CD900050000100F8CD0608810C05083D29050862
:10CDA0005C01030078CE0608850C050841290508BA
:10CDB0002000010058CE0608890C050855290508F1
:10CDC0008C01010048CE06088D0C0508592905087C
:10CDD000ECE10608D4E106080CE2060820E20608A9
:10CDE000F8CB0608B8CB0608F8CD060848CE0608EA
:10CDF0007800400050008C0100000000000000009E
:10CE00000000000000000000000000000000000022
:10CE10000000000000000000000000000000000012
:10CE20000000000000000000000000000000000002
:10CE300000000000000000000000000000000000F2
:10CE400000000000000000000000000000000000E2
:10CE500000000000000000000000000000000000D2
:10CE600000000000000000000000000000000000C2
:10CE700000000000000000000000000000000000B2
:10CE800000000000000000000000000000000000A2
:10CE90000000000000000000000000000000000092
:10CEA0000000000000000000000000000000000082
:10CEB0000000000000000000000000000000000072
:10CEC0000000000000000000000000000000000062
:10CED0000000000000000000000000000000000052
:10CEE0000000000000000000000000000000000042
:10CEF0000000000000000000000000000000000032
:10CF00000000000000000000000000000000000021
:10CF10000000000000000000000000000000000011
:10CF20000000000000000000000000000000000001
:10CF300000000000000000000000000000000000F1
:10CF400000000000000000000000000000000000E1
:10CF500000000000000000000000000000000000D1
:10CF600000000000000000000000000000000000C1
:10CF700000000000000000000000000000000000B1
:10CF800000000000000000000000000000000000A1
:10CF90000000000000000000000000000000000091
:10CFA0000000000000000000000000000000000081
:10CFB0000000000000000000000000000000000071
:10CFC0000000000000000000000000000000000061
:10CFD0000000000008060503021800000800030016
:10CFE00036D10608A10C05085D29050810000300CC
:10CFF0003ED10608A50C05087929050801000300A3
:10D0000036D00608A90C050895290508F40001008A
:10D010003ED00608B50C0508B12905081801010025
:10D0200036D00608D10C0508B52905082CE20608FB
:10D0300036D00608180100000000000000000000C3
:10D0400000000000000000000000000000000000E0
:10D0500000000000000000000000000000000000D0
:10D0600000000000000000000000000000000000C0
:10D0700000000000000000000000000000000000B0
:10D0800000000000000000000000000000000000A0
:10D090000000000000000000000000000000000090
:10D0A0000000000000000000000000000000000080
:10D0B0000000000000000000000000000000000070
:10D0C0000000000000000000000000000000000060
:10D0D0000000000000000000000000000000000050
:10D0E0000000000000000000000000000000000040
:10D0F0000000000000000000000000000000000030
:10D10000000000000000000000000000000000001F
:10D11000000000000000000000000000000000000F
:10D1200000000000000000000000000000000000FF
:10D1300000000000000000000000000000000000EF
:10D1400000000000000000000000000000000502D8
:10D1500000000000000000001AC23F001000120092
:10D1600016C636000000000000000000FAFB7F60D9
:10D170003000032054CE7660000000000000000064
:10D18000FAFB7F603000036054CE76600000000040
:10D19000298705080000000000000000BD3D0508CB
:10D1A000B93D0508000000000030000000FC01004F
:10D1B00000000000400D0300001801000000000006
:10D1C0001E306CA2455300000AFF4813FFFFFF000A
:10D1D00020050000C0FD320F000000000104000126
:10D1E0000500030580841E0000D2496B0004450041
:10D1F000C0E1E400000015000161646D696E00008B
:10D200000061646D696E0000000017000161646DCB
:10D21000696E00000061646D696E0000000000002E
:10D220005187050800000000000000000000000019
:10D2300000000000000000000000000079D5050893
:10D2400075D5050871D5050801D70508C13D050844
:10D2500000000000000000000000000000000000CE
:10D2600000000000000000000000000000000000BE
:10D2700000000000000000000000000000000000AE
:10D28000000000000000000000000000000000009E
:10D29000000000000000000000000000000000008E
:10D2A000000000000000000000000000000000007E
:10D2B0000000803F000000000000000000000000AF
:10D2C0000000803F0000000000000000000000009F
:10D2D0000000803F000000000000803F00000000D0
:10D2E000000000006F12833A0000803F0000000041
:10D2F000BD3706356F12833A0000803F0000803F43
:10D3000000000000000000000000803F000000005E
:10D3100000000000000000000000803F000000004E
:10D3200000000000000000000000803F01010F012C
:10D33000007A030AE8030000000800020000000071
:10D340000A0000000800002008080408800000000F
:10D350000000000000000000BD880508E9880508FD
:10D360000000020090D106082CD30608000000003F
:10D370000000000018C2060889CF0408F00000046D
:10D380000C00CA0000080C00000202080A00016834
:10D39000DC000004204E000001DB8000B0D1060854
:10D3A00000000000030800000101FF002900000444
:10D3B0000200010010008000050D050D7F00000136
:10D3C000010000000000000200000000000000005A
:10D3D0005C115C110A0001680100000003000200FA
:10D3E00000039805393001004CC206080A000168A4
:10D3F00039309805800100048000180120000000E9
:10D400000100100040420F0000000000000000007A
:10D410002800000832000020F9F8F7000010001082
:10D42000001005060AFFFFFFE803000000000000EF
:10D430002C01000090010000C8000000BC020000A8
:10D44000FA00000003000100000100009C410708F1
:10D4500000000000ADA9040800000000ADA8040809
:10D4600000000000000000000000000000000000BC
:10D4700000000000000000000000000000000000AC
:10D48000000000000000000000000000000000009C
:10D490000000000045A904080000000079A9040864
:10D4A000F9A7040849A8040821A8040811A9040838
:10D4B000000000007DA804080000000095A80408F2
:10D4C00000000000D1A804080000000000000000D7
:10D4D0000000000095AD04080000000091AD0408B4
:10D4E0000000000091AD04080000000091AD0408A8
:10D4F0000000000091AD04080000000091AD040898
:10D500000000000091AD04080000000091AD040887
:10D5100000000000D5AD040800000000B5AD04080F
:10D5200000000000000000000000000000000000FB
:10D5300000000000000000000000000000000000EB
:10D5400000000000000000000000000000000000DB
:10D55000000000000DAE040800000000F5AD040856
:10D5600000000000000000000000000065AE04089C
:10D570000000000025AE04080000000045AE0408CD
:10D58000000000000000000000000000000000009B
:10D59000000000000000000000000000000000008B
:10D5A000000000000000000000000000000000007B
:10D5B000000000000000000000000000000000006B
:10D5C000000000000000000000000000000000005B
:10D5D0000000000001AF04080000000099B2040838
:10D5E0000000000025B204080000000081B3040818
:10D5F0000000000041B0040800000000000000002E
:10D600000000000031B304080000000019B704084E
:10D61000000000009DB1040800000000B5B004083F
:10D62000000000002DB10408000000000000000010
:10D63000000000005DAF04080000000000000000D2
:10D640000000000000000000D1AE0408000000004F
:10D6500000000000FDC504080000000000000000FC
:10D6600000000000000000000000000000000000BA
:10D6700000000000000000000000000000000000AA
:10D68000000000000000000000000000000000009A
:10D69000B5AB04080000000055AB04080000000012
:10D6A000000000000000000000000000000000007A
:10D6B000000000000000000000000000000000006A
:10D6C000000000000000000000000000000000005A
:10D6D000000000000000000079AB0408000000001A
:10D6E000000000000000000000000000000000003A
:10D6F000000000000000000000000000000000002A
:10D700000000000000000000000000000000000019
:10D7100000000000000000001DAA040855AD040828
:10D7200000000000000000000000000000000000F9
:10D730000000000000000000F5A9040809AD04087D
:10D7400000000000000000000000000000000000D9
:10D7500000000000000000000000000000000000C9
:10D7600000000000000000000000000000000000B9
:10D7700000000000000000000000000000000000A9
:10D780000000000000000000000000000000000099
:10D790000000000000000000000000000000000089
:10D7A0000000000000000000000000000000000079
:10D7B0000000000000000000000000000000000069
:10D7C0000000000000000000000000000000000059
:10D7D0000000000000000000000000000000000049
:10D7E0000000000000000000000000000000000039
:10D7F00041AA040889AD040845AA040800000000F5
:10D8000081AA0408000000000000000000000000E1
:10D810000000000000000000000000000000000008
:10D82000D9AB040800000000FDAB040800000000B4
:10D8300000000000000000000000000000000000E8
:10D8400000000000000000000000000000000000D8
:10D8500000000000000000000000000000000000C8
:10D8600000000000000000000000000000000000B8
:10D8700000000000000000000000000000000000A8
:10D880000000000000000000000000000000000098
:10D890000000000000000000000000000000000088
:10D8A0000000000000000000000000000000000078
:10D8B0000000000000000000B1AC040800000000FF
:10D8C00049AC040800000000DDAC040800000000C2
:10D8D00021AC04080000000079AC0408000000003E
:10D8E000A5AA04088DAD0408A9AA04080000000038
:10D8F00031AB040800000000000000000000000040
:10D9000000000000000000005DB8040800000000F6
:10D9100035B804080000000000000000000000000E
:10D92000E1B7040800000000ADB8040800000000E2
:10D9300085B8040800000000D5B80408EDC204084A
:10D9400035BB0408E9C40408F1BB0408000000006A
:10D9500000000000000000000000000000000000C7
:10D9600000000000000000000000000000000000B7
:10D9700095C004080000000011BE0408000000006B
:10D98000A1BE04080000000000000000000000002C
:10D990000000000000000000000000000000000087
:10D9A0000000000000000000000000000000000077
:10D9B0000000000000000000000000000000000067
:10D9C0000000000000000000000000000000000057
:10D9D00000000000000000005DBB04080000000023
:10D9E000B9C20408000000000000000000000000B0
:10D9F0000000000000000000000000000000000027
:10DA00000000000000000000000000000000000016
:10DA10000000000000000000000000000000000006
:10DA200000000000000000000000000000000000F6
:10DA300000000000000000000000000000000000E6
:10DA400000000000000000000000000000000000D6
:10DA500000000000000000000000000000000000C6
:10DA600015BD040800000000FDB804080000000017
:10DA700091C204080000000065C004080000000016
:10DA800095BA0408C5C304080000000000000000A7
:10DA90000000000000000000000000000000000086
:10DAA0000000000000000000000000000000000076
:10DAB0000000000000000000000000000000000066
:10DAC0000000000000000000000000000000000056
:10DAD0000000000000000000000000000000000046
:10DAE0000000000000000000000000000000000036
:10DAF000C1BB04080000000000000000000000009E
:10DB0000D1BE040800000000CDB9040859C30408C0
:10DB100041BE040800000000A5B9040851C3040870
:10DB200071BE0408000000000000000000000000BA
:10DB300000000000000000000000000000000000E5
:10DB40001DBC04080000000091BB04080000000098
:10DB500031C20408000000000000000000000000C6
:10DB600000000000000000000000000000000000B5
:10DB7000FDC0040800000000BDBA0408D1C40408B8
:10DB80005DC1040800000000E5BA0408D9C4040817
:10DB900065BF0408000000001DBA0408ADC30408F6
:10DBA000C5BF04080000000045BA0408B5C3040856
:10DBB00061C2040800000000B1BD040800000000BC
:10DBC0007DB9040849C3040881BD040800000000B1
:10DBD00055B9040841C3040825B90408F5C204086E
:10DBE00000000000000000001DC00408000000004C
:10DBF0006DBA0408BDC30408B5C1040800000000E4
:10DC00000DBB0408E1C4040800000000000000008F
:10DC10000000000000000000000000000000000004
:10DC2000000000000000000051BC040800000000DB
:10DC3000000000000000000085BC04080000000097
:10DC40000000000000000000FDC10408000000000A
:10DC50000000000000000000FDC1040800000000FA
:10DC60000000000000000000DDBC0408000000000F
:10DC700000000000000000000000000000000000A4
:10DC80004DBD04080000000000000000000000007E
:10DC900035BF040800000000F5B9040861C304089A
:10DCA000E5BD0408000000000000000000000000C6
:10DCB000000000000000000001BF04080000000098
:10DCC0000000000000000000CDC0040800000000BB
:10DCD000085511004E00454F646571756500454F4C
:10DCE0006669666F00454F6C69737400454F736DCC
:10DCF00000454F7468654D656D6F7279506F6F6C3C
:10DD000000454F74696D657200454F766563746FA9
:10DD10007200454F566D7574657800454F567468AE
:10DD20006543616C6C6261636B4D616E61676572C6
:10DD300000454F5674686553797374656D00454F9F
:10DD40005674686554696D65724D616E6167657280
:10DD500000454F4D6D7574657800454F4D74617386
:10DD60006B00454F4D74686543616C6C6261636B19
:10DD70004D616E6167657200454F4D7468655379FA
:10DD80007374656D00454F4D74686554696D6572B7
:10DD90004D616E6167657200454F4D74686549500D
:10DDA0006E657400454F736F636B65744461746195
:10DDB0006772616D00454F5674686549506E6574B1
:10DDC00000454F74686541524D656E7669726F6E9D
:10DDD0006D656E7400454F56746865456E76697260
:10DDE0006F6E6D656E7400454F4D746865454D539B
:10DDF0006170706C00454F4D746865454D53636F9D
:10DE00006E666967757261746F7200454F4D746814
:10DE100065454D53646973636F766572796C697398
:10DE200074656E657200454F4D746865454D536568
:10DE300072726F7200454F4D746865454D53736F34
:10DE4000636B657400454F4D746865454D53626161
:10DE5000636B646F6F7200454F74686543414E6435
:10DE60006973636F766572793200454F7468654DEA
:10DE700041495300454F746865534B494E00454F27
:10DE80007468654554486D6F6E69746F7200454FD4
:10DE900074686553545241494E00454F7468654D4E
:10DEA000454D5300454F746865496E6572746961EC
:10DEB0006C733300454F74686554656D70657261AD
:10DEC000747572657300454F74686550534300451F
:10DED0004F746865504F5300454F746865466174D0
:10DEE000616C4572726F7200454F6167656E7400B8
:10DEF000454F726F706672616D6500454F7468655D
:10DF0000424F4152447472616E7363656976657203
:10DF100000454F7472616E736D697474657200456B
:10DF20004F746865496E666F4469737061746368A5
:10DF300065720000010102010202030102020302F4
:10DF400003030401020203020303040203030403A4
:10DF50000404050102020302030304020303040391
:10DF60000404050203030403040405030404050474
:10DF7000050506010202030203030402030304036E
:10DF80000404050203030403040405030404050454
:10DF90000505060203030403040405030404050441
:10DFA0000505060304040504050506040505060524
:10DFB000060607010202030203030402030304032B
:10DFC0000404050203030403040405030404050414
:10DFD0000505060203030403040405030404050401
:10DFE00005050603040405040505060405050605E4
:10DFF00006060702030304030404050304040504DE
:10E0000005050603040405040505060405050605C3
:10E0100006060703040405040505060405050605B0
:10E020000606070405050605060607050606070693
:10E03000070708004100000007000000130000006F
:10E04000050000000B0000005D000000060000005D
:10E0500007000000080000000000000091330608DF
:10E06000DBF3050800000000000000000080000055
:10E0700001000000004000000200000000C0FFFF9F
:10E0800003000000FFFFFFFF0E000000FEFFFFFF88
:10E090000F0000000100010009000000A9CB0608E4
:10E0A00000000000A8C2060898C20608B8C2060808
:10E0B000C8C20608E8C20608D8C20608F8C20608A0
:10E0C00018C3060808C3060858C3060838C306085C
:10E0D00048C3060828C30608C8C3060868C306085C
:10E0E00088C3060878C3060898C30608A8C30608AC
:10E0F000B8C3060808C40608E8C30608F8C306083B
:10E10000D8C3060848C4060828C4060838C4060848
:10E1100018C40608A8C4060858C4060868C4060837
:10E1200088C4060878C4060898C40608E8C4060827
:10E13000C8C40608D8C40608B8C4060834C7060808
:10E1400014C7060824C70608B4C8060894C70608FA
:10E15000C4C70608E4C70608D4C7060804C80608EA
:10E16000A4C70608B4C70608F4C7060834C80608DA
:10E1700054C80608A4C8060864C8060874C8060877
:10E1800084C8060844C8060894C8060814C80608C7
:10E1900024C8060844C7060874C7060884C70608CA
:10E1A00054C7060864C7060864C90608C4C8060838
:10E1B000D4C80608E4C8060824C9060814C9060815
:10E1C00034C90608F4C8060804C9060844C9060884
:10E1D00054C90608C0CC060890CC0608A0CC060896
:10E1E000B0CC060870CC060880CC060840CD0608E6
:10E1F00020CD060830CD0608F0CC0608E0CC060895
:10E2000010CD060800CD0608D0CC060890CD060833
:10E2100050CD060860CD060870CD060880CD0608F2
:10E22000C0CD0608B0CD0608A0CD06081CD0060853
:10E23000FCCF06080CD00608DCCF0608ECCF060899
:10E24000E4EB060820EC060888EB060891EB0608CC
:10E250008CEB060881EB060876EC0608D7EB06087F
:10E2600091EC060883EC060814EC06089DEC060801
:10E27000B1EB0608F7EB060842EC060834EC06089A
:10E2800028EC0608E9EB0608E4EB0608CEEB0608E6
:10E2900084EB060879EC0608DAEB060894EC06082D
:10E2A00086EC0608CEEB0608CEEB0608CEEB060899
:10E2B000CEEB06080DEC0608CEEB0608CEEB060802
:10E2C000AAEB060805EC060801110000D0170100B2
:10E2D0000000000800001000000000200000020004
:10E2E00003800000000000000064756D6D7900007F
:10E2F000000000000000000000000000000000001E
:10E30000000000000000000004300300DDB716022A
:10E3100000000000000000000000000000000000FD
:10E32000030C0000001C0000007368616C494E463D
:10E330004F0000000000000000000000000000008E
:10E34000000000000000000043010000001C00006D
:10E3500043040000501C000004200300DDB7360217
:10E3600000000000000000000000000000000000AD
:10E370000310000000180000007368616C504152E7
:10E380005400000000000000000000000000000039
:10E39000000000000000000004000300DDB71602CA
:10E3A0000000100800000000C0FF01204000000035
:10E3B000032000000018000000736861725345528A
:10E3C00056000000000000000000000000000000F7
:10E3D000000000000000000003010000001F00001A
:10E3E000737443464700000051AA0308ADAB03080D
:10E3F000737452554E00000041AB0308C5AB0308CF
:10E400007374455252000000C9AA0308B9AB03084F
:10E4100000010000E5AB030800020100E1AB0308C6
:10E4200001000200E9AB030801020100EDAB0308A3
:10E430000304030004000000E0E3060810E40608FB
:10E440004DAA0308F1AB0308B587050800000000DA
:10E45000656F5F6C6973745F4E657728293A206534
:10E460006F5F766563746F726361706163697479FD
:10E470005F64796E616D6963206F6E6C7920696687
:10E4800020656F5F6D656D706F6F6C5F616C6C6F39
:10E49000635F64796E616D696300656F5F6D656D63
:10E4A000706F6F6C5F44656C65746528293A206FE6
:10E4B0006E6C7920772F20656F5F6D656D706F6F63
:10E4C0006C5F616C6C6F635F64796E616D69630032
:10E4D000656F765F7379735F6869645F496E6974AD
:10E4E00069616C69736528293A204E554C4C206748
:10E4F0006574637572727461736B00656F765F73B8
:10E5000079735F6869645F496E697469616C697386
:10E510006528293A204E554C4C2073746172740062
:10E52000656F765F74696D65726D616E5F68696451
:10E530005F496E697469616C69736528293A204E78
:10E54000554C4C206F6E64656C74696D65725F66C6
:10E550006E00656F765F74696D65726D616E5F6880
:10E5600069645F496E697469616C69736528293AE9
:10E57000204E554C4C206F6E6E657774696D6572D8
:10E580005F666E00756E6E616D656400656F6D5FD0
:10E590007461736B5F4E657728293A20756E7375C9
:10E5A00070706F72746564207479706500656F6D4A
:10E5B0005F7461736B5F4E657728293A206F7361D2
:10E5C0006C206769766573204E554C4C2063622D34
:10E5D0006D657373616765717565756500656F6DF0
:10E5E0005F7461736B5F4E657728293A206F7361A2
:10E5F0006C206769766573204E554C4C206D2D6DEF
:10E60000657373616765717565756500656F6D5FCD
:10E610007461736B5F4E657728293A206F73616C64
:10E62000206769766573204E554C4C2063622D61DE
:10E630007267756D656E74717565756500656F6D72
:10E640005F7461736B5F4E657728293A206F736141
:10E650006C206769766573204E554C4C206F736152
:10E660006C7461736B006970616C5F7379735F7355
:10E67000746172742829206A7573742063616C6CEC
:10E68000656400656F6D5F69706E65745F496E6982
:10E690007469616C69736528293A206F73616C2015
:10E6A00063616E74206769766520626C6F636B6965
:10E6B0006E6773656D6170686F726500656F6D5F21
:10E6C00069706E65745F496E697469616C697365C0
:10E6D00028293A204E554C4C2069706366670073B8
:10E6E0005F656F6D5F69706E65745F61747461639F
:10E6F000685F727173745F647467736F636B657462
:10E7000028293A20626C6B67657468616E646C6579
:10E71000206973206E6F7420637265617465642074
:10E720006279206F73616C00656F6D5F69706E65F3
:10E73000745F496E697469616C69736528293A2050
:10E740006F73616C2063616E742067697665206DFC
:10E75000747863616C6C6572005F496E697469619D
:10E760006C6973652829206A757374206578656300
:10E770007574656420666F722049503A20257300D5
:10E780005F496E697469616C6973652829206578D1
:10E7900065637574696E6720666F722049503A2010
:10E7A000257300656F6D5F69706E65745F496E6992
:10E7B0007469616C69736528293A206F73616C20F4
:10E7C00063616E7420676976652061206467726199
:10E7D0006D736F636B657472656164793274780010
:10E7E000656F6D5F69706E65745F496E69746961AC
:10E7F0006C69736528293A2030206D6178646174F2
:10E80000616772616D656E717565756564696E7459
:10E810007800735F656F6D5F69706E65745F7072AD
:10E820006F636573735F7472616E736D697373691F
:10E830006F6E5F646174616772616D28293A20644C
:10E840006772616D6669666F6F7574707574206943
:10E850007320656D70747900656F5F736F636B65AE
:10E86000746474675F4F70656E28293A20736F6314
:10E870006B65742063616E6E6F7420626520696ED3
:10E8800020626C6F636B696E67206D6F64652069D1
:10E8900066207478206F6E6C7900656F765F6970A2
:10E8A0006E65745F6869645F496E697469616C69FB
:10E8B000736528293A204E554C4C2061747461636D
:10E8C000685F666E00735F656F5F61726D656E761F
:10E8D0005F73686172656473657276696365735F9F
:10E8E00073796E6368726F6E69736528293A206365
:10E8F000616E6E6F742073796E63206D6F64696EE4
:10E90000666F00735F656F5F61726D656E765F73D2
:10E91000686172656473657276696365735F737944
:10E920006E6368726F6E69736528293A2063616E41
:10E930006E6F742073796E6320627264696E666FA5
:10E9400000735F656F5F61726D656E765F7368619E
:10E9500072656473657276696365735F73796E63FC
:10E9600068726F6E69736528293A2063616E6E6FF5
:10E9700074207265616420646576696E666F0065F7
:10E980006F765F656E765F6869645F496E6974690A
:10E99000616C69736528293A204E554C4C20736888
:10E9A00061726564646174615F73796E6300656F41
:10E9B000765F656E765F6869645F496E69746961E8
:10E9C0006C69736528293A204E554C4C2070726F43
:10E9D000635F6F66667365745F676574004F464674
:10E9E000004F4E00656F6D5F69706E65745F5265B4
:10E9F000736F6C766549502829206973206F76659E
:10EA0000722E204C696E6B20772F20686F737420F4
:10EA1000257320697320257300656F6D5F656D73C5
:10EA2000736F636B65745F436F6E6E6563742069AB
:10EA300073206F7665722E204C696E6B20772F20C5
:10EA4000686F7374202573206973202573006162D9
:10EA50006F757420746F2063616C6C20656F6D5FDF
:10EA6000656D73736F636B65745F436F6E6E656323
:10EA700074282920746F20686F73742025732077A1
:10EA80002F2074696D656F7574203530306D73009B
:10EA9000656F6D5F656D73646973636F76657279B9
:10EAA0006C697374656E65725F496E697469616CD7
:10EAB00069736528293A20454F4D74686549506E41
:10EAC0006574206E6F74207374617274656420794C
:10EAD000657400656F6D5F656D7372756E6E6572DE
:10EAE0005F496E697469616C69736528293A20749D
:10EAF000696D696E6773206F66207461736B732034
:10EB00006E6F7420636F6D70617469626C6500650F
:10EB10006F6D5F656D7372756E6E65725F53657450
:10EB20004D6F646528293A20656F5F656D73727556
:10EB30006E6E65725F6D6F64655F68617264726549
:10EB4000616C74696D65202E2E2E20736565206EB4
:10EB50006F746500454F4D746865454D5372756E11
:10EB60006E65720063616C6C6564205F7461736BC9
:10EB70005F737461727475702829007449444C4540
:10EB80000068775F4E4D490048414C004950414C68
:10EB9000004F53414C007365652054424C0074553E
:10EBA0004E4B4E0074494E49540050656E645356A6
:10EBB000006F73616C5F67656E6572696300697091
:10EBC00073722025642C20746964202564005265CA
:10EBD0007365727665640068775F4D656D4D616E33
:10EBE000616765006E6F6E65006F73616C5F737453
:10EBF00061636B6F7666006F73616C5F77726F6EC7
:10EC000067636667005379735469636B00535643B7
:10EC1000616C6C0068775F44656275674D6F6E006C
:10EC2000756E6B6E6F776E006F73616C5F756E7370
:10EC3000757070006F73616C5F77726F6E67706173
:10EC400072006F73616C5F6865617069736F766580
:10EC5000720049525148616E2025732054687265D4
:10EC6000616420257300747970652025730040204D
:10EC70002564206D730068775F4861726446617532
:10EC80006C740068775F55736167654661756C7475
:10EC90000068775F4275734661756C740068775FD2
:10ECA00044656661756C740068616E646C657220A1
:10ECB00025732C20636F64652030782578007230CE
:10ECC000203D20307825303878207231203D2030AA
:10ECD0007825303878007232203D20307825303861
:10ECE00078207233203D2030782530387800444633
:10ECF0005352203D20307825303878204D4D464104
:10ED000052203D2030782530387800494353522036
:10ED10003D20307825303878205348435352203DE9
:10ED2000203078253038780042464152203D20304E
:10ED300078253038782041465352203D20307825C0
:10ED40003038780043465352203D20307825303803
:10ED5000782048465352203D2030782530387800BE
:10ED600049525178006C656E6774685F6572726FA6
:10ED70007220776173207468726F776E20696E20DD
:10ED80002D666E6F2D657863657074696F6E732084
:10ED90006D6F64652077697468206D657373616752
:10EDA000652022257322003A3A53657452656775CF
:10EDB0006C6172732829004877206C696D20726538
:10EDC00061636865643A206D63703A256420637AF4
:10EDD0003A256420636F3A2564206570733A256490
:10EDE0000043414C4942203132206A2025643A20B8
:10EDF0006F66667365743D2564207A65726F3D2584
:10EE00006420006572726F722074797065362E63AB
:10EE1000757272656E743D2564004572726F722062
:10EE2000696E20636F6E76657274696E6720726FAB
:10EE3000746174696F6E20746F20656E756D2072D9
:10EE400065743A20257500656F5F726F7066726138
:10EE50006D655F524F505F506172736528293A208B
:10EE6000656F5F7061727365725F476574524F5072
:10EE700028292063616C6C656420772F204E554CE7
:10EE80004C20706172616D7300656F5F7472616EAA
:10EE9000736D69747465725F726567756C61725FBA
:10EEA000726F70735F4C6F616428293A2063616EE2
:10EEB00074206C6F6164206120726567756C61728B
:10EEC00020524F50206F662072656D6F74652076FA
:10EED00061726961626C6520772F207061796C6F57
:10EEE000616400656F5F7472616E736D69747465DF
:10EEF000725F4E657728293A20726F706672616D75
:10EF0000657265616479327478206973206E6F74FC
:10EF10002076616C696400735F656F5F7472616E07
:10EF2000736D69747465725F726F70735F4C6F613B
:10EF30006428293A2063616E742068617665204EEA
:10EF4000554C4C20726F706465732D3E6461746122
:10EF500020776974682072656D206F776E657273B3
:10EF600068697000735F656F5F7472616E736D695D
:10EF7000747465725F726F70735F4C6F616428297F
:10EF80003A206661696C7320696E2070726F6365E8
:10EF90007373696E67206120636F6E662D72657191
:10EFA00075657374005359533A2074686520707204
:10EFB0006F7879206861732072656365697665642E
:10EFC0002061207265706C792E20004346473A20FC
:10EFD00043414E646973636F76657279206861732B
:10EFE00020646574656374656420004346473A2075
:10EFF00043414E646973636F766572792063616E15
:10F000006E6F742066696E642000455448206D6FF1
:10F010006E69746F723A206C696E6B20676F6573EE
:10F0200020646F776E2000455448206D6F6E6974C0
:10F030006F723A2064657465637465642052582069
:10F04000435243206572726F722000696E207061B6
:10F050007236342074686572652061726520746848
:10F0600065205B7369676E7C696433325D2C20694F
:10F070006E207061723136205B6361706163697408
:10F08000797C73697A655D206F662070726F78791C
:10F09000206C6973742000496E20706172313620D3
:10F0A000746865726527732074686520636F727277
:10F0B0006573706F6E64696E6720636F6465202886
:10F0C000303A204F46462C20313A204F4E290049F5
:10F0D0006E20706172313620746865726527732006
:10F0E0007468652063757272656E742073746174E0
:10F0F00065206F662074686520454D5320626F61FE
:10F1000072642028303A204346472C20313A20525E
:10F11000554E2900496E2070617231362074686541
:10F120002074797065206F662073657276696365F7
:10F130002900496E20706172313620746865207430
:10F14000797065206F6620736572766963652C201F
:10F15000696E207061723634204C53203332206245
:10F160006974732074686520626974206D61736BC3
:10F17000206F66206C6F737420626F617264202848
:10F1800043414E3120696E204D5320313620626953
:10F19000747320616E642043414E3220696E204CAE
:10F1A0005320313620626974732900496E20736FD1
:10F1B0007572636561646472657373207468652039
:10F1C000654F6D6E5F736572765F63617465676FBF
:10F1D00072795F742C20696E207061723634204C15
:10F1E0005320333220626974732074686520626929
:10F1F00074206D61736B206F6620626F617264733F
:10F20000202843414E3120696E204D532031362055
:10F210006269747320616E642043414E3220696ECE
:10F22000204C53203136206269747329005359539E
:10F230003A2074686520454F4D746865454D53729A
:10F24000756E6E657220636F756C64206E6F7420CE
:10F250007478206120554450207061636B65742080
:10F260007769746820656F6D5F656D73736F636B2D
:10F2700065745F5472616E736D697428292E005332
:10F2800059533A2074686520454F4D746865454D63
:10F2900053636F6E666967757261746F7220636F16
:10F2A000756C64206E6F7420747820612055445012
:10F2B000207061636B6574207769746820656F6D79
:10F2C0005F656D73736F636B65745F5472616E73AA
:10F2D0006D697428292E00496E2070617231363AAA
:10F2E000206E756D626572206F662072657175653E
:10F2F0007374656420626F6172647320696E20307C
:10F3000078666630302C206D6178206E756D626590
:10F310007220696E203078303066662E20496E206B
:10F3200070617236343A206D61736B206F662072A3
:10F33000657175657374656420626F6172647320B2
:10F34000696E20307830303030303030306666666C
:10F350006630303030202863616E322920616E645F
:10F36000203078303030303030303030303030662F
:10F37000666666202863616E31292E004D433A206F
:10F3800041454120656E636F6465722074696D65E7
:10F390006F75742E204E6F20616E737765722066D4
:10F3A000726F6D20746865206D61676E6574696346
:10F3B00020706F736974696F6E2073656E736F72FE
:10F3C000206F6620746865206A6F696E74202863F8
:10F3D00061626C652062726F6B656E3F292E004919
:10F3E0006E207061723136207468652072657175A7
:10F3F000657374656420284D53422920616E642032
:10F400007468652061737369676E656420284C5366
:10F4100042292E00496E207061723136203D204114
:10F42000454120706F727420286D73622920616ECF
:10F4300064204944206F66206A6F696E7420286CCE
:10F440007362292E005359533A2074686520626F05
:10F4500061726420686173206465746563746564B7
:10F4600020612072657374617274206F6620746805
:10F47000652072656D6F7465207472616E7363656B
:10F48000697665722062656361757365207468656D
:10F4900020727820726F706672616D65207365717D
:10F4A00075656E6365206E756D6265722069732087
:10F4B000312E005359533A20746865726520776184
:10F4C0007320612070617273696E67206572726F5C
:10F4D00072206F66206120726563656976656420BD
:10F4E000524F502E004D433A2032464F4320777200
:10F4F0006F6E672073746174652E205468652032C6
:10F50000464F43206D6F746F7220636F6E74726F1D
:10F510006C6C657220697320696E206120636F6E68
:10F5200074726F6C207374617465206469666665BB
:10F5300072656E742066726F6D2072657175697286
:10F5400065642062792074686520454D532E00491A
:10F550006E2070617231362074686572652069733F
:10F56000206672616D652E696420616E642066722A
:10F57000616D652E73697A652028696E206D6F73E1
:10F5800074207369676E69666963616E74206E6961
:10F5900062626C65292E20496E20706172363420BB
:10F5A000746865726520697320746865206672618D
:10F5B0006D652E646174612E00496E207061723138
:10F5C0003620746865726520697320636C6173739B
:10F5D00020696E206D736220616E6420636D6469C2
:10F5E0006420696E206C73622E00534B3A2074685D
:10F5F0006520626F61726420686173207265636563
:10F600006976656420616E206F62736F6C657465E6
:10F6100020636F6D6D616E64206F66207479706514
:10F6200020656F736B5F7369676D6F64655F736986
:10F63000676E616C5F6F6C647761792E207573659E
:10F6400020656F736B5F7369676D6F64655F736966
:10F65000676E616C20696E73746561642E004D4342
:10F660003A2032464F43207175616472617475723D
:10F670006520656E636F6465722064697274792EAB
:10F6800020546865206E756D626572206F66207407
:10F690006869636B7320696E206120636F6D706CA5
:10F6A000657465207265766F6C7574696F6E206F16
:10F6B0006620746865206D6F746F722077617320A7
:10F6C0006C6F776572207468616E20657870656311
:10F6D0007465642C20746865206F70746963616C54
:10F6E000206469736B73206E65656420746F20629B
:10F6F0006520636C65616E65642E005359533A2032
:10F700007468652070726F7879206661696C732007
:10F71000746F2066696E6420616E20696E74657214
:10F720006E616C6C792073746F72656420726F7097
:10F730002E206D6179626520666F72776172642038
:10F74000726571756573742077617320657870696F
:10F750007265642E004D433A2065787465726E615F
:10F760006C206661756C7420627574746F6E2070A5
:10F770007265737365642E005359533A207468653B
:10F7800020444F207068617365206F66207468653F
:10F7900020636F6E74726F6C206C6F6F7020686185
:10F7A00073206C617374206D6F7265207468616E74
:10F7B0002077616E7465642E005359533A20746843
:10F7C00065205258207068617365206F66207468E8
:10F7D0006520636F6E74726F6C206C6F6F70206841
:10F7E0006173206C617374206D6F72652074686141
:10F7F0006E2077616E7465642E005359533A2074FD
:10F800006865205458207068617365206F662074A5
:10F81000686520636F6E74726F6C206C6F6F702000
:10F82000686173206C617374206D6F7265207468F9
:10F83000616E2077616E7465642E00455448206DBA
:10F840006F6E69746F723A206A7573742073746195
:10F85000727465642E005359533A2043414E207010
:10F8600072696E74206D657373616765207265637C
:10F8700065697665642E004D433A2032464F432039
:10F8800043414E2067656E65726963206572726FD1
:10F89000722E204572726F72732068617070656E8F
:10F8A000656420696E207468652043414E2062754E
:10F8B00073206265747765656E2074686520454DB8
:10F8C0005320616E64207468652032464F43206285
:10F8D0006F6172642E005359533A20454F74686526
:10F8E00043414E736572766963652072656365692D
:10F8F00076656420612063616E6672616D65206665
:10F90000726F6D20612077726F6E6720626F617217
:10F91000642E004346473A20454F7468655365722C
:10F92000766963657320686173206E6F74207965F2
:10F93000742066696E6973686564207665726966AD
:10F9400079696E6720746865207265717569726582
:10F95000642073657276696365732E2072657374B3
:10F9600061727420726F626F74496E746572666141
:10F9700063652E004346473A20454F746865496EDB
:10F9800065727469616C73332063616E6E6F74208D
:10F99000626520636F6E666967757265642E2054B8
:10F9A00068697320626F61726420646F6573206E92
:10F9B0006F7420737570706F72742074686973202F
:10F9C000736572766963652E004346473A20454F5A
:10F9D0007468655053432063616E6E6F7420626576
:10F9E00020636F6E666967757265642E205468695E
:10F9F0007320626F61726420646F6573206E6F7430
:10FA000020737570706F72742074686973207365E9
:10FA100072766963652E004346473A20454F746805
:10FA20006553545241494E2063616E6E6F7420627B
:10FA30006520636F6E666967757265642E20546811
:10FA4000697320626F61726420646F6573206E6FEA
:10FA50007420737570706F7274207468697320738A
:10FA60006572766963652E004346473A20454F74B8
:10FA70006865534B494E2063616E6E6F74206265FA
:10FA800020636F6E666967757265642E20546869BD
:10FA90007320626F61726420646F6573206E6F748F
:10FAA00020737570706F7274207468697320736549
:10FAB00072766963652E004346473A20454F746865
:10FAC000654D4149532063616E6E6F7420626520FD
:10FAD000636F6E666967757265642E20546869731A
:10FAE00020626F61726420646F6573206E6F742092
:10FAF000737570706F7274207468697320736572A7
:10FB0000766963652E004346473A20454F74686521
:10FB1000504F532063616E6E6F7420626520636F77
:10FB20006E666967757265642E2054686973206219
:10FB30006F61726420646F6573206E6F74207375DB
:10FB400070706F727420746869732073657276695F
:10FB500063652E004346473A20454F746865456EFD
:10FB6000636F6465725265616465722063616E6E75
:10FB70006F7420626520636F6E6669677572656475
:10FB80002E205468697320626F61726420646F650F
:10FB900073206E6F7420737570706F727420746848
:10FBA000697320736572766963652E004346473A30
:10FBB00020454F7468654D6F74696F6E436F6E7446
:10FBC000726F6C6C65722063616E6E6F742062651B
:10FBD00020636F6E666967757265642E205468696C
:10FBE0007320626F61726420646F6573206E6F743E
:10FBF00020737570706F72742074686973207365F8
:10FC000072766963652E004346473A20454F746813
:10FC10006554656D7065726174757265732063619A
:10FC20006E6E6F7420626520636F6E6669677572B1
:10FC300065642E205468697320626F617264206469
:10FC40006F6573206E6F7420737570706F7274209F
:10FC50007468697320736572766963652E00496EF6
:10FC60002070617231362074686572652069733A5C
:10FC7000206F6E206D736220746865207278206634
:10FC800069666F2073697A652C20696E206C7362D7
:10FC9000206120636F64652E00496E2070617231AF
:10FCA000362074686572652069733A206F6E206D26
:10FCB0007362207468652073697A65206F662074AA
:10FCC000786669666F2C206F6E206C7362206120ED
:10FCD000636F64652E00534B3A20756E73706563D5
:10FCE000696669656420636F64652E005359533AF1
:10FCF00020454F74686543414E736572766963654C
:10FD000020636F756C64206E6F7420706172736510
:10FD100020612072782063616E206672616D652EAD
:10FD2000005359533A2061207365727669636520E8
:10FD300068617320646574656374656420746861C8
:10FD40007420736F6D652043414E20626F61726451
:10FD50007320617265206E6F742062726F616361DF
:10FD60007374696E6720616E796D6F72652E0053D2
:10FD700059533A2061207365727669636520686122
:10FD800073207265636F766572656420736F6D654D
:10FD90002043414E20626F61726473207468617405
:10FDA0002077657265206E6F742062726F61636187
:10FDB0007374696E6720616E796D6F72652E005382
:10FDC00059533A2074686520626F617264207761CC
:10FDD00073206E6F7420666F756E6420647572692F
:10FDE0006E672074686520646973636F76657279E5
:10FDF0002070686173652E004D433A2032464F43B0
:10FE00002043414E20696E76616C69642070726F88
:10FE1000746F636F6C2E2054686520454D532061CC
:10FE20006E642032464F43206669726D7761726559
:10FE30002076657273696F6E732061726520696EDA
:10FE4000636F6D70617469626C652C20706C6561A4
:10FE50007365207570646174652E005359533A20A0
:10FE600074686520454F746865496E666F446973B0
:10FE70007061746368657220636F756C64206E6F67
:10FE80007420616363657074206120654F6D6E5FDF
:10FE9000696E666F5F70726F706572746965735FAB
:10FEA00074206974656D20696E7369646520697476
:10FEB00073207472616E736D697474696E672071FA
:10FEC000756575652E00496E2070617231363A2075
:10FED000626F617264206164647265737320696E1D
:10FEE000203078303030662E20496E2070617236B6
:10FEF000343A207365617263682074696D65205BB4
:10FF00006D735D20696E20307866666666303030CD
:10FF10003030303030303030302C20626F617264DD
:10FF2000207479706520696E20307830303030660A
:10FF300066303030303030303030302C2070726FDE
:10FF40007420696E2030783030303030306666662C
:10FF5000663030303030302C20667720696E2030AB
:10FF6000783030303030303030303066666666663B
:10FF7000662E00496E2070617231363A2066616BE0
:10FF8000652073656172636820696E203078663021
:10FF900030302C206E756D626572206F6620626F46
:10FFA0006172647320696E203078303066662E206E
:10FFB000496E2070617236343A20736561726368ED
:10FFC0002074696D65205B6D735D20696E203078EB
:10FFD0006666666630303030303030303030303049
:10FFE0002C20626F617264207479706520696E20C4
:10FFF000307830303030666630303030303030304D
:020000040807EB
:1000000030302C207265712070726F7420696E2000
:1000100030783030303030306666666630303030C0
:1000200030302C2072657120667720696E20307820
:10003000303030303030303030306666666666667C
:100040002E006170706C69636174696F6E207374E7
:1000500061746520697320696E2070617231362683
:10006000307830303066203A2030202D3E206A75BE
:1000700073742028726529737461727465642C200E
:1000800031202D3E2069646C652C2032202D3E20CD
:1000900072756E6E696E672E00496E20706F727495
:1000A0002073706563696669656420627920706198
:1000B000723136202830203D2045544820696E702A
:1000C0007574202850322F5031332F4A3429202C78
:1000D0002031203D20455448206F75747075742080
:1000E0002850332F5031322F4A3529202C203220EE
:1000F0003D20696E7465726E616C292E20417070AE
:100100006C69636174696F6E2073746174652069D2
:100110007320696E206D6F7374207369676E6966F2
:100120006963616E74206E6962626C65206F66201F
:1001300070617236343A2030202D3E204E2F412CF3
:100140002031202D3E2069646C652C2033202D3E0B
:100150002072756E6E696E672E00496E20706F7228
:1001600074207370656369666965642062792070C4
:1001700061723136202830203D2045544820696E78
:10018000707574202850322F5031332F4A34292073
:100190002C2031203D20455448206F7574707574B3
:1001A000202850332F5031322F4A3529202C20322D
:1001B000203D20696E7465726E616C292E2020418D
:1001C00070706C69636174696F6E207374617465BB
:1001D000206973206D6F7374207369676E69666937
:1001E00063616E74206E6962626C65206F66207058
:1001F000617236343A2030202D3E204E2F412C2083
:1002000031202D3E2069646C652C2033202D3E204A
:1002100072756E6E696E672E004D433A206F76657B
:100220007268656174696E672E2054656D706572C1
:100230006174757265206861726477617265206CA3
:10024000696D69742065786365656465642E205402
:100250006865206D6F746F722068617320626565D8
:100260006E207475726E6564206F666620746F20F0
:1002700070726576656E742069742066726F6D2089
:100280006265696E672064616D616765642062798B
:10029000206F76657268656174696E672E005359C8
:1002A000533A2061207365727669636520686173D3
:1002B000207265636F766572656420616C6C2043A3
:1002C000414E20626F61726473207468617420779C
:1002D000657265206E6F74207472616E736D6974DF
:1002E00074696E672E005359533A2061207365720A
:1002F00076696365206861732064657465637465FD
:1003000064207468617420736F6D652043414E20D2
:10031000626F6172647320617265207374696C6CC2
:10032000206E6F74207472616E736D697474696E7F
:10033000672E005359533A20454F74686543414E28
:100340007365727669636520726563656976656455
:1003500020612063616E6672616D652063617573F3
:100360006564206279204D4149536275672E0049CA
:100370006E207061723136203D204944206F662026
:10038000746865206A6F696E742E20496E207061F2
:1003900072363420307846464646206973207468A9
:1003A00065206D61736B206F6620746865207261D3
:1003B0007720746D7065726174757265206665650D
:1003C000646261636B2E005359533A207468652050
:1003D000626F6172642068617320696E636F6D7013
:1003E000617469626C652066772070726F746F63E8
:1003F0006F6C2076657273696F6E2E00496E207087
:100400006172313620746865726520697320726587
:100410007175697265642070726F742C20696E202A
:100420007061723634207468657265206973206467
:100430006574656374656420747970652C206677D3
:1004400020616E642070726F742076657273696FBC
:100450006E2E006F6E207468652073706563696628
:100460006965642043414E20627573206164647243
:100470002E20496E20706172363420746865726572
:100480002069732074686520747970652C20667704
:1004900020616E642070726F742076657273696F6C
:1004A0006E2E005359533A2061207365727669634A
:1004B0006520686173206465746563746564207485
:1004C00068617420736F6D652043414E20626F61D7
:1004D00072647320686176652073746F70706564F0
:1004E000207472616E736D697373696F6E2E004351
:1004F00046473A20454F7468655053432063616E08
:100500006E6F7420626520636F6E666967757265D1
:10051000642E2069742077617320616C7265616458
:1005200079206163746976617465642077697468A1
:1005300020646966666572656E7420636F6E6669B5
:100540006775726174696F6E2E004346473A2045A5
:100550004F7468654D4149532063616E6E6F74201E
:10056000626520636F6E666967757265642E2069C7
:10057000742077617320616C7265616479206163B6
:10058000746976617465642077697468206469664B
:10059000666572656E7420636F6E666967757261F9
:1005A00074696F6E2E004346473A20454F74686564
:1005B000504F532063616E6E6F7420626520636FCD
:1005C0006E666967757265642E2069742077617341
:1005D00020616C726561647920616374697661740D
:1005E0006564207769746820646966666572656E03
:1005F0007420636F6E66696775726174696F6E2EC1
:100600000048573A2073747261696E2076616C7588
:1006100065732073617475726174696F6E2E005317
:1006200059533A2074686520626F61726420686172
:100630007320646574656374656420616E20696EFF
:1006400076616C696420726F706672616D65206995
:100650006E20726563657074696F6E2E0053595316
:100660003A207468652048414C20636F756C6420A3
:100670006E6F742070757420612043414E20667245
:10068000616D6520696E207278206669666F2E0044
:100690005359533A20454F74686543414E73657210
:1006A0007669636520636F756C64206E6F7420617A
:1006B000646420612043414E206672616D6520694B
:1006C0006E207478206669666F2E005359533A2065
:1006D000454F74686543414E736572766963652062
:1006E00068617665206A7573742070757420612066
:1006F00063616E206672616D6520696E207478207A
:100700006669666F2E004346473A2063616E6E6FDE
:1007100074206C6F6164206120726567756C617212
:1007200020726F702E00455448206D6F6E69746F93
:10073000723A206C696E6B20676F65732075702E3E
:10074000005359533A2061207365727669636520BE
:100750006861732076657269666965642074686192
:100760007420746865205458206F66206974732063
:1007700043414E20626F6172647320697320726519
:1007800067756C61722E00496E207061723634207C
:100790007468657265206973207468652065787077
:1007A0006563746564206E756D6265722E005359C1
:1007B000533A2074686520626F61726420686173C7
:1007C000206465746563746564206120686F6C657E
:1007D00020696E20727820726F706672616D65207C
:1007E00073657175656E6365206E756D6265722ED9
:1007F00000496E207061723136207468656972201C
:100800006E756D6265722E005359533A2074686597
:100810002063616E20646973636F766572792073FB
:1008200065727669636520646574656374656420C8
:100830007468617420736F6D6520626F6172647398
:1008400020617265206D697373696E672E2043683D
:1008500065636B20776974682063616E4C6F6164B7
:1008600065722E005359533A20454F7468654341D1
:100870004E73657276696365206861732064657480
:10088000656374656420612067656E6572696320C5
:100890006572726F722E005359533A207468652046
:1008A00048414C2074726967676572656420616EA7
:1008B000206572726F722E005359533A2074686526
:1008C000204950414C2074726967676572656420E5
:1008D000616E206572726F722E005359533A207404
:1008E0006865204F53414C20747269676765726573
:1008F0006420616E206572726F722E004D433A2043
:1009000067656E65726963206D6F746F72206572C2
:10091000726F722E004D433A2068617264206C69D8
:100920006D697420726561636865642E2054686522
:10093000206A6F696E7420706F736974696F6E20BE
:100940006973206F757473696465206974732068B6
:100950006172647761726520626F756E646172693D
:1009600065732E004D433A2032464F432071756126
:100970006472617475726520656E636F6465722060
:1009800070686173652062726F6B656E2E205468AB
:1009900065206D6F746F7220656E636F6465722081
:1009A0006973206E6F7420636F756E74696E672053
:1009B0006576656E20696620746865206D6F746F5A
:1009C00072206973206D6F76696E672C20706C657C
:1009D00061736520636865636B206D6F746F72204F
:1009E000656E636F646572206361626C65732E006F
:1009F0004D433A2032464F432071756164726174F1
:100A000075726520656E636F64657220696E6465DA
:100A1000782062726F6B656E2E2054686520726557
:100A2000666572656E6365207370656369616C20CD
:100A3000746869636B20776173206E6F74206465DE
:100A400074656374656420647572696E67206120E3
:100A5000636F6D706C657465207265766F6C75740C
:100A6000696F6E206F6620746865206D6F746F7299
:100A70002C20706C6561736520636865636B206D05
:100A80006F746F7220656E636F646572206361625C
:100A90006C65732E00496E20706172363420746864
:100AA0006572652061726520746865207365617286
:100AB0006368656420616464726573736573207232
:100AC0006570726573656E746564206173206E690C
:100AD00062626C65732E00496E207061723634203C
:100AE0007468657265206172652074686520666F40
:100AF000756E6420616464726573736573207265DA
:100B000070726573656E746564206173206E6962CE
:100B1000626C65732E00496E207061723634204D10
:100B200053203332206269747320746865726520C3
:100B300069732074686520626974206D61736B202D
:100B40006F66207468652073656172636865642CE4
:100B500020696E204C5320333220626974732074F4
:100B60006865206D61736B206F6620746865206610
:100B70006F756E64206F6E65732E004D433A204191
:100B8000454120656E636F64657220696E76616CA5
:100B9000696420646174612E2048617264776172B7
:100BA000652070726F626C656D20696E2074686577
:100BB000206D61676E6574696320706F7369746915
:100BC0006F6E2073656E736F72206F662074686538
:100BD000206A6F696E742063617573656420696E45
:100BE00076616C696420706F736974696F6E2072CE
:100BF000656164696E67732E004D433A20746F72AD
:100C00007175652073656E736F722074696D656FA1
:100C100075742E20546865206A6F696E742069733C
:100C200020696E206120636F6D706C69616E742045
:100C3000696E746572616374696F6E206D6F64654F
:100C4000206F7220746F7271756520636F6E74729D
:100C50006F6C206D6F64652C20616E64206461741C
:100C6000612066726F6D20746F7271756520736597
:100C70006E736F722068617665206265656E20759F
:100C80006E617661696C61626C6520666F72206D61
:100C90006F7265207468616E20313030206D732E64
:100CA000004D433A2032464F432043414E206E6F61
:100CB00020616E737765722E2054686520636F6DB6
:100CC0006D756E69636174696F6E206265747765B6
:100CD000656E2074686520454D5320616E642074F4
:100CE00068652032464F4320626F617264206861FC
:100CF00073206265656E206C6F737420666F72205E
:100D00006D6F7265207468616E203530206D732EB2
:100D1000004D433A2032464F432068616C6C20738B
:100D2000656E736F7273206661756C742E20496EE8
:100D300076616C69642073657175656E63652069A1
:100D40006E206D6F746F722048616C6C20656666F2
:100D50006563742073656E736F72732C20706C659D
:100D600061736520636865636B206D6F746F7220BB
:100D700068616C6C206361626C6520636F6E6E6588
:100D80006374696F6E732E004346473A20454F7473
:100D90006865496E65727469616C7333207365723E
:100DA00076696365206973207573696E672074685E
:100DB00065206C6F63616C2064656661756C74207E
:100DC000636F6E66696775726174696F6E206261C8
:100DD000736564206F6E20697473204950206164CC
:100DE00064726573732E004346473A20454F74681A
:100DF000655053432073657276696365206973207B
:100E00007573696E6720746865206C6F63616C2010
:100E100064656661756C7420636F6E666967757270
:100E20006174696F6E206261736564206F6E206902
:100E3000747320495020616464726573732E00439B
:100E400046473A20454F74686553545241494E20F5
:100E500073657276696365206973207573696E675F
:100E600020746865206C6F63616C206465666175D1
:100E70006C7420636F6E66696775726174696F6EFA
:100E8000206261736564206F6E206974732049501D
:100E900020616464726573732E004346473A2045AF
:100EA0004F746865534B494E20736572766963656C
:100EB000206973207573696E6720746865206C6F94
:100EC00063616C2064656661756C7420636F6E6627
:100ED000696775726174696F6E2062617365642001
:100EE0006F6E206974732049502061646472657369
:100EF000732E004346473A20454F7468654D41497B
:100F00005320736572766963652069732075736910
:100F10006E6720746865206C6F63616C2064656621
:100F200061756C7420636F6E666967757261746950
:100F30006F6E206261736564206F6E206974732028
:100F4000495020616464726573732E004346473ACA
:100F500020454F746865504F5320736572766963FE
:100F600065206973207573696E6720746865206CED
:100F70006F63616C2064656661756C7420636F6E6D
:100F800066696775726174696F6E2062617365640A
:100F9000206F6E206974732049502061646472650B
:100FA00073732E004346473A20454F7468654D6F72
:100FB00074696F6E436F6E74726F6C6C65722073C0
:100FC000657276696365206973207573696E672041
:100FD000746865206C6F63616C2064656661756C14
:100FE0007420636F6E66696775726174696F6E20D5
:100FF0006261736564206F6E2069747320495020AC
:10100000616464726573732E004346473A20454F0E
:1010100074686554656D706572617475726573206E
:1010200073657276696365206973207573696E678D
:1010300020746865206C6F63616C206465666175FF
:101040006C7420636F6E66696775726174696F6E28
:10105000206261736564206F6E206974732049504B
:1010600020616464726573732E004857202D2065DB
:101070006E636F6465723A2074686520706F73697F
:1010800074696F6E20646174612069732076616C8D
:1010900069642C2062757420736F6D65206F7065B4
:1010A000726174696E6720636F6E646974696F6ED4
:1010B000732061726520636C6F736520746F206CA0
:1010C000696D6974732E005359533A207468652012
:1010D00063616E20646973636F76657279207365EE
:1010E00072766963652073656172636865642074F4
:1010F000686520666F6C6C6F77696E6720626F61E0
:10110000726473206F6E2074686520737065636904
:10111000666965642043414E206275732E00535901
:10112000533A207468652063616E20646973636F4D
:1011300076657279207365727669636520666F756E
:101140006E642074686520666F6C6C6F77696E677B
:1011500020626F61726473206F6E20746865207303
:1011600070656369666965642043414E20627573EA
:101170002E005359533A20454F74686543414E73CE
:1011800065727669636520636F756C64206E6F7439
:10119000207478206672616D6573206F6E20434104
:1011A0004E206275732E005359533A20746865209F
:1011B000454F4D746865454D5372756E6E6572206E
:1011C000636F756C64206E6F7420656974686572F6
:1011D000207061727365206F7220666F726D20617E
:1011E00020554450207061636B65742E0053595331
:1011F0003A20454F74686543414E73657276696362
:101200006520636F756C64206E6F7420666F726DFD
:1012100020612063616E207061636B65742E004DE8
:10122000433A2071656E63206572726F7220686147
:10123000732064697361707065617265642C2077D6
:1012400061726E696E6720636F756E746572206877
:101250006173206265656E2072657365742E004D42
:10126000433A206F76657263757272656E742E20D4
:10127000546865206D6F746F7220686173206265B9
:10128000656E207475726E6564206F666620746F7B
:101290002070726576656E742069742066726F6D59
:1012A000206265696E672064616D616765642062B4
:1012B0007920616E20696D70756C73697665207335
:1012C00070696B65206F662063757272656E742E2F
:1012D000004D433A20693274206C696D6974206551
:1012E000786365656465642E20546865206D6F744D
:1012F0006F7220686173206265656E207475726E0E
:101300006564206F666620746F2070726576656E06
:10131000742069742066726F6D206265696E672043
:1013200064616D61676564206279206F76657268BB
:10133000656174696E672064756520746F20612033
:10134000636F6E74696E756F757320686967682066
:1013500063757272656E742E004D433A20414541AB
:1013600020656E636F6465722068617320737069B5
:101370006B65732E20546865726520697320696DF2
:1013800070756C73697665206E6F69736520696E20
:1013900020746865206D65617375726573206F6672
:1013A00020746865206D61676E6574696320706F75
:1013B000736974696F6E2073656E736F72206F66E8
:1013C00020746865206A6F696E742E00496E207003
:1013D0006172363420307846302069732074686535
:1013E000206D61736B206F66207265717565737413
:1013F00065642073746174652C20307830462069F0
:101400007320746865206D61736B206F6620616363
:101410007475616C2073746174652E207061723113
:1014200036203D204944206F66206A6F696E742E15
:1014300000496E207061723634203078464620694B
:101440007320746865206D61736B206F6620726114
:101450007720656E636F6465722076616C75652EAA
:10146000207061723136203D204944206F66206A29
:101470006F696E742E00496E207061723136203DA6
:10148000204944206F66206A6F696E742E004346BF
:10149000473A20454F746865496E65727469616C9E
:1014A0007333207365727669636520776173206E8C
:1014B0006F74207665726966696564207965742C3D
:1014C00020746875732069742063616E6E6F742078
:1014D00073746172742E004346473A20454F746816
:1014E0006550534320736572766963652077617335
:1014F000206E6F742076657269666965642079650F
:10150000742C20746875732069742063616E6E6F2B
:10151000742073746172742E004346473A20454F1D
:1015200074686553545241494E20736572766963FD
:101530006520776173206E6F7420766572696669C5
:101540006564207965742C20746875732069742033
:1015500063616E6E6F742073746172742E00434603
:10156000473A20454F746865534B494E2073657266
:101570007669636520776173206E6F74207665727B
:101580006966696564207965742C207468757320B8
:1015900069742063616E6E6F742073746172742E4F
:1015A000004346473A20454F7468654D41495320F2
:1015B0007365727669636520776173206E6F74203E
:1015C0007665726966696564207965742C20746833
:1015D00075732069742063616E6E6F74207374611B
:1015E00072742E004346473A20454F746865504F49
:1015F00053207365727669636520776173206E6F1F
:1016000074207665726966696564207965742C203A
:10161000746875732069742063616E6E6F742073D3
:10162000746172742E004346473A20454F746865D2
:10163000456E636F6465725265616465722073659F
:10164000727669636520776173206E6F74207665AA
:10165000726966696564207965742C207468757395
:101660002069742063616E6E6F742073746172748C
:101670002E004346473A20454F7468654D6F7469A4
:101680006F6E436F6E74726F6C6C657220736572EF
:101690007669636520776173206E6F74207665725A
:1016A0006966696564207965742C20746875732097
:1016B00069742063616E6E6F742073746172742E2E
:1016C000004346473A20454F74686554656D706520
:1016D00072617475726573207365727669636520D3
:1016E000776173206E6F74207665726966696564D0
:1016F000207965742C207468757320697420636187
:101700006E6E6F742073746172742E005359533A65
:10171000207468652070726F787920686173206624
:101720006F7277617265646564206120726571759E
:101730006573742E005359533A2074686520707293
:101740006F7879206661696C7320746F20666F72A0
:1017500077617264206120726571756573742E0003
:10176000696E20706172363420746865726520611C
:10177000726520746865205B7369676E7C69643389
:10178000325D2C20696E207061723136205B63619E
:101790007061636974797C73697A655D206F662016
:1017A00070726F7879206C6973742E20696620706E
:1017B0006172313620697320302C207468656E2088
:1017C00074686520726F7020636F756C64206E6F33
:1017D000742062652074782E005359533A2074683F
:1017E0006520626F6172642069732072756E6E6924
:1017F0006E672068617070696C792E005359533A96
:1018000020746865207570646174652063616C6C18
:101810006261636B2063616C6C6564206279206136
:101820002070726F787920666F72776172642066BB
:1018300061696C7320746F206F70657261746520CC
:1018400070726F7065726C792E0020706172313623
:10185000263078663030303A206E756D62657220C1
:101860006F66206A6F696E743B207072696D617279
:101870007920656E63733A206661696C75726520C4
:101880006D61736B20696E2070617231362630781D
:101890003030306620616E64206572726F72636FE3
:1018A00064657320696E207061723634263078303A
:1018B000303030666666663B207365636F6E6461C8
:1018C000727920656E63733A206661696C75726522
:1018D000206D61736B20696E207061723136263025
:1018E000783030663020616E64206572726F72638A
:1018F0006F64657320696E207061723634263078AB
:1019000066666666303030300044454255473A20BE
:1019100074616730300044454255473A207461672E
:1019200030310044454255473A20746167303200F7
:10193000496E207061723136206E756D206F6620A1
:10194000706174636865732E20496E207061723611
:10195000342066726F6D206C736220746F206D731B
:1019600062206D61736B73206F663A206D697373CB
:10197000696E672063616E312C2063616E322C20AA
:10198000666F756E642062757420696E636F6D702A
:10199000617469626C652063616E312C2063616ED5
:1019A000320063616E206164647265737320696ED6
:1019B0002070617231362C2070726F7420616E64F9
:1019C000207665727320696E207061723634206CE7
:1019D0006F77657220333220626974732E204279EA
:1019E00074652035206F662070617236343A20307D
:1019F0007830312069732073747261696E2C2030E5
:101A00007830322069732073747261696E320044D9
:101A1000454255473A20746167303300444542558A
:101A2000473A2074616730340044454255473A20B4
:101A300074616730350044454255473A2074616708
:101A40003036004578706563746564207365717520
:101A5000656E6365206E756D62657220696E2070BB
:101A60006172363420616E64206E756D626572201D
:101A70006F6620646574656374656420696E2070A8
:101A80006172313600287573206D696E2C20757374
:101A900020617665726167652C207573206D6178B1
:101AA0002C206D7320706572696F64292069732022
:101AB000696E2070617236342C20746872656164BE
:101AC00020696420696E207061723136004445429D
:101AD00055473A207461673037004346473A2074CF
:101AE0006865424154736572766963652069732045
:101AF0004F4B004346473A207468654654736572FD
:101B000076696365206973204F4B00696E207061B0
:101B1000723634207468657265206172652074685D
:101B200065205B307C696433325D00496E207061F2
:101B30007231363A20545820657865637574696F40
:101B40006E2074696D65205B757365635D2E204939
:101B50006E2070617236343A206E756D206F66208B
:101B600074782063616E3220616E642063616E312F
:101B7000206672616D657320616E64206C617465AE
:101B800073742070726576696F757320657865630C
:101B90007574696F6E2074696D6573206F6620546B
:101BA000582C2052582C20444F205B757365635D80
:101BB00000496E2070617231363A20444F206578BA
:101BC00065637574696F6E2074696D65205B7573EC
:101BD00065635D2E20496E2070617236343A206C48
:101BE00061746573742070726576696F75732065B2
:101BF0007865637574696F6E2074696D6573206FA5
:101C0000662052582C20444F2C2054582C205258D7
:101C1000205B757365635D00496E207061723136BB
:101C20003A20525820657865637574696F6E207428
:101C3000696D65205B757365635D2E20496E20704C
:101C4000617236343A206C61746573742070726509
:101C500076696F757320657865637574696F6E203A
:101C600074696D6573206F662054582C2052582C6F
:101C700020444F2C205458205B757365635D002011
:101C8000496E207061723136207468657265206912
:101C900073206672616D652E696420616E642066D2
:101CA00072616D652E73697A652028696E206D6F8B
:101CB0007374207369676E69666963616E74206E00
:101CC0006962626C65292E20496E2070617236341B
:101CD0002074686572652069732074686520667277
:101CE000616D652E646174610044454255473A2038
:101CF0006877206661756C743120646574656374FF
:101D000065643A20696E20706172313620746865AE
:101D100072652061726520636F6E74726F6C6D6F97
:101D2000646573746174757320696E206C736220CE
:101D3000616E64206672616D655B315D20696E2045
:101D40006D73620044454255473A206877206661CA
:101D5000756C74322064657465637465643A2069D7
:101D60006E20706172313620746865726520617210
:101D70006520636F6E74726F6C6D6F6465737461F0
:101D800074757320696E206C736220616E642066C6
:101D900072616D655B315D20696E206D7362004418
:101DA000454255473A206877206661756C74332048
:101DB00064657465637465643A20696E207061724D
:101DC00031362074686572652061726520636F6EBC
:101DD00074726F6C6D6F6465737461747573206970
:101DE0006E206C736220616E64206672616D655B4B
:101DF000315D20696E206D7362005359533A20544F
:101E0000582070686173652061766572616765202E
:101E1000657865637574696F6E2074696D656300BC
:101E2000534B3A2074686520736B696E207472613D
:101E30006E736D697373696F6E206861732062657C
:101E4000656E207377697463686564004346473A3A
:101E500020454F746865496E65727469616C332002
:101E600063616E6E6F7420626520636F6E66696772
:101E700075726564004346473A20454F7468655360
:101E80004B494E2063616E6E6F7420626520636FF4
:101E90006E66696775726564004346473A20454F30
:101EA00074686554656D70657261747572657320D0
:101EB00063616E6E6F7420626520636F6E66696722
:101EC00075726564004346473A20454F746865491A
:101ED0006E65727469616C332063616E2062652087
:101EE000636F72726563746C7920636F6E66696785
:101EF00075726564004346473A20454F74686550E3
:101F000053432063616E20626520636F7272656364
:101F1000746C7920636F6E666967757265640043DF
:101F200046473A20454F74686553545241494E2004
:101F300063616E20626520636F72726563746C7991
:101F400020636F6E66696775726564004346473A41
:101F500020454F746865534B494E2063616E206283
:101F60006520636F72726563746C7920636F6E664F
:101F7000696775726564004346473A20454F746847
:101F8000654D4149532063616E20626520636F7225
:101F9000726563746C7920636F6E666967757265CC
:101FA00064004346473A20454F746865504F5320BC
:101FB00063616E20626520636F72726563746C7911
:101FC00020636F6E66696775726564004346473AC1
:101FD00020454F746865456E636F64657252656134
:101FE0006465722063616E20626520636F72726542
:101FF00063746C7920636F6E6669677572656400DF
:102000004346473A20454F74686554656D70657264
:102010006174757265732063616E20626520636F01
:1020200072726563746C7920636F6E66696775722E
:102030006564005359533A2074686520454F7468AD
:10204000654D656D6F7279506F6F6C20697320728A
:102050006571756573746564206279746573206257
:102060007574206974206973206E6F7420796574AB
:1020700020696E697469616C6973656400485720F2
:102080002D20656E636F6465723A206E6F742063F5
:102090006F6E6E6563746564004346473A20434142
:1020A0004E646973636F76657279206465746563E5
:1020B000746564004346473A20454F746865496E2D
:1020C00065727469616C332063616E6E6F74206237
:1020D0006520636F6E666967757265642E20736F25
:1020E0006D652073656E736F727320617265206E0B
:1020F0006F7420737570706F727465640043464727
:102100003A2074686542415473657276696365204C
:102110006973206E6F7420737570706F727465646C
:10212000004346473A207468654654736572766981
:102130006365206973206E6F7420737570706F72A1
:10214000746564005359533A2061205544502070FF
:1021500061636B657420636F756C64206E6F7420AF
:102160006265207472616E736D6974746564004891
:1021700057202D20656E636F6465723A2074686520
:1021800020706F736974696F6E2064617461206977
:1021900073206E6F742076616C6964004857202D3F
:1021A00020656E636F6465723A20696E766572743D
:1021B00065642043524320697320696E76616C69BF
:1021C00064005359533A20657865637574696F6E7E
:1021D0002074696D652073746174697374696373C5
:1021E00020286D696E2C20617665726167652C20F0
:1021F0006D61782920757320696E20612070657289
:10220000696F64005359533A207468652063616EA6
:1022100020646973636F766572792073657276697D
:10222000636520666F756E642074686520626F61F7
:102230007264004D6F72652064657461696C73200F
:10224000696E20706172313620616E642070617237
:10225000363420616E6420696E20736F7572636519
:1022600020636F646500496E20706172313620749E
:10227000686572652069732074686520636F6465A2
:1022800000496E2070617231362074686572652075
:102290006973207468652072656C6576616E742060
:1022A00068616C20636F646500496E2070617231F3
:1022B00036207468657265206973207468652072C1
:1022C000656C6576616E74206970616C20636F6403
:1022D0006500496E207061723136207468657265E0
:1022E000206973207468652072656C6576616E7410
:1022F000206F73616C20636F646500546865206DA6
:102300006573736167652069732073746F726564A8
:1023100020696E736964652070617236342E2049BD
:102320006E2070617231362069732073746F72652C
:1023300064207468652073697A65206F662074680C
:1023400065206D65737361676520666F72207468C0
:10235000652073696E676C65206672616D65004506
:102360005448206D6F6E69746F723A2074686520EE
:10237000626F617264206C6F77206C6576656C208B
:102380004554482064657465637465642061206DFC
:10239000697373696E6720726F706672616D650034
:1023A0005359533A20444F20706861736520617619
:1023B000657261676520657865637574696F6E2005
:1023C00074696D65005359533A2052582070686102
:1023D00073652061766572616765206578656375F0
:1023E00074696F6E2074696D65005359533A2044C7
:1023F0004F207068617365206D696E206578656334
:102400007574696F6E2074696D65005359533A2075
:102410005258207068617365206D696E206578651B
:10242000637574696F6E2074696D65005359533A12
:10243000205458207068617365206D696E2065783E
:1024400065637574696F6E2074696D6500535953C7
:102450003A20444F207068617365206D6178206573
:102460007865637574696F6E2074696D6500535982
:10247000533A205258207068617365206D6178204E
:10248000657865637574696F6E2074696D65005356
:1024900059533A205458207068617365206D6178F3
:1024A00020657865637574696F6E2074696D650069
:1024B000626F6172647320496E2070617231363AC6
:1024C0002063616E32206D617020696E2030786605
:1024D0006666662E20496E2070617236343A20633B
:1024E000616E31206D617020696E2030786666669D
:1024F000663030303030303030303030302C206288
:102500006F617264207479706520696E2030783054
:102510003030306666303030303030303030302C53
:10252000207265712070726F7420696E203078306F
:102530003030303030666666663030303030302CC7
:102540002072657120667720696E203078303030D7
:10255000303030303030306666666666662E204930
:10256000662070726F7420616E64206677206172DD
:1025700065207A65726F2C20736561726368206FC5
:102580006E20627573206973206E6F7420646F6EA5
:102590006500496E2070617231362074686572651D
:1025A0002069732074686520626F61726420747999
:1025B0007065004346473A20454F746865496E652B
:1025C000727469616C3320686173206368616E673F
:1025D00065642074686520726571756573746564DF
:1025E0002072617465004346473A20454F74686520
:1025F00050534320686173206368616E676564208F
:1026000074686520726571756573746564207261A4
:102610007465004346473A20454F746865504F53F0
:1026200020686173206368616E6765642074686503
:1026300020726571756573746564207261746500DC
:102640004346473A20454F74686554656D7065721E
:1026500061747572657320686173206368616E6769
:10266000656420746865207265717565737465644E
:10267000207261746500496E2070617231363A20B3
:1026800074617267657420626F617264207479701E
:102690006520696E2030786666303020616E642077
:1026A0006E756D626572206F66206D697373696EF9
:1026B0006720696E203078303030662E20496E20D9
:1026C00070617236343A2073656172636820746990
:1026D0006D65205B6D735D20696E2030786666667F
:1026E000663030303030303030303030302C206D8B
:1026F00061736B206F66206D697373696E6720610B
:10270000646472657373657320696E20307830304D
:1027100030303030303030303030666666660049F8
:102720006E20706F7274207370656369666965648A
:10273000206279207061723136202830203D20459A
:10274000544820696E707574202850322F503133F0
:102750002F4A3429202C2031203D20455448206F19
:102760007574707574202850332F5031322F4A35CC
:1027700029202C2032203D20696E7465726E616CB8
:10278000292E20204170706C69636174696F6E201E
:10279000737461746520697320696E206D6F737442
:1027A000207369676E69666963616E74206E696221
:1027B000626C65206F662070617236343A2030207A
:1027C0002D3E204E2F412C2031202D3E2069646C5F
:1027D000652C2033202D3E2072756E6E696E672E3B
:1027E000204E756D626572206F66206572726F7221
:1027F0007320696E207061723634263078666666A2
:1028000066666666660075732074696D6520696E1C
:102810002070617231362C206D7320706572696F83
:102820006420696E2070617236342026203078660C
:10283000666666004346473A2074686542415473B1
:10284000657276696365206973207573696E6720A8
:102850006F6E626F61726420636F6E6669670043BA
:1028600046473A20746865465473657276696365B5
:10287000206973207573696E67206F6E626F617275
:102880006420636F6E666967005359533A20746819
:102890006520626F61726420697320626F6F747368
:1028A0007472617070696E67005359533A20756E87
:1028B00073706563696669656420636F64652E2063
:1028C0004974206D617920626520746861742045C7
:1028D0004F7468654572726F724D616E61676572A3
:1028E000206973207374696C6C2063616C6C65641F
:1028F00020776974682061204E554C4C20654F65E7
:1029000072726D616E44657363726970746F725F29
:10291000742A20706172616D005359533A207468B3
:102920006520626F6172642069732072756E6E69D2
:102930006E6720696E20666174616C206572726FCB
:10294000722073746174652E20636865636B2070F8
:10295000726576696F7573206572726F7273207419
:102960006F2076657269667920746865207265618A
:10297000736F6E005359533A2074626420636F641E
:10298000652E205765206D757374206465636964D6
:102990006520686F7720746F206D616E61676520B8
:1029A0007468697320636F64652E2069742069738D
:1029B00020776970005359533A20612066756E6321
:1029C00074696F6E2068617320612077726F6E6723
:1029D00020706172616D65746572005365652036A3
:1029E0003420626974206D61736B20706172616D57
:1029F00065746572004346473A2043414E646973EB
:102A0000636F766572792073746172746564207483
:102A100068652073656172636820666F7200434663
:102A2000473A20454F746865496E65727469616CF8
:102A3000332063616E6E6F7420626520636F6E6613
:102A40006967757265642E2067656E6572696320BB
:102A50006572726F72004346473A20454F7468654D
:102A600054656D7065726174757265732063616E13
:102A70006E6F7420626520636F6E6669677572653C
:102A8000642E2067656E65726963206572726F726D
:102A9000005359533A20646574656374656420611A
:102AA0002072756E74696D65206572726F72004177
:102AB000533A20756E6B6E6F776E2073656E736F11
:102AC000720049533A20756E6B6E6F776E20736596
:102AD0006E736F72004346473A20746865465473BC
:102AE0006572766963652063616E6E6F74206765D9
:102AF000742066756C6C7363616C65730053595315
:102B00003A2074686520454F7468654D656D6F7235
:102B100079506F6F6C20697320726571756573747D
:102B20006564203020627974657300534B3A2074D9
:102B3000686520626F6172642068617320726563EA
:102B400065697665642061206D65737361676520D2
:102B500066726F6D2074686520736B696E20657690
:102B6000656E2069662069742073686F756C6420D7
:102B7000626520696E20612073696C656E636564AF
:102B8000206D6F64616C6974792E20437572726573
:102B90006E74207374617465206F6620746865209C
:102BA000454D5320626F617264206973004346474C
:102BB0003A20454F746865456E636F64657252656F
:102BC000616465722063616E6E6F7420626520635C
:102BD0006F6E666967757265643A207665726966BC
:102BE00069636174696F6E206661696C7300434646
:102BF000473A20454F746865496E65727469616C27
:102C0000332063616E6E6F7420626520636F6E6641
:102C10006967757265642E2043414E646973636F02
:102C200076657279206661696C73004346473A2085
:102C3000454F7468655053432063616E6E6F742016
:102C4000626520636F6E666967757265642E2043E6
:102C5000414E646973636F76657279206661696C51
:102C600073004346473A20454F74686553545241B8
:102C7000494E2063616E6E6F7420626520636F6ED3
:102C8000666967757265642E2043414E646973639B
:102C90006F76657279206661696C73004346473AC6
:102CA00020454F746865534B494E2063616E6E6FCB
:102CB0007420626520636F6E666967757265642E45
:102CC0002043414E646973636F7665727920666153
:102CD000696C73004346473A20454F7468654D411F
:102CE00049532063616E6E6F7420626520636F6E5E
:102CF000666967757265642E2043414E646973632B
:102D00006F76657279206661696C73004346473A55
:102D100020454F746865504F532063616E6E6F7429
:102D200020626520636F6E666967757265642E2028
:102D300043414E646973636F766572792066616999
:102D40006C73004346473A20454F74686554656D7F
:102D50007065726174757265732063616E6E6F74F5
:102D600020626520636F6E666967757265642E20E8
:102D700043414E646973636F766572792066616959
:102D80006C73004346473A20454F7468654D6F7435
:102D9000696F6E436F6E74726F6C6C6572206361E5
:102DA0006E6E6F7420626520636F6E666967757200
:102DB00065642E20766572696669636174696F6EF9
:102DC000206F6620656E636F646572206661696C52
:102DD0007320666F72206D6334706C7573706D63F1
:102DE0002E20736565206F74686572206D6573733E
:102DF0006167657320666F72206D6F726520646510
:102E00007461696C73004346473A20454F746865A6
:102E10004D6F74696F6E436F6E74726F6C6C657218
:102E20002063616E6E6F7420626520636F6E6669E9
:102E300067757265642E2076657269666963617470
:102E4000696F6E206F6620656E636F6465722066C1
:102E500061696C7320666F72206D6332706C75737C
:102E60007073632E20736565206F74686572206DC2
:102E70006573736167657320666F72206D6F72652D
:102E80002064657461696C73004346473A20454F7E
:102E90007468654D6F74696F6E436F6E74726F6C9A
:102EA0006C65722063616E6E6F7420626520636F63
:102EB0006E666967757265642E20766572696669EB
:102EC000636174696F6E206F6620656E636F646501
:102ED00072206661696C7320666F72206D63347056
:102EE0006C75736D6169732E20736565206F7468EE
:102EF0006572206D6573736167657320666F7220FC
:102F00006D6F72652064657461696C730043464738
:102F10003A20454F7468654D6F74696F6E436F6EEC
:102F200074726F6C6C65722063616E6E6F74206278
:102F30006520636F6E666967757265642E207665BD
:102F400072696669636174696F6E206F6620706F65
:102F50007320666F72206D6334706C7573706D636F
:102F6000206661696C732E20736565206F746865D7
:102F700072206D6573736167657320666F72206D73
:102F80006F72652064657461696C73004346473AEB
:102F900020454F7468654D6F74696F6E436F6E7432
:102FA000726F6C6C65722063616E6E6F7420626507
:102FB00020636F6E666967757265642E2076657230
:102FC000696669636174696F6E206F6620707363F0
:102FD0007320666F72206D6332706C7573707363EB
:102FE000206661696C732E20736565206F74686557
:102FF00072206D6573736167657320666F72206DF3
:103000006F72652064657461696C73004346473A6A
:1030100020454F7468654D6F74696F6E436F6E74B1
:10302000726F6C6C65722063616E6E6F7420626586
:1030300020636F6E666967757265642E20766572AF
:10304000696669636174696F6E206F6620656E637F
:103050006F646572206661696C732E2073656520EC
:103060006F74686572206D65737361676573206640
:103070006F72206D6F72652064657461696C730096
:103080004346473A20454F7468654D6F74696F6ECB
:10309000436F6E74726F6C6C65722063616E6E6FDD
:1030A0007420626520636F6E666967757265642E51
:1030B00020766572696669636174696F6E206F66F8
:1030C000206D616973206661696C732E207365657C
:1030D000206F74686572206D657373616765732016
:1030E000666F72206D6F72652064657461696C73C0
:1030F000004346473A20454F7468654D6F74696FC9
:103100006E436F6E74726F6C6C65722063616E6E6D
:103110006F7420626520636F6E666967757265649F
:103120002E20766572696669636174696F6E206FBF
:1031300066206D61697320666F72206D6334706CF8
:1031400075736D616973206661696C732E20736598
:1031500065206F74686572206D6573736167657350
:1031600020666F72206D6F72652064657461696C92
:1031700073004346473A20454F7468654D6F746944
:103180006F6E436F6E74726F6C6C65722063616EEC
:103190006E6F7420626520636F6E66696775726515
:1031A000642E20766572696669636174696F6E204A
:1031B0006F6620706F7320666F72206D6334706C61
:1031C000757366617073206661696C732E20736518
:1031D00065206F74686572206D65737361676573D0
:1031E00020666F72206D6F72652064657461696C12
:1031F00073004346473A20454F7468654D6F7469C4
:103200006F6E436F6E74726F6C6C65722063616E6B
:103210006E6F7420626520636F6E66696775726594
:10322000642E20766572696669636174696F6E20C9
:103230006F6620656E636F64657273206661696C8A
:10324000732E20736565206F74686572206D6573D9
:10325000736167657320666F72206D6F726520649D
:10326000657461696C73004346473A20454F746842
:10327000654D6F74696F6E436F6E74726F6C6C65C1
:10328000722063616E6E6F7420626520636F6E667C
:103290006967757265642E20766572696669636117
:1032A00074696F6E206F6620656E636F646572204F
:1032B0006661696C7320666F72206D6334706C7523
:1032C00073666170732E20736565206F7468657214
:1032D000206D6573736167657320666F72206D6F13
:1032E00072652064657461696C73004346473A20D7
:1032F000454F7468654D6F74696F6E436F6E74727D
:103300006F6C6C65722063616E6E6F7420626520F5
:10331000636F6E666967757265642E2063616E20E7
:10332000646973636F76657279206F66206D6334AC
:1033300020626F61726473206661696C732E207302
:1033400065652043414E646973636F7665727920C9
:103350006D6573736167657320666F72206D6F7240
:10336000652064657461696C73004346473A204583
:103370004F7468654D6F74696F6E436F6E74726FD2
:103380006C6C65722063616E6E6F74206265206381
:103390006F6E666967757265642E2043414E64697D
:1033A00073636F76657279206F662032666F632073
:1033B000626F61726473206661696C732E2073653D
:1033C000652043414E646973636F76657279206D41
:1033D0006573736167657320666F72206D6F7265C8
:1033E0002064657461696C7300496E20736F757237
:1033F0006365616464726573732074686520654FEA
:103400006D6E5F736572765F63617465676F727905
:103410005F742C20696E207061723634204C53200A
:103420003332206269747320746865206269742085
:103430006D61736B206F66206C6F737420626F61B7
:103440007264202843414E3120696E204D53203153
:1034500036206269747320616E642043414E3220CD
:10346000696E204C532031362062697473292C20F8
:10347000696E20696E207061723634204D5320339E
:103480003220626974732074686520746F74616C93
:1034900020646973617070656172656E6365207424
:1034A000696D6520696E206D7300496E20706172D0
:1034B00031362074686572652069732074686520F0
:1034C0006E756D626572206F66206C6F7374206913
:1034D00074656D730043616E20616464726573731B
:1034E00020696E2070617231362C2070726F7420EA
:1034F000616E64207665727320696E207061723629
:1035000034206C6F776572203332206269747300E7
:1035100063616E206164647265737320696E2070EC
:10352000617231362C2070726F7420616E64207667
:1035300065727320696E207061723634206C6F770B
:103540006572203332206269747300496E207061A5
:10355000723136206E756D206F66207061746368FD
:1035600065732C2063616E206D617070696E6720D9
:10357000696E207061723634207570706572203308
:103580003220626974732C2070726F7420616E64D3
:10359000207665727320696E207061723634206CFB
:1035A0006F776572203332206269747300496E2030
:1035B0007061723136207468657265206973207499
:1035C0006865206368616E6E656C20696E766F6CED
:1035D0007665642C20696E207061723634207468C0
:1035E0006572652061726520746865207361747509
:1035F000726174696F6E20636F756E747320666F8D
:103600007220746865206C61737420736563206F29
:103610006620626F746820747970657320286C6FFF
:103620007765723A204C53203332626974732C20D0
:103630007570706572204D53203332626974730067
:10364000455448206D6F6E69746F723A206A7573C5
:10365000742076657269666965642C206E6F206ED1
:1036600065777300496E2070617236342074686526
:10367000726520697320746865206578706563746D
:103680006564206E756D6265722E205468652072C7
:1036900065636569766564206973206F627461692A
:1036A0006E656420627920616464696E6720706170
:1036B00072363420776974682070617231362074F4
:1036C000726561746564206173206120696E743174
:1036D000365F7400496E20706172313620746865FF
:1036E0007265206973207468652070617273696EF9
:1036F00067206572726F72207479706520657870CA
:1037000072657373656420696E20654F70617273B2
:103710006572526573756C745F7400496E20736FC7
:103720007572636561646472657373207468652083
:10373000654F6D6E5F736572765F63617465676F09
:1037400072795F7400496E20736F7572636561648E
:1037500064726573732074686520654F6D6E5F7366
:103760006572765F63617465676F72795F742C2030
:10377000696E207061723634204C532033322062DF
:103780006974732074686520626974206D61736B5D
:10379000206F66206C6F737420626F6172642028E2
:1037A00043414E3120696E204D53203136206269ED
:1037B000747320616E642043414E3220696E204C48
:1037C000532031362062697473292C20696E206978
:1037D0006E207061723634204D532033322062697E
:1037E0007473207468652074696D6520696E206D3E
:1037F000732073696E6365206C61737420636F6EF0
:1038000074616374004346473A20746865424154CA
:1038100073657276696365206973206E6F742076B4
:103820006572696669656420796574004346473A44
:1038300020746865465473657276696365206973A0
:10384000206E6F742076657269666965642079659B
:103850007400496E2070617231363A20746172676B
:10386000657420626F617264207479706520696E7E
:103870002030786666303020616E64206E756D622F
:103880006572206F6620696E76616C696420696E6E
:10389000203078303030662E20496E2070617236CC
:1038A000343A2065616368206E6962626C652063EA
:1038B0006F6E7461696E7320307830206966206F96
:1038C0006B2C206D61736B20307831206966207716
:1038D000726F6E6720747970652C206D61736B2038
:1038E0003078322069662077726F6E672066772C99
:1038F000206D61736B203078342069662077726F99
:103900006E672070726F740041533A2063616E6E6F
:103910006F742073746F72652072782063616E20FB
:103920006672616D6573206F662074656D70657277
:10393000617475726520646174612C20746875739C
:1039400020736F6D652072656164696E677320779F
:10395000696C6C206265206C6F73740049533A2067
:1039600063616E6E6F742073746F7265207278205D
:1039700063616E206672616D6573206F6620696E8B
:1039800065727469616C20646174612C207468755F
:103990007320736F6D6520696E65727469616C2048
:1039A00072656164696E67732077696C6C2062650B
:1039B000206C6F737400534B3A2063616E6E6F74AA
:1039C000207075742072782063616E206672616D5C
:1039D000657320696E746F2061727261796F6663BE
:1039E000616E646174612C207468757320736F6DEF
:1039F0006520736B696E2072656164696E67732000
:103A000077696C6C206265206C6F73740048573A5C
:103A1000207365636F6E64206572726F72206D65CE
:103A20007373616765206F662063617465676F7289
:103A3000792068770048573A206669727374206568
:103A400072726F72206D657373616765206F662097
:103A500063617465676F7279206877004346473AFF
:103A600020454F7468654D6F74696F6E436F6E7457
:103A7000726F6C6C65722063616E20636F72726529
:103A800063746C7920636F6E666967757265206D0B
:103A900063342D6261736564206D6F74696F6E2E7F
:103AA000206D6F726520696E666F2077696C6C207F
:103AB000666F6C6C6F77004346473A20454F7468D9
:103AC000654D6F74696F6E436F6E74726F6C6C6569
:103AD000722063616E20636F72726563746C79200B
:103AE000636F6E666967757265206D6334706C759F
:103AF00073706D632D6261736564206D6F74696F9F
:103B00006E2E206D6F726520696E666F2077696C0E
:103B10006C20666F6C6C6F77004346473A20454FC8
:103B20007468654D6F74696F6E436F6E74726F6CFD
:103B30006C65722063616E20636F72726563746C72
:103B40007920636F6E6669677572652032666F6390
:103B50002D6261736564206D6F74696F6E2E206DC8
:103B60006F726520696E666F2077696C6C20666F76
:103B70006C6C6F77004346473A20454F7468654D3B
:103B80006F74696F6E436F6E74726F6C6C657220C8
:103B900063616E20636F72726563746C7920636F0A
:103BA0006E666967757265206D6332706C757370CF
:103BB00073632D6261736564206D6F74696F6E2E1F
:103BC000206D6F726520696E666F2077696C6C205E
:103BD000666F6C6C6F77004346473A20454F7468B8
:103BE000654D6F74696F6E436F6E74726F6C6C6548
:103BF000722063616E20636F72726563746C7920EA
:103C0000636F6E666967757265206D6334706C757D
:103C1000736D6169732D6261736564206D6F746982
:103C20006F6E2E206D6F726520696E666F207769EA
:103C30006C6C20666F6C6C6F77004346473A20458A
:103C40004F7468654D6F74696F6E436F6E74726FF9
:103C50006C6C65722063616E20636F727265637451
:103C60006C7920636F6E666967757265206D633469
:103C7000706C7573666170732D6261736564206D1D
:103C80006F74696F6E2E206D6F726520696E666F3E
:103C90002077696C6C20666F6C6C6F7700434647C9
:103CA0003A20454F7468654D6F74696F6E436F6E4F
:103CB00074726F6C6C65722063616E20636F7272D8
:103CC0006563746C7920636F6E66696775726520D1
:103CD0006D6334706C75732D6261736564206D6FF4
:103CE00074696F6E2E206D6F726520696E666F202D
:103CF00077696C6C20666F6C6C6F77005359533A20
:103D000020612066756E6374696F6E20697320751B
:103D100073656420696E207468652077726F6E67C2
:103D200020776179005359533A2061206D7574658D
:103D300078206861732074696D6564206F757420E4
:103D4000756E65787065637465646C790043464789
:103D50003A207468654241547365727669636520E0
:103D60006661696C65642043414E20646973636FCA
:103D700076657279004346473A2074686546547305
:103D8000657276696365206661696C65642043418C
:103D90004E20646973636F76657279004346473AD3
:103DA0002043414E646973636F766572790053599D
:103DB000533A2074686520454F7468654D656D6F92
:103DC0007279506F6F6C2063616E6E6F74206769DB
:103DD000766520616E79206D6F7265206D656D6FFF
:103DE0007279005B25735D202825732074736B2521
:103DF0006420402573292D3E207B307825782C20A7
:103E0000703136203078253034782C2070363420CC
:103E10003078253031366C6C782C2064657620251E
:103E2000642C206164722025647D3A2025732E0065
:103E30003A6D005B25735D202825732074736B2514
:103E40006420402573292D3E207B30782578207012
:103E50003136203078253034782C207036342030BC
:103E600078253031366C6C782C206465762025649A
:103E70002C206164722025647D3A2025732E204910
:103E80004E464F203D202573003A75006F75745FD4
:103E90006F665F72616E6765207761732074687208
:103EA0006F776E20696E202D666E6F2D6578636565
:103EB0007074696F6E73206D6F64652077697468C4
:103EC000206D65737361676520222573220062612E
:103ED0007369635F737472696E67005F5F637861B3
:103EE0005F67756172645F61637175697265206493
:103EF0006574656374656420726563757273697651
:103F00006520696E697469616C697A6174696F6E44
:103F10003A20646F20796F75206861766520612092
:103F200066756E6374696F6E2D6C6F63616C207360
:103F30007461746963207661726961626C6520776F
:103F4000686F736520696E697469616C697A617400
:103F5000696F6E20646570656E6473206F6E207487
:103F60006861742066756E6374696F6E3F0000004F
:103F70004F53414C3A3A74736B696E69743A2068D6
:103F800061732066696E6973686564207573657214
:103F90002D646566696E65642066756E6374696F0D
:103FA0006E0000004F53414C3A3A74736B696E696E
:103FB000743A2061626F757420746F20696E697441
:103FC00020454F4D74686554696D65724D616E6131
:103FD000676572202B20454F4D74686543616C6C9A
:103FE0006261636B4D616E61676572005F496E6906
:103FF0007469616C6973652829206861732066693A
:104000006E697368656420656F6D5F656D7361705F
:10401000706C5F6869645F757365726465665F691B
:104020006E697469616C6973652829005F496E69FE
:104030007469616C69736528292063616C6C7320F5
:10404000656F6D5F656D736170706C5F6869645FEB
:10405000757365726465665F696E697469616C69C0
:1040600073652829000000005F496E697469616CFE
:10407000697365282920686173207374617274659F
:104080006420697473207374617465206D61636862
:10409000696E6520772F204346472C2052554E2CC1
:1040A00020455252207374617465732E204E6F77D1
:1040B00020697420717569747300000043414C4994
:1040C0004252415445442121210000004A6F696E4B
:1040D000745365745F646F5F776169745F63616C6B
:1040E0006962726174696F6E5F6D697865643A20A8
:1040F00063616C696220636F6D706C657465642EBA
:10410000000000006572726F7220696E204A6F694C
:104110006E745F7365745F706F735F7265665F69FD
:104120006E5F63616C6962547970653600000000EF
:1041300043616C696220436F6D706C6574656400E7
:104140004572726F722120504F53207365727669E9
:104150006365204E4F5420616374697665000000EA
:1041600063616C6962363A204572726F7221204633
:104170006F756E64206E656974686572204D414983
:1041800053206E6F7420504F5320736572766963AD
:10419000652061637469766500000000000000001E
:1041A000000000000043070800020010F81E000095
:1041B00080020208004307080000002000FC010004
:1041C000DC020208B8440708F820001090640000E0
:1041D000DC0202081C00000043000000F8FFFFFFA3
:1041E0000C0000000E0000000F0000002E00000078
:1041F0001001000043000000F8FFFFFF00404040B6
:1042000040404040404041414141414040404040A9
:104210004040404040404040404040404005020255
:104220000202020202020202020202020220202014
:104230002020202020202002020202020202909070
:10424000909090901010101010101010101010106E
:1042500010101010101010100202020202028888C2
:1042600088888888080808080808080808080808CE
:1042700008080808080808080202020240000000B6
:10428000000000000000000000000000000000002E
:10429000000000000000000000000000000000001E
:1042A000000000000000000000000000000000000E
:1042B00000000000000000000000000000000000FE
:1042C00000000000000000000000000000000000EE
:1042D00000000000000000000000000000000000DE
:1042E00000000000000000000000000000000000CE
:1042F00000000000000000000000000000000000BE
:10430000016A0A100112091013012230097A030A06
:1043100014A6060806690809184702854029A0095D
:1043200032EB096BA42C02030404051D06070809DF
:10433000031924F41E0CA906081804792B190C5A29
:1043400030101A3C089A481C415AFF0401520924B3
:104350005613C4481410044982101A48101A7C04D9
:104360001ABC041A78041AC0041A44041AB0041AB5
:10437000AC041A34041A30041AB404120F490209A6
:10438000387E01FF014F02FF0101FF01FF01FF0124
:10439000570A8AFF8C97010203040506DA01081107
:1043A0000A8AFFAE011479AA89D40917ED0925CC30
:1043B000292709192B0A1AFF1D91CB803F040926D2
:1043C0001C0924EE3CA0860104018C02FFFF01744D
:1043D000023D0112FA1E456803080101F23002177E
:1043E00038120A031C01FE0A317F930922342A0382
:1043F0002312038C0439302B0912380A17FFB80135
:10440000FF014B02FFFF017402450102BFFF1AFFCB
:10441000C10968C409686A01FFB10223011AFF01DA
:1044200009264D0A1A324801FF0174022B011AFFB6
:104430000101180A1A643801FF0174022B011AFFE6
:104440000101180A1A643801FF017402630102FFB6
:10445000FF01740223011AFF01012409232501FF32
:104460000150026F0172FF36545241434545494E97
:10447000464F36444542554710085741524E494E23
:1044800047364552524F520E25464154414CA809D9
:1044900016246974811EA5870508B1041AAD0401AC
:1044A0003C29701E2956050839041A31041A4104A2
:0844B0000148000000000000BB
:020000042001D9
:10FFC0000000000000000000000000000000000031
:10FFD0000000000000000000000000000000000021
:08FFE000000000000000000019
:040000050802018963
:00000001FF
